id,created,superceded_id,valid,valid_id,status_dendrite,status_axon,strategy_dendrite,strategy_axon,pt_supervoxel_id,pt_root_id,pt_position,soma_x_um,soma_y_um,soma_z_um
4584,2025-11-17 21:56:20.328504+00:00,,True,864691135686494647,True,True,dendrite_extended,axon_fully_extended,105489482232831453,864691135686494647,[296464 111200  16770],1185.856,444.8,670.8
9,2024-06-03 19:45:52.508002+00:00,,True,864691136812081779,True,True,dendrite_extended,axon_interareal,110486693995521385,864691136812081779,[332369 118815  17518],1329.476,475.26,700.72
14,2024-06-03 19:45:52.512832+00:00,,True,864691136195284556,True,True,dendrite_extended,axon_fully_extended,88615277952475942,864691136195284556,[173184 217472  21929],692.736,869.888,877.16
18,2024-06-03 19:45:52.516196+00:00,,True,864691135479404742,True,True,dendrite_extended,axon_interareal,89177746601127042,864691135479404742,[177437 213778  19873],709.748,855.112,794.92
19,2024-06-03 19:45:52.516972+00:00,,True,864691135975539779,True,True,dendrite_extended,axon_interareal,110486900288339126,864691135975539779,[332563 120074  18680],1330.252,480.296,747.2
20,2024-06-03 19:45:52.517750+00:00,,True,864691136210344892,True,True,dendrite_extended,axon_interareal,110426014899191850,864691136210344892,[332044 190880  19309],1328.176,763.52,772.36
23,2024-06-03 19:45:52.520103+00:00,,True,864691135975633475,True,True,dendrite_extended,axon_interareal,109087016364643885,864691135975633475,[322183 176189  22803],1288.732,704.756,912.12
27,2024-06-03 19:45:52.523007+00:00,,True,864691135497743635,True,True,dendrite_extended,axon_interareal,110489099445730084,864691135497743635,[332593 136702  19643],1330.372,546.808,785.72
28,2024-06-03 19:45:52.523765+00:00,,True,864691136108938168,True,True,dendrite_extended,axon_interareal,109502700076506995,864691136108938168,[325539 127325  19524],1302.156,509.3,780.96
30,2024-06-03 19:45:52.525188+00:00,,True,864691136023889209,True,True,dendrite_extended,axon_interareal,87904100087286054,864691136023889209,[168181 161960  21511],672.724,647.84,860.44
31,2024-06-03 19:45:52.525918+00:00,,True,864691135212863360,True,True,dendrite_extended,axon_fully_extended,101561340644099748,864691135212863360,[267551 204473  25114],1070.204,817.892,1004.56
32,2024-06-03 19:45:52.526650+00:00,,True,864691136309871706,True,True,dendrite_extended,axon_interareal,107459738685598932,864691136309871706,[310460 110729  19085],1241.84,442.916,763.4
34,2024-06-03 19:45:52.528237+00:00,,True,864691136903144370,True,True,dendrite_extended,axon_interareal,85731327336693119,864691136903144370,[152409 226078  19308],609.636,904.312,772.32
35,2024-06-03 19:45:52.528938+00:00,,True,864691135572530981,True,True,dendrite_extended,axon_interareal,111692652428579758,864691135572530981,[341269 190981  20318],1365.076,763.924,812.72
36,2024-06-03 19:45:52.529630+00:00,,True,864691135857099310,True,True,dendrite_extended,axon_partially_extended,103034411347552977,864691135857099310,[278320 169248  25240],1113.28,676.992,1009.6
37,2024-06-03 19:45:52.530332+00:00,,True,864691135915343462,True,True,dendrite_extended,axon_interareal,110491848291722972,864691135915343462,[332533 156951  19993],1330.132,627.804,799.72
38,2024-06-03 19:45:52.531015+00:00,,True,864691135816565839,True,True,dendrite_extended,axon_interareal,89026289679485900,864691135816565839,[176651 134176  25806],706.604,536.704,1032.24
2311,2024-11-16 22:13:19.675852+00:00,,True,864691135384285931,True,True,dendrite_extended,axon_partially_extended,93390937853655061,864691135384285931,[208064 147280  20552],832.256,589.12,822.08
40,2024-06-03 19:45:52.532397+00:00,,True,864691135700409211,True,True,dendrite_extended,axon_interareal,108380717784334769,864691135700409211,[317058 156414  24562],1268.232,625.656,982.48
42,2024-06-03 19:45:52.533760+00:00,,True,864691135749141801,True,True,dendrite_extended,axon_interareal,105420763628551975,864691135749141801,[295774 123171  23440],1183.096,492.684,937.6
43,2024-06-03 19:45:52.534440+00:00,,True,864691136990522517,True,True,dendrite_extended,axon_interareal,93177907207497424,864691136990522517,[206577 133261  18640],826.308,533.044,745.6
47,2024-06-03 19:45:52.537810+00:00,,True,864691136137834877,True,True,dendrite_extended,axon_interareal,106053051533554699,864691136137834877,[300576 115616  23080],1202.304,462.464,923.2
49,2024-06-03 19:45:52.539183+00:00,,True,864691135772053835,True,True,dendrite_extended,axon_interareal,106543777116022032,864691135772053835,[304080 101984  21853],1216.32,407.936,874.12
50,2024-06-03 19:45:52.539855+00:00,,True,864691135701624699,True,True,dendrite_extended,axon_interareal,109853375499143509,864691135701624699,[328203 118745  18982],1312.812,474.98,759.28
53,2024-06-03 19:45:52.541935+00:00,,True,864691136391623039,True,True,dendrite_extended,axon_interareal,104864067013098853,864691136391623039,[291803 169742  22256],1167.212,678.968,890.24
54,2024-06-03 19:45:52.542605+00:00,,True,864691135593659947,True,True,dendrite_extended,axon_interareal,108873092969256720,864691135593659947,[320911 155330  25498],1283.644,621.32,1019.92
57,2024-06-03 19:45:52.544898+00:00,,True,864691135361314119,True,True,dendrite_extended,axon_fully_extended,89728464688927877,864691135361314119,[181440 122864  21327],725.76,491.456,853.08
58,2024-06-03 19:45:52.545538+00:00,,True,864691135361291591,True,True,dendrite_extended,axon_fully_extended,95085354260331953,864691135361291591,[220387 188733  22882],881.548,754.932,915.28
59,2024-06-03 19:45:52.546198+00:00,,True,864691136023980601,True,True,dendrite_extended,axon_interareal,105004461172496411,864691136023980601,[292612 167390  24276],1170.448,669.56,971.04
4585,2025-11-17 21:56:20.329472+00:00,,True,864691135496333968,True,True,dendrite_extended,axon_fully_extended,109643094303080852,864691135496333968,[326688 124864  22127],1306.752,499.456,885.08
61,2024-06-03 19:45:52.547503+00:00,,True,864691135753932237,True,True,dendrite_extended,axon_interareal,85369450370657325,864691135753932237,[149711 151738  17565],598.844,606.952,702.6
3503,2025-03-28 16:04:45.857900+00:00,,True,864691136118294692,False,True,none,axon_fully_extended,99384100120433887,864691136118294692,[251881 235632  14856],1007.524,942.528,594.24
4586,2025-11-17 21:56:20.330307+00:00,,True,864691135387690069,True,True,dendrite_extended,axon_fully_extended,111965193537510390,864691135387690069,[343568 124400  17524],1374.272,497.6,700.96
65,2024-06-03 19:45:52.550178+00:00,,True,864691135848030814,True,True,dendrite_extended,axon_interareal,109362375039472981,864691135848030814,[324313 130732  20736],1297.252,522.928,829.44
4587,2025-11-17 21:56:20.331093+00:00,,True,864691135566945559,True,True,dendrite_extended,axon_fully_extended,83395895651246035,864691135566945559,[135440 127280  17112],541.76,509.12,684.48
4048,2025-07-23 02:32:47.966052+00:00,,True,864691135360617560,False,True,none,axon_partially_extended,82195229691729392,864691135360617560,[126904  94411  22614],507.616,377.644,904.56
2313,2024-11-16 22:13:19.677307+00:00,,True,864691135619317391,True,True,dendrite_extended,axon_partially_extended,94305593820952924,864691135619317391,[214608 146208  18844],858.432,584.832,753.76
72,2024-06-03 19:45:52.554963+00:00,,True,864691134884807418,True,True,dendrite_extended,axon_interareal,105913344770753749,864691134884807418,[299067 123129  22993],1196.268,492.516,919.72
75,2024-06-03 19:45:52.556953+00:00,,True,864691135440543560,True,True,dendrite_extended,axon_interareal,104718725923906897,864691135440543560,[290540 135491  26952],1162.16,541.964,1078.08
76,2024-06-03 19:45:52.557619+00:00,,True,864691136066631832,True,True,dendrite_extended,axon_interareal,109574374424118828,864691136066631832,[325771 137145  19374],1303.084,548.58,774.96
2315,2024-11-16 22:13:19.678812+00:00,,True,864691136107283417,True,True,dendrite_extended,axon_partially_extended,95432593641887264,864691136107283417,[223232 154688  21762],892.928,618.752,870.48
79,2024-06-03 19:45:52.559772+00:00,,True,864691135233242713,True,True,dendrite_extended,axon_interareal,105848748730577131,864691135233242713,[298779 166548  24632],1195.116,666.192,985.28
80,2024-06-03 19:45:52.560444+00:00,,True,864691135807579933,True,True,dendrite_extended,axon_interareal,106478974649547656,864691135807579933,[303559 143174  21984],1214.236,572.696,879.36
2316,2024-11-16 22:13:19.679514+00:00,,True,864691135479833030,True,True,dendrite_extended,axon_partially_extended,93812943892323351,864691135479833030,[211120 145808  18916],844.48,583.232,756.64
2317,2024-11-16 22:13:19.680199+00:00,,True,864691135503443549,True,True,dendrite_extended,axon_partially_extended,96559042834747623,864691135503443549,[231408 158896  18127],925.632,635.584,725.08
88,2024-06-03 19:45:52.565862+00:00,,True,864691136925601354,True,True,dendrite_extended,axon_interareal,109363542599532907,864691136925601354,[324620 139328  15625],1298.48,557.312,625.0
90,2024-06-03 19:45:52.567308+00:00,,True,864691135517531786,True,True,dendrite_extended,axon_interareal,111895099872460071,864691135517531786,[343040 126243  18986],1372.16,504.972,759.44
92,2024-06-03 19:45:52.568627+00:00,,True,864691135655390658,True,True,dendrite_extended,axon_fully_extended,90218434691891001,864691135655390658,[184960 103440  22028],739.84,413.76,881.12
93,2024-06-03 19:45:52.569304+00:00,,True,864691135118918109,True,True,dendrite_extended,axon_fully_extended,80731847898064242,864691135118918109,[115813 201464  18766],463.252,805.856,750.64
94,2024-06-03 19:45:52.569984+00:00,,True,864691135738047620,True,True,dendrite_extended,axon_fully_extended,92976078440074681,864691135738047620,[204976 202048  21408],819.904,808.192,856.32
99,2024-06-03 19:45:52.573355+00:00,,True,864691135782544435,True,True,dendrite_extended,axon_partially_extended,108806365283182212,864691135782544435,[320131 182362  16931],1280.524,729.448,677.24
100,2024-06-03 19:45:52.574747+00:00,,True,864691136089194039,True,True,dendrite_extended,axon_interareal,107892602468379661,864691136089194039,[313537 189832  17683],1254.148,759.328,707.32
101,2024-06-03 19:45:52.575436+00:00,,True,864691135724393131,True,True,dendrite_extended,axon_interareal,113168059459905031,864691135724393131,[352096 173728  19310],1408.384,694.912,772.4
107,2024-06-03 19:45:52.579433+00:00,,True,864691136238652476,True,True,dendrite_extended,axon_fully_extended,88825765575333831,864691136238652476,[175136 212800  20750],700.544,851.2,830.0
111,2024-06-03 19:45:52.582070+00:00,,True,864691135272206865,True,True,dendrite_extended,axon_interareal,104224701203002036,864691135272206865,[287036 125025  23889],1148.144,500.1,955.56
112,2024-06-03 19:45:52.582857+00:00,,True,864691135919645872,True,True,dendrite_extended,axon_interareal,111195948050739064,864691135919645872,[337633 160391  20312],1350.532,641.564,812.48
113,2024-06-03 19:45:52.583514+00:00,,True,864691135492613471,True,True,dendrite_extended,axon_fully_extended,89094596168323539,864691135492613471,[176992 118496  20713],707.968,473.984,828.52
115,2024-06-03 19:45:52.584839+00:00,,True,864691136974813212,True,True,dendrite_extended,axon_fully_extended,90651917084211802,864691136974813212,[188352 187088  21652],753.408,748.352,866.08
4588,2025-11-17 21:56:20.332001+00:00,,True,864691135137137433,True,True,dendrite_extended,axon_fully_extended,101344530091002886,864691135137137433,[266032 161840  20489],1064.128,647.36,819.56
118,2024-06-03 19:45:52.586829+00:00,,True,864691135462420637,True,True,dendrite_extended,axon_interareal,109507166708685677,864691135462420637,[325231 160860  18829],1300.924,643.44,753.16
121,2024-06-03 19:45:52.588786+00:00,,True,864691136066069400,True,True,dendrite_clean,axon_interareal,105911901325998145,864691136066069400,[299485 112395  20242],1197.94,449.58,809.68
124,2024-06-03 19:45:52.590877+00:00,,True,864691136991202453,True,True,dendrite_extended,axon_fully_extended,89810172012765492,864691136991202453,[181952 207456  20474],727.808,829.824,818.96
127,2024-06-03 19:45:52.592844+00:00,,True,864691135469422674,True,True,dendrite_extended,axon_interareal,92968244151133945,864691135469422674,[204851 143787  19186],819.404,575.148,767.44
128,2024-06-03 19:45:52.593492+00:00,,True,864691135782702387,True,True,dendrite_clean,axon_interareal,91277882932418368,864691135782702387,[192560 132784  23009],770.24,531.136,920.36
129,2024-06-03 19:45:52.594154+00:00,,True,864691135382556378,True,True,dendrite_extended,axon_interareal,109792627683441316,864691135382556378,[327494 190214  20892],1309.976,760.856,835.68
134,2024-06-03 19:45:52.597478+00:00,,True,864691135446065810,True,True,dendrite_clean,axon_fully_extended,105429971299882023,864691135446065810,[295824 191984  17489],1183.296,767.936,699.56
135,2024-06-03 19:45:52.598275+00:00,,True,864691135360096071,True,True,dendrite_clean,axon_interareal,90722079133365436,864691135360096071,[188944 186048  17813],755.776,744.192,712.52
137,2024-06-03 19:45:52.599612+00:00,,True,864691135577202181,True,True,dendrite_extended,axon_fully_extended,85514448533910582,864691135577202181,[150880 183088  18273],603.52,732.352,730.92
138,2024-06-03 19:45:52.600296+00:00,,True,864691136227484753,True,True,dendrite_clean,axon_interareal,108377693657218447,864691136227484753,[317136 134160  20651],1268.544,536.64,826.04
142,2024-06-03 19:45:52.603011+00:00,,True,864691135518791818,True,True,dendrite_extended,axon_partially_extended,91785926291921300,864691135518791818,[196288 247568  24687],785.152,990.272,987.48
145,2024-06-03 19:45:52.605058+00:00,,True,864691136137140093,True,True,dendrite_clean,axon_fully_extended,104517309070464921,864691136137140093,[288976 208016  26425],1155.904,832.064,1057.0
152,2024-06-03 19:45:52.610004+00:00,,True,864691135257404079,True,True,dendrite_clean,axon_interareal,109783419407740073,864691135257404079,[327232 121712  21861],1308.928,486.848,874.44
155,2024-06-03 19:45:52.612081+00:00,,True,864691136451224831,True,True,dendrite_clean,axon_interareal,111121112138066845,864691136451224831,[337248 126832  17387],1348.992,507.328,695.48
158,2024-06-03 19:45:52.614285+00:00,,True,864691135809608652,True,True,dendrite_extended,axon_interareal,107890542024761410,864691135809608652,[313386 174566  26220],1253.544,698.264,1048.8
165,2024-06-03 19:45:52.619120+00:00,,True,864691135273655569,True,True,dendrite_extended,axon_fully_extended,106554909067292402,864691135273655569,[304160 185008  17299],1216.64,740.032,691.96
167,2024-06-03 19:45:52.620514+00:00,,True,864691134886037498,True,True,dendrite_clean,axon_fully_extended,106414927627242268,864691134886037498,[302896 190304  18178],1211.584,761.216,727.12
172,2024-06-03 19:45:52.624259+00:00,,True,864691135492614239,True,True,dendrite_extended,axon_fully_extended,85304373764574894,864691135492614239,[149480 190770  23351],597.92,763.08,934.04
175,2024-06-03 19:45:52.626341+00:00,,True,864691135099901728,True,True,dendrite_extended,axon_interareal,106278657642871284,864691135099901728,[301816 223456  23649],1207.264,893.824,945.96
176,2024-06-03 19:45:52.627037+00:00,,True,864691135545730856,True,True,dendrite_extended,axon_partially_extended,90297805553356549,864691135545730856,[185584 170240  21046],742.336,680.96,841.84
3183,2025-02-17 20:13:30.471569+00:00,,True,864691135809375005,True,True,dendrite_extended,axon_partially_extended,91645188669527062,864691135809375005,[195344 247968  23819],781.376,991.872,952.76
178,2024-06-03 19:45:52.628450+00:00,,True,864691135888577417,True,True,dendrite_extended,axon_interareal,109443670583292717,864691135888577417,[324817 212116  23986],1299.268,848.464,959.44
180,2024-06-03 19:45:52.629864+00:00,,True,864691136966189518,True,True,dendrite_clean,axon_fully_extended,101701527705901027,864691136966189518,[268400 200384  20293],1073.6,801.536,811.72
185,2024-06-03 19:45:52.633471+00:00,,True,864691135495542672,True,True,dendrite_extended,axon_partially_extended,89606006917044156,864691135495542672,[180288 258960  23956],721.152,1035.84,958.24
187,2024-06-03 19:45:52.634880+00:00,,True,864691135059143323,True,True,dendrite_extended,axon_interareal,105567548497849354,864691135059143323,[296712 168512  23849],1186.848,674.048,953.96
189,2024-06-03 19:45:52.636244+00:00,,True,864691135463695429,True,True,dendrite_clean,axon_interareal,108728644025004627,864691135463695429,[319813 127541  20742],1279.252,510.164,829.68
190,2024-06-03 19:45:52.636939+00:00,,True,864691135118298333,True,True,dendrite_clean,axon_fully_extended,97478990603962239,864691135118298333,[238080 196896  19088],952.32,787.584,763.52
195,2024-06-03 19:45:52.640558+00:00,,True,864691135518453642,True,True,dendrite_clean,axon_interareal,112246600264389221,864691135518453642,[345600 123708  21017],1382.4,494.832,840.68
196,2024-06-03 19:45:52.641255+00:00,,True,864691136912172017,True,True,dendrite_extended,axon_partially_extended,91987273352108825,864691136912172017,[198007 174819  16975],792.028,699.276,679.0
229,2024-06-03 19:45:52.664430+00:00,,True,864691135114295961,True,True,dendrite_extended,axon_fully_extended,98043796654473840,864691135114295961,[241892 210815  24315],967.568,843.26,972.6
232,2024-06-03 19:45:52.666494+00:00,,True,864691135501703746,True,True,dendrite_clean,axon_interareal,111541881694961422,864691135501703746,[340046 115924  18486],1360.184,463.696,739.44
4590,2025-11-17 21:56:20.333512+00:00,,True,864691136120663064,True,True,dendrite_extended,axon_fully_extended,96552445698057930,864691136120663064,[231280 109616  17796],925.12,438.464,711.84
234,2024-06-03 19:45:52.667885+00:00,,True,864691135404765166,True,True,dendrite_extended,axon_fully_extended,88403072342632329,864691135404765166,[171888 209344  22995],687.552,837.376,919.8
236,2024-06-03 19:45:52.669727+00:00,,True,864691135385422677,True,True,dendrite_extended,axon_interareal,105707049102838100,864691135385422677,[297818 159084  24458],1191.272,636.336,978.32
249,2024-06-03 19:45:52.678676+00:00,,True,864691135341198789,True,True,dendrite_clean,axon_interareal,112740143144090893,864691135341198789,[349040 130816  18299],1396.16,523.264,731.96
257,2024-06-03 19:45:52.683997+00:00,,True,864691135697613077,True,True,dendrite_extended,axon_interareal,109792971414921656,864691135697613077,[327229 192831  21771],1308.916,771.324,870.84
260,2024-06-03 19:45:52.686079+00:00,,True,864691135367033849,True,True,dendrite_extended,axon_interareal,105990036243235261,864691135367033849,[299964 170610  26714],1199.856,682.44,1068.56
269,2024-06-03 19:45:52.691982+00:00,,True,864691135162908461,True,True,dendrite_extended,axon_interareal,107606798835887611,864691135162908461,[311546 157458  22902],1246.184,629.832,916.08
286,2024-06-03 19:45:52.703671+00:00,,True,864691136974876956,True,True,dendrite_extended,axon_fully_extended,110706459687342783,864691136974876956,[333888 183296  23598],1335.552,733.184,943.92
3185,2025-02-17 20:13:30.473231+00:00,,True,864691135731966649,True,True,dendrite_extended,axon_partially_extended,88897783855359821,864691135731966649,[175344 225456  22738],701.376,901.824,909.52
2325,2024-11-16 22:13:19.685700+00:00,,True,864691135611140359,True,True,dendrite_extended,axon_partially_extended,90227093547385462,864691135611140359,[185264 168032  23618],741.056,672.128,944.72
4591,2025-11-17 21:56:20.334272+00:00,,True,864691135493079783,True,True,dendrite_extended,axon_fully_extended,113794093892748035,864691135493079783,[356656 119248  19118],1426.624,476.992,764.72
313,2024-06-03 19:45:52.722286+00:00,,True,864691135113733529,True,True,dendrite_extended,axon_interareal,102610961730745211,864691135113733529,[275364 160058  23827],1101.456,640.232,953.08
314,2024-06-03 19:45:52.722975+00:00,,True,864691135117980637,True,True,dendrite_extended,axon_partially_extended,104933130556860850,864691135117980637,[292172 160290  25727],1168.688,641.16,1029.08
339,2024-06-03 19:45:52.739948+00:00,,True,864691135360017752,True,True,dendrite_clean,axon_interareal,106616000950414313,864691135360017752,[304352 115808  19194],1217.408,463.232,767.76
3186,2025-02-17 20:13:30.473920+00:00,,True,864691135809384221,True,True,dendrite_extended,axon_partially_extended,89393801172850284,864691135809384221,[179072 250880  23983],716.288,1003.52,959.32
4592,2025-11-17 21:56:20.335026+00:00,,True,864691136438426526,True,True,dendrite_extended,axon_fully_extended,105137294914280567,864691136438426526,[293920 108672  16508],1175.68,434.688,660.32
4593,2025-11-17 21:56:20.335734+00:00,,True,864691135787537348,True,True,dendrite_extended,axon_fully_extended,95994925053188347,864691135787537348,[227024 149712  21470],908.096,598.848,858.8
2330,2024-11-16 22:13:19.689085+00:00,,True,864691136953413599,True,True,dendrite_extended,axon_partially_extended,97682950480694735,864691136953413599,[239328 143712  22684],957.312,574.848,907.36
2331,2024-11-16 22:13:19.689761+00:00,,True,864691135375484489,True,True,dendrite_extended,axon_partially_extended,97261768338268690,864691135375484489,[236112 151536  19328],944.448,606.144,773.12
359,2024-06-03 19:45:52.753619+00:00,,True,864691136378815445,True,True,dendrite_extended,axon_interareal,93180931132713432,864691136378815445,[206811 155433  20512],827.244,621.732,820.48
361,2024-06-03 19:45:52.754958+00:00,,True,864691135700648226,True,True,dendrite_clean,axon_interareal,111822944757395583,864691135700648226,[342078 112989  21517],1368.312,451.956,860.68
365,2024-06-03 19:45:52.757716+00:00,,True,864691135937286404,True,True,dendrite_extended,axon_interareal,109434461636578380,864691135937286404,[324982 143132  19938],1299.928,572.528,797.52
375,2024-06-03 19:45:52.764726+00:00,,True,864691135428676144,True,True,dendrite_clean,axon_interareal,111187907536493639,864691135428676144,[337776 100192  17847],1351.104,400.768,713.88
393,2024-06-03 19:45:52.776403+00:00,,True,864691136578820884,True,True,dendrite_extended,axon_fully_extended,104304209100407554,864691136578820884,[287632 192944  19549],1150.528,771.776,781.96
2332,2024-11-16 22:13:19.690434+00:00,,True,864691135455701354,True,True,dendrite_extended,axon_partially_extended,99374548583023815,864691135455701354,[251824 164048  18471],1007.296,656.192,738.84
405,2024-06-03 19:45:52.784405+00:00,,True,864691136134678667,True,True,dendrite_extended,axon_interareal,87912758674392495,864691136134678667,[168410 226141  21120],673.64,904.564,844.8
3187,2025-02-17 20:13:30.474585+00:00,,True,864691135492276839,True,True,dendrite_extended,axon_partially_extended,92208138622802677,864691135492276839,[199344 247712  23678],797.376,990.848,947.12
3188,2025-02-17 20:13:30.475265+00:00,,True,864691135271590309,True,True,dendrite_extended,axon_partially_extended,89953933493474598,864691135271590309,[182896 229904  22890],731.584,919.616,915.6
409,2024-06-03 19:45:52.787221+00:00,,True,864691136012173475,True,True,dendrite_extended,axon_partially_extended,88537693730046034,864691136012173475,[172752 163920  22153],691.008,655.68,886.12
415,2024-06-03 19:45:52.791135+00:00,,True,864691135416233914,True,True,dendrite_clean,axon_interareal,109221500246318069,864691135416233914,[323216 129600  21719],1292.864,518.4,868.76
440,2024-06-03 19:45:52.807581+00:00,,True,864691135502730562,True,True,dendrite_clean,axon_interareal,110910212332252975,864691135502730562,[335495 128652  19294],1341.98,514.608,771.76
445,2024-06-03 19:45:52.811037+00:00,,True,864691135503004765,True,True,dendrite_extended,axon_partially_extended,88953790094754156,864691135503004765,[176080 118192  21795],704.32,472.768,871.8
446,2024-06-03 19:45:52.811689+00:00,,True,864691136118618136,True,True,dendrite_clean,axon_interareal,106969013170593765,864691136118618136,[307216 124304  21066],1228.864,497.216,842.64
447,2024-06-03 19:45:52.812352+00:00,,True,864691136275031565,True,True,dendrite_extended,axon_interareal,108663841356941569,864691136275031565,[319017 169130  19049],1276.068,676.52,761.96
448,2024-06-03 19:45:52.813009+00:00,,True,864691135373601736,True,True,dendrite_extended,axon_partially_extended,88901425719334328,864691135373601736,[175472 252512  20824],701.888,1010.048,832.96
3189,2025-02-17 20:13:30.475923+00:00,,True,864691135015048342,True,True,dendrite_extended,axon_partially_extended,92630625898934396,864691135015048342,[202368 249984  23417],809.472,999.936,936.68
4594,2025-11-17 21:56:20.336465+00:00,,True,864691135540440178,True,True,dendrite_extended,axon_fully_extended,90922672023921994,864691135540440178,[190080 107680  23215],760.32,430.72,928.6
471,2024-06-03 19:45:52.828703+00:00,,True,864691135953985800,True,True,dendrite_extended,axon_interareal,85367320872251591,864691135953985800,[149878 135866  23756],599.512,543.464,950.24
478,2024-06-03 19:45:52.833497+00:00,,True,864691136123919654,True,True,dendrite_extended,axon_partially_extended,90940538752561325,864691136123919654,[190288 240432  20878],761.152,961.728,835.12
491,2024-06-03 19:45:52.842313+00:00,,True,864691136100014453,True,True,dendrite_extended,axon_partially_extended,90870719696948084,864691136100014453,[189488 244896  20217],757.952,979.584,808.68
3190,2025-02-17 20:13:30.476579+00:00,,True,864691135742327147,True,True,dendrite_extended,axon_partially_extended,90449126176894994,864691135742327147,[186592 249344  23744],746.368,997.376,949.76
4595,2025-11-17 21:56:20.337154+00:00,,True,864691135802453858,True,True,dendrite_extended,axon_fully_extended,91274447092281188,864691135802453858,[192640 107120  23586],770.56,428.48,943.44
523,2024-06-03 19:45:52.864158+00:00,,True,864691136487168530,True,True,dendrite_extended,axon_partially_extended,90868795820075763,864691136487168530,[189984 230336  22357],759.936,921.344,894.28
536,2024-06-03 19:45:52.873063+00:00,,True,864691136273494206,True,True,dendrite_clean,axon_interareal,109783006956578454,864691136273494206,[327517 118525  20762],1310.068,474.1,830.48
538,2024-06-03 19:45:52.874338+00:00,,True,864691135946676260,True,True,dendrite_clean,axon_interareal,108446687944569190,864691135946676260,[317744 123952  19983],1270.976,495.808,799.32
540,2024-06-03 19:45:52.875625+00:00,,True,864691135995711402,True,True,dendrite_extended,axon_partially_extended,88392489408924775,864691135995711402,[171952 130464  21938],687.808,521.856,877.52
551,2024-06-03 19:45:52.882964+00:00,,True,864691135775906989,True,True,dendrite_extended,axon_interareal,106342840627890715,864691135775906989,[302290 177709  16296],1209.16,710.836,651.84
553,2024-06-03 19:45:52.884294+00:00,,True,864691136904366770,True,True,dendrite_extended,axon_partially_extended,91925838945129942,864691136904366770,[197504 241840  23068],790.016,967.36,922.72
567,2024-06-03 19:45:52.893389+00:00,,True,864691136136778621,True,True,dendrite_clean,axon_interareal,107249044702858538,864691136136778621,[309145 113377  18584],1236.58,453.508,743.36
2353,2024-11-16 22:13:19.704771+00:00,,True,864691136489055762,True,True,dendrite_extended,axon_partially_extended,93391143676653345,864691136489055762,[208096 148896  18072],832.384,595.584,722.88
2354,2024-11-16 22:13:19.705434+00:00,,True,864691135271463077,True,True,dendrite_extended,axon_partially_extended,94940011962867590,864691135271463077,[219280 154800  18130],877.12,619.2,725.2
4596,2025-11-17 21:56:20.337906+00:00,,True,864691135810308125,True,True,dendrite_extended,axon_fully_extended,101055633209782958,864691135810308125,[264064 106496  19221],1056.256,425.984,768.84
581,2024-06-03 19:45:52.902554+00:00,,True,864691135927647956,True,True,dendrite_clean,axon_interareal,112670461795715735,864691135927647956,[348448 136208  19603],1393.792,544.832,784.12
2382,2024-11-18 19:18:36.171736+00:00,,True,864691136578982164,True,True,dendrite_extended,axon_fully_extended,104017511779444058,864691136578982164,[285424 154224  22492],1141.696,616.896,899.68
585,2024-06-03 19:45:52.905128+00:00,,True,864691135455123562,True,True,dendrite_clean,axon_interareal,111120425546990027,864691135455123562,[337008 121888  21747],1348.032,487.552,869.88
594,2024-06-03 19:45:52.911056+00:00,,True,864691135719761713,True,True,dendrite_clean,axon_interareal,107389576301082133,864691135719761713,[309840 112112  20525],1239.36,448.448,821.0
609,2024-06-03 19:45:52.920794+00:00,,True,864691136084313196,True,True,dendrite_extended,axon_interareal,104653717097226174,864691136084313196,[289859 175441  25125],1159.436,701.764,1005.0
631,2024-06-03 19:45:52.935283+00:00,,True,864691135772774651,True,True,dendrite_extended,axon_partially_extended,88888162860332363,864691135772774651,[175616 153472  20823],702.464,613.888,832.92
2357,2024-11-16 22:34:02.123774+00:00,,True,864691136967634382,True,True,dendrite_clean,axon_partially_extended,89452762080968055,864691136967634382,[179520 165856  20633],718.08,663.424,825.32
3191,2025-02-17 20:13:30.477250+00:00,,True,864691135492371303,True,True,dendrite_extended,axon_partially_extended,90940539021131299,864691135492371303,[190432 240736  23039],761.728,962.944,921.56
4597,2025-11-17 21:56:20.338596+00:00,,True,864691135134695328,True,True,dendrite_extended,axon_fully_extended,109572175735990954,864691135134695328,[325680 120720  21626],1302.72,482.88,865.04
645,2024-06-03 19:45:52.944391+00:00,,True,864691136137794941,True,True,dendrite_clean,axon_partially_extended,91428722049408248,864691136137794941,[193632 207584  21793],774.528,830.336,871.72
646,2024-06-03 19:45:52.945050+00:00,,True,864691136602371025,True,True,dendrite_clean,axon_interareal,109501806790703496,864691136602371025,[325216 120608  20258],1300.864,482.432,810.32
657,2024-06-03 19:45:52.952576+00:00,,True,864691136227020113,True,True,dendrite_extended,axon_interareal,106980970829413237,864691136227020113,[306839 213638  24733],1227.356,854.552,989.32
661,2024-06-03 19:45:52.955211+00:00,,True,864691135113360025,True,True,dendrite_extended,axon_partially_extended,88690663285159822,864691135113360025,[174064 254832  22081],696.256,1019.328,883.24
669,2024-06-03 19:45:52.960277+00:00,,True,864691136925825354,True,True,dendrite_extended,axon_partially_extended,91289015487216490,864691136925825354,[192608 215280  22646],770.432,861.12,905.84
689,2024-06-03 19:45:52.973409+00:00,,True,864691135585266808,True,True,dendrite_extended,axon_partially_extended,90020659837046869,864691135585266808,[183456 202752  20953],733.824,811.008,838.12
717,2024-06-03 19:45:52.991721+00:00,,True,864691135778290109,True,True,dendrite_extended,axon_partially_extended,91293069936594481,864691135778290109,[192976 245600  22857],771.904,982.4,914.28
718,2024-06-03 19:45:52.992363+00:00,,True,864691136195391208,True,True,dendrite_clean,axon_partially_extended,107040206079170588,864691136195391208,[307280 130272  17866],1229.12,521.088,714.64
725,2024-06-03 19:45:52.996877+00:00,,True,864691136176327430,True,True,dendrite_clean,axon_interareal,109362168612907628,864691136176327430,[324483 129223  18937],1297.932,516.892,757.48
736,2024-06-03 19:45:53.004313+00:00,,True,864691135429763120,True,True,dendrite_clean,axon_interareal,111543118914081739,864691135429763120,[340428 125495  20620],1361.712,501.98,824.8
737,2024-06-03 19:45:53.004985+00:00,,True,864691135994804394,True,True,dendrite_extended,axon_partially_extended,90378826219550458,864691135994804394,[186000 250032  24514],744.0,1000.128,980.56
744,2024-06-03 19:45:53.009784+00:00,,True,864691136362774498,True,True,dendrite_extended,axon_partially_extended,90089860483870716,864691136362774498,[184352 194032  21557],737.408,776.128,862.28
2360,2024-11-16 22:34:02.173095+00:00,,True,864691136674744199,True,True,dendrite_clean,axon_partially_extended,90717544318668428,864691136674744199,[188944 152016  22617],755.776,608.064,904.68
3193,2025-02-17 20:13:30.478568+00:00,,True,864691135384262362,True,True,dendrite_extended,axon_partially_extended,89534469874232406,864691135384262362,[180192 250368  23089],720.768,1001.472,923.56
748,2024-06-03 19:45:53.012471+00:00,,True,864691136903387826,True,True,dendrite_extended,axon_partially_extended,89814639315354911,864691136903387826,[181984 240832  24349],727.936,963.328,973.96
749,2024-06-03 19:45:53.013149+00:00,,True,864691135404763374,True,True,dendrite_clean,axon_interareal,112949050487608502,864691135404763374,[350352 114464  19377],1401.408,457.856,775.08
759,2024-06-03 19:45:53.019929+00:00,,True,864691136273370302,True,True,dendrite_extended,axon_partially_extended,91076672304126763,864691136273370302,[191424 206112  22678],765.696,824.448,907.12
765,2024-06-03 19:45:53.024125+00:00,,True,864691136419797655,True,True,dendrite_extended,axon_partially_extended,90443284752775905,864691136419797655,[186480 205552  21607],745.92,822.208,864.28
772,2024-06-03 19:45:53.028776+00:00,,True,864691135946994785,True,True,dendrite_extended,axon_partially_extended,90729639080988355,864691135946994785,[188896 242368  23814],755.584,969.472,952.56
775,2024-06-03 19:45:53.030907+00:00,,True,864691135688186080,True,True,dendrite_extended,axon_partially_extended,90302616051180901,864691135688186080,[185632 206224  22266],742.528,824.896,890.64
784,2024-06-03 19:45:53.037350+00:00,,True,864691135855860782,True,True,dendrite_clean,axon_interareal,112104075801755223,864691135855860782,[344290 110737  19439],1377.16,442.948,777.56
789,2024-06-03 19:45:53.040599+00:00,,True,864691135397023777,True,True,dendrite_extended,axon_fully_extended,104022459178904503,864691135397023777,[285712 190768  19231],1142.848,763.072,769.24
795,2024-06-03 19:45:53.044432+00:00,,True,864691135279678881,True,True,dendrite_extended,axon_partially_extended,89602776899991242,864691135279678881,[180576 234992  22181],722.304,939.968,887.24
802,2024-06-03 19:45:53.049071+00:00,,True,864691136228250961,True,True,dendrite_extended,axon_partially_extended,90373534484152677,864691136228250961,[186128 210288  21828],744.512,841.152,873.12
803,2024-06-03 19:45:53.049703+00:00,,True,864691135693735103,True,True,dendrite_extended,axon_partially_extended,89534882325559546,864691135693735103,[179936 253344  24349],719.744,1013.376,973.96
4599,2025-11-17 21:56:20.340138+00:00,,True,864691136034271675,True,True,dendrite_extended,axon_fully_extended,82692551807134689,864691136034271675,[130240 130016  17395],520.96,520.064,695.8
4600,2025-11-17 21:56:20.340831+00:00,,True,864691136925029092,True,True,dendrite_extended,axon_fully_extended,102048080027283659,864691136925029092,[270896 160864  20439],1083.584,643.456,817.56
2365,2024-11-16 22:34:02.240594+00:00,,True,864691135014734486,True,True,dendrite_extended,axon_partially_extended,88675888597638682,864691135014734486,[173712 144608  22060],694.848,578.432,882.4
823,2024-06-03 19:45:53.062795+00:00,,True,864691135565962775,True,True,dendrite_extended,axon_partially_extended,111965537470620848,864691135565962775,[343391 126947  20258],1373.564,507.788,810.32
829,2024-06-03 19:45:53.066681+00:00,,True,864691136005322698,True,True,dendrite_extended,axon_partially_extended,89939502134531324,864691136005322698,[183104 122128  20512],732.416,488.512,820.48
833,2024-06-03 19:45:53.069426+00:00,,True,864691136913135089,True,True,dendrite_extended,axon_partially_extended,90095770694723323,864691136913135089,[184352 238080  24354],737.408,952.32,974.16
844,2024-06-03 19:45:53.076888+00:00,,True,864691135387753601,True,True,dendrite_extended,axon_partially_extended,91218578090859357,864691135387753601,[192336 214912  23313],769.344,859.648,932.52
847,2024-06-03 19:45:53.078849+00:00,,True,864691135697271450,True,True,dendrite_extended,axon_partially_extended,91007746467863403,864691135697271450,[190608 216960  21321],762.432,867.84,852.84
853,2024-06-03 19:45:53.082906+00:00,,True,864691135565770007,True,True,dendrite_extended,axon_partially_extended,89391052192093733,864691135565770007,[178944 230480  22105],715.776,921.92,884.2
3195,2025-02-17 20:13:30.480012+00:00,,True,864691135611337735,True,True,dendrite_extended,axon_partially_extended,89881984066997607,864691135611337735,[182720 218144  21767],730.88,872.576,870.68
863,2024-06-03 19:45:53.089395+00:00,,True,864691135214123064,True,True,dendrite_extended,axon_partially_extended,88894279095150580,864691135214123064,[175376 199104  22465],701.504,796.416,898.6
864,2024-06-03 19:45:53.090044+00:00,,True,864691135660772080,True,True,dendrite_extended,axon_partially_extended,90713695759696106,864691135660772080,[188544 123584  20721],754.176,494.336,828.84
4601,2025-11-17 21:56:20.341518+00:00,,True,864691135480718022,True,True,dendrite_extended,axon_fully_extended,101899989420258309,864691135480718022,[270272 105728  19062],1081.088,422.912,762.48
868,2024-06-03 19:45:53.092750+00:00,,True,864691135885140848,True,True,dendrite_clean,axon_interareal,111542775316814282,864691135885140848,[340452 122973  20749],1361.808,491.892,829.96
870,2024-06-03 19:45:53.094038+00:00,,True,864691135654715586,True,True,dendrite_clean,axon_interareal,108236062748688331,864691135654715586,[316031 127464  20240],1264.124,509.856,809.6
872,2024-06-03 19:45:53.095310+00:00,,True,864691135463999294,True,True,dendrite_extended,axon_partially_extended,88404652487728585,864691135463999294,[172016 221216  19783],688.064,884.864,791.32
873,2024-06-03 19:45:53.095955+00:00,,True,864691135477448360,True,True,dendrite_extended,axon_partially_extended,88828033519701078,864691135477448360,[175072 229600  22524],700.288,918.4,900.96
885,2024-06-03 19:45:53.103907+00:00,,True,864691135969582181,True,True,dendrite_extended,axon_partially_extended,88331122714745538,864691135969582181,[171248 197696  20273],684.992,790.784,810.92
886,2024-06-03 19:45:53.104537+00:00,,True,864691135954940424,True,True,dendrite_extended,axon_partially_extended,91212049405054305,864691135954940424,[192496 166560  20781],769.984,666.24,831.24
889,2024-06-03 19:45:53.106677+00:00,,True,864691135684284914,True,True,dendrite_extended,axon_partially_extended,89254712549221246,864691135684284914,[178080 262912  20842],712.32,1051.648,833.68
893,2024-06-03 19:45:53.109267+00:00,,True,864691135082074359,True,True,dendrite_extended,axon_partially_extended,89603876478557834,864691135082074359,[180528 242928  22535],722.112,971.712,901.4
895,2024-06-03 19:45:53.110542+00:00,,True,864691135572385061,True,True,dendrite_clean,axon_interareal,112598581357388512,864691135572385061,[347904 124800  20738],1391.616,499.2,829.52
908,2024-06-03 19:45:53.119333+00:00,,True,864691135684657079,True,True,dendrite_clean,axon_interareal,107532031776398681,864691135684657079,[311222 124714  20554],1244.888,498.856,822.16
913,2024-06-03 19:45:53.122767+00:00,,True,864691136052101363,True,True,dendrite_extended,axon_partially_extended,90233071940679932,864691136052101363,[185168 212544  22228],740.672,850.176,889.12
914,2024-06-03 19:45:53.123462+00:00,,True,864691136330101226,True,True,dendrite_extended,axon_partially_extended,90090479026781022,864691136330101226,[184048 198528  22493],736.192,794.112,899.72
915,2024-06-03 19:45:53.124150+00:00,,True,864691135495529360,True,True,dendrite_extended,axon_partially_extended,88121390938737418,864691135495529360,[169584 207744  20690],678.336,830.976,827.6
3196,2025-02-17 20:13:30.480647+00:00,,True,864691135778675552,True,True,dendrite_extended,axon_partially_extended,90941775971331488,864691135778675552,[190448 249664  22697],761.792,998.656,907.88
917,2024-06-03 19:45:53.125473+00:00,,True,864691135293398284,True,True,dendrite_extended,axon_partially_extended,91012557099400823,864691135293398284,[190960 253120  23139],763.84,1012.48,925.56
918,2024-06-03 19:45:53.126145+00:00,,True,864691135122469671,True,True,dendrite_clean,axon_interareal,111751888349166396,864691135122469671,[341712 107936  18333],1366.848,431.744,733.32
3197,2025-02-17 20:13:30.481307+00:00,,True,864691135464633245,True,True,dendrite_extended,axon_partially_extended,91713907945180687,864691135464633245,[196128 235600  22512],784.512,942.4,900.48
920,2024-06-03 19:45:53.127484+00:00,,True,864691135472556082,True,True,dendrite_extended,axon_partially_extended,90730120184520118,864691135472556082,[188960 245664  24467],755.84,982.656,978.68
4602,2025-11-17 21:56:20.342175+00:00,,True,864691135774177531,True,True,dendrite_extended,axon_fully_extended,96693045680347413,864691135774177531,[232240 108736  17261],928.96,434.944,690.44
2368,2024-11-16 22:34:02.281036+00:00,,True,864691136363303138,True,True,dendrite_clean,axon_partially_extended,88395100748909013,864691136363303138,[171744 150144  21818],686.976,600.576,872.72
925,2024-06-03 19:45:53.131488+00:00,,True,864691135594101291,True,True,dendrite_extended,axon_partially_extended,104307576891518822,864691135594101291,[287552 218160  23555],1150.208,872.64,942.2
927,2024-06-03 19:45:53.132873+00:00,,True,864691135571546917,True,True,dendrite_extended,axon_partially_extended,89033504553386216,864691135571546917,[176176 188032  20630],704.704,752.128,825.2
930,2024-06-03 19:45:53.134998+00:00,,True,864691136227297105,True,True,dendrite_extended,axon_partially_extended,92135708160515030,864691136227297105,[199200 232352  23009],796.8,929.408,920.36
933,2024-06-03 19:45:53.137307+00:00,,True,864691136437631902,True,True,dendrite_extended,axon_partially_extended,89245092023510260,864691136437631902,[178112 191344  22109],712.448,765.376,884.36
936,2024-06-03 19:45:53.139358+00:00,,True,864691134941063523,True,True,dendrite_extended,axon_partially_extended,88401422940721723,864691134941063523,[171952 196880  21777],687.808,787.52,871.08
938,2024-06-03 19:45:53.140694+00:00,,True,864691135852138183,True,True,dendrite_clean,axon_interareal,110978244815419350,864691135852138183,[336272 111040  20727],1345.088,444.16,829.08
939,2024-06-03 19:45:53.141352+00:00,,True,864691135992790209,True,True,dendrite_extended,axon_partially_extended,88886994830159181,864691135992790209,[175616 144976  22055],702.464,579.904,882.2
4909,2026-02-25 05:44:20.076021+00:00,,True,864691135405700334,True,True,dendrite_clean,axon_partially_extended,90574744910897690,864691135405700334,[187920 136608  20472],751.68,546.432,818.88
956,2024-06-03 19:45:53.153115+00:00,,True,864691136723961597,True,True,dendrite_extended,axon_partially_extended,89301785524841213,864691136723961597,[178528  89504  21709],714.112,358.016,868.36
957,2024-06-03 19:45:53.153773+00:00,,True,864691135491167207,True,True,dendrite_clean,axon_interareal,109712019938215398,864691135491167207,[327056 114144  22102],1308.224,456.576,884.08
960,2024-06-03 19:45:53.155726+00:00,,True,864691135162585389,True,True,dendrite_extended,axon_partially_extended,91282761880814785,864691135162585389,[193056 168768  21792],772.224,675.072,871.68
970,2024-06-03 19:45:53.162345+00:00,,True,864691135585046648,True,True,dendrite_clean,axon_interareal,110204188763769913,864691135585046648,[330304 111296  21823],1321.216,445.184,872.92
3198,2025-02-17 20:14:27.323266+00:00,,True,864691135688823008,True,True,dendrite_extended,axon_partially_extended,88968564782277121,864691135688823008,[175984 228336  21826],703.936,913.344,873.04
974,2024-06-03 19:45:53.164996+00:00,,True,864691136124845606,True,True,dendrite_clean,axon_interareal,106123831856678579,864691136124845606,[300912 118960  17655],1203.648,475.84,706.2
3199,2025-02-17 20:14:27.370150+00:00,,True,864691135809456669,True,True,dendrite_extended,axon_partially_extended,89039483349206591,864691135809456669,[176464 232480  22174],705.856,929.92,886.96
981,2024-06-03 19:45:53.169805+00:00,,True,864691135468161164,True,True,dendrite_clean,axon_interareal,108517263048652719,864691135468161164,[318181 125385  21647],1272.724,501.54,865.88
984,2024-06-03 19:45:53.171741+00:00,,True,864691135700757026,True,True,dendrite_extended,axon_partially_extended,88260891476755845,864691135700757026,[170640 198688  20906],682.56,794.752,836.24
990,2024-06-03 19:45:53.175823+00:00,,True,864691136452081151,True,True,dendrite_clean,axon_interareal,110133613726606929,864691136452081151,[329968 109728  20508],1319.872,438.912,820.32
992,2024-06-03 19:45:53.177112+00:00,,True,864691135561699041,True,True,dendrite_extended,axon_partially_extended,88469661180018648,864691135561699041,[172240 181184  20446],688.96,724.736,817.84
993,2024-06-03 19:45:53.177753+00:00,,True,864691135014258070,True,True,dendrite_extended,axon_partially_extended,104727795887963414,864691135014258070,[290640 203104  19062],1162.56,812.416,762.48
2369,2024-11-16 22:34:02.296147+00:00,,True,864691135101521952,True,True,dendrite_clean,axon_partially_extended,90929406398758623,864691135101521952,[190064 157424  22482],760.256,629.696,899.28
997,2024-06-03 19:45:53.180308+00:00,,True,864691135851792071,True,True,dendrite_clean,axon_interareal,107881126584455677,864691135851792071,[313578 104470  19939],1254.312,417.88,797.56
1001,2024-06-03 19:45:53.182924+00:00,,True,864691135359010904,True,True,dendrite_clean,axon_interareal,110839637362509738,864691135359010904,[335312 127112  18750],1341.248,508.448,750.0
1002,2024-06-03 19:45:53.183768+00:00,,True,864691135940881830,True,True,dendrite_extended,axon_partially_extended,91063752908438555,864691135940881830,[191120 109792  21792],764.48,439.168,871.68
3524,2025-04-18 23:18:32.893293+00:00,,True,864691135659538306,False,True,none,axon_fully_extended,115072481781352645,864691135659538306,[365708 206539  14860],1462.832,826.156,594.4
3525,2025-04-18 23:18:32.894229+00:00,,True,864691135470255698,False,True,none,axon_fully_extended,91500397201504223,864691135470255698,[194447 217359  27160],777.788,869.436,1086.4
1009,2024-06-03 19:45:53.188432+00:00,,True,864691135526405723,True,True,dendrite_extended,axon_fully_extended,112677196237588267,864691135526405723,[348304 186080  19305],1393.216,744.32,772.2
1010,2024-06-03 19:45:53.189224+00:00,,True,864691135308347974,True,True,dendrite_clean,axon_partially_extended,88194302236603527,864691135308347974,[170528 226848  20316],682.112,907.392,812.64
1014,2024-06-03 19:45:53.192336+00:00,,True,864691136021595384,True,True,dendrite_extended,axon_partially_extended,88609161918714718,864691136021595384,[173552 172112  21616],694.208,688.448,864.64
1021,2024-06-03 19:45:53.197074+00:00,,True,864691135952121379,True,True,dendrite_clean,axon_interareal,112036387049649663,864691135952121379,[343840 130256  18548],1375.36,521.024,741.92
1027,2024-06-03 19:45:53.201309+00:00,,True,864691135927648212,True,True,dendrite_clean,axon_interareal,113230250720332898,864691135927648212,[352352 112688  20122],1409.408,450.752,804.88
1028,2024-06-03 19:45:53.201970+00:00,,True,864691136084684396,True,True,dendrite_clean,axon_interareal,111683375500368075,864691136084684396,[341432 121686  21699],1365.728,486.744,867.96
4604,2025-11-17 22:04:00.146731+00:00,,True,864691136043283030,True,True,dendrite_extended,axon_fully_extended,88888987628025797,864691136043283030,[175328 159648  21658],701.312,638.592,866.32
1030,2024-06-03 19:45:53.203311+00:00,,True,864691135132887456,True,True,dendrite_extended,axon_partially_extended,90921572109929556,864691135132887456,[190416  99456  20385],761.664,397.824,815.4
4605,2025-11-17 22:04:00.179973+00:00,,True,864691135584504429,True,True,dendrite_extended,axon_fully_extended,89166545661876847,864691135584504429,[177392 130416  22352],709.568,521.664,894.08
1032,2024-06-03 19:45:53.204615+00:00,,True,864691136194355176,True,True,dendrite_clean,axon_interareal,108235856657388239,864691136194355176,[315954 126002  20769],1263.816,504.008,830.76
1034,2024-06-03 19:45:53.205960+00:00,,True,864691135885194352,True,True,dendrite_extended,axon_partially_extended,106699289090119786,864691135885194352,[304944 211856  19990],1219.776,847.424,799.6
4606,2025-11-17 22:04:00.203064+00:00,,True,864691135480800198,True,True,dendrite_extended,axon_fully_extended,90641196913206480,864691135480800198,[188432 107264  22404],753.728,429.056,896.16
1036,2024-06-03 19:45:53.207429+00:00,,True,864691136143696692,True,True,dendrite_clean,axon_interareal,106685545262215225,864691136143696692,[305097 109558  20780],1220.388,438.232,831.2
3200,2025-02-17 20:14:27.394238+00:00,,True,864691136424990255,True,True,dendrite_extended,axon_partially_extended,88827277538273160,864691136424990255,[175120 224448  21961],700.48,897.792,878.44
1040,2024-06-03 19:45:53.210104+00:00,,True,864691135938404612,True,True,dendrite_extended,axon_partially_extended,90088280003517620,864691135938404612,[183920 182432  22462],735.68,729.728,898.48
1041,2024-06-03 19:45:53.210753+00:00,,True,864691135518510218,True,True,dendrite_extended,axon_partially_extended,89513991134704374,864691135518510218,[179792  97680  20633],719.168,390.72,825.32
1042,2024-06-03 19:45:53.211393+00:00,,True,864691135270320293,True,True,dendrite_clean,axon_interareal,107532031843953767,864691135270320293,[310976 124752  21479],1243.904,499.008,859.16
1043,2024-06-03 19:45:53.212047+00:00,,True,864691135783909427,True,True,dendrite_extended,axon_partially_extended,107050582921399206,864691135783909427,[307568 208016  19302],1230.272,832.064,772.08
4609,2025-11-17 22:04:00.265386+00:00,,True,864691135586240120,True,True,dendrite_extended,axon_fully_extended,90150608434311499,864691135586240120,[184448 122160  21134],737.792,488.64,845.36
3201,2025-02-17 20:14:27.415264+00:00,,True,864691135809509917,True,True,dendrite_extended,axon_partially_extended,89741933907393199,864691135809509917,[181472 223328  22597],725.888,893.312,903.88
4610,2025-11-17 22:04:00.284540+00:00,,True,864691135294441654,True,True,dendrite_extended,axon_fully_extended,89029862421466994,864691135294441654,[176432 160720  20930],705.728,642.88,837.2
1054,2024-06-03 19:45:53.219652+00:00,,True,864691135940685057,True,True,dendrite_clean,axon_interareal,112668193985982551,864691135940685057,[348303 119318  19183],1393.212,477.272,767.32
1058,2024-06-03 19:45:53.223023+00:00,,True,864691135303514791,True,True,dendrite_extended,axon_partially_extended,88458185094541797,864691135303514791,[172368  95616  20987],689.472,382.464,839.48
1067,2024-06-03 19:45:53.228989+00:00,,True,864691136724880893,True,True,dendrite_clean,axon_interareal,110065237914785390,864691136724880893,[329536 124560  21387],1318.144,498.24,855.48
1073,2024-06-03 19:45:53.233551+00:00,,True,864691136903681458,True,True,dendrite_clean,axon_interareal,106619574430103645,864691136903681458,[304608 142384  19551],1218.432,569.536,782.04
1077,2024-06-03 19:45:53.236488+00:00,,True,864691135118894813,True,True,dendrite_clean,axon_interareal,111333387004147979,864691135118894813,[338608 135408  20251],1354.432,541.632,810.04
1080,2024-06-03 19:45:53.238812+00:00,,True,864691135491204327,True,True,dendrite_clean,axon_interareal,110207212420569191,864691135491204327,[330411 133448  21665],1321.644,533.792,866.6
1081,2024-06-03 19:45:53.239754+00:00,,True,864691135355708623,True,False,dendrite_extended,none,105214673917454809,864691135355708623,[294375 160683  23115],1177.5,642.732,924.6
2370,2024-11-16 22:34:02.309443+00:00,,True,864691136488999186,True,True,dendrite_clean,axon_partially_extended,89171699488113773,864691136488999186,[177504 168848  21048],710.016,675.392,841.92
1084,2024-06-03 19:45:53.241990+00:00,,True,864691135577956101,True,True,dendrite_extended,axon_partially_extended,88533639280994137,864691135577956101,[172880 133664  22221],691.52,534.656,888.84
1087,2024-06-03 19:45:53.244226+00:00,,True,864691135864188286,True,True,dendrite_clean,axon_interareal,112313876297009836,864691135864188286,[345719 100607  18834],1382.876,402.428,753.36
4611,2025-11-17 22:04:00.307450+00:00,,True,864691135496339088,True,True,dendrite_extended,axon_fully_extended,113442250172200522,864691135496339088,[354320 119328  19433],1417.28,477.312,777.32
4612,2025-11-17 22:04:00.331979+00:00,,True,864691135616363211,True,True,dendrite_extended,axon_fully_extended,111402381023317745,864691135616363211,[339456 125152  17782],1357.824,500.608,711.28
3203,2025-02-17 20:14:27.454162+00:00,,True,864691135578670597,True,True,dendrite_extended,axon_partially_extended,90726477716328700,864691135578670597,[188864 218656  21533],755.456,874.624,861.32
4613,2025-11-17 22:04:00.352554+00:00,,True,864691135720638769,True,True,dendrite_extended,axon_fully_extended,108728506720534393,864691135720638769,[319904 126304  22000],1279.616,505.216,880.0
4614,2025-11-17 22:04:00.373077+00:00,,True,864691136196127208,True,True,dendrite_extended,axon_fully_extended,109853513206924864,864691136196127208,[328112 119856  21372],1312.448,479.424,854.88
1099,2024-06-03 19:45:53.253341+00:00,,True,864691135866117340,True,False,dendrite_extended,none,88335314871419919,864691135866117340,[171200 228848  22473],684.8,915.392,898.92
4615,2025-11-17 22:04:00.393955+00:00,,True,864691136968429774,True,True,dendrite_extended,axon_fully_extended,89309001002848425,864691136968429774,[178400 143248  21238],713.6,572.992,849.52
1105,2024-06-03 19:45:53.258184+00:00,,True,864691136334080435,True,True,dendrite_clean,axon_partially_extended,111965605921457415,864691136334080435,[343472 127664  18016],1373.888,510.656,720.64
1110,2024-06-03 19:45:53.261833+00:00,,True,864691135323181212,True,True,dendrite_extended,axon_partially_extended,90853814907198518,864691135323181212,[189696 118960  21975],758.784,475.84,879.0
1113,2024-06-03 19:45:53.263959+00:00,,True,864691135754881746,True,False,dendrite_extended,none,87981478218324763,864691135754881746,[168832 214032  21712],675.328,856.128,868.48
1114,2024-06-03 19:45:53.264707+00:00,,True,864691136436788382,True,True,dendrite_extended,axon_partially_extended,89241518611108019,864691136436788382,[178144 164992  22469],712.576,659.968,898.76
1127,2024-06-03 19:45:53.273535+00:00,,True,864691135739733140,True,True,dendrite_clean,axon_interareal,112810924339140424,864691135739733140,[349584 134112  19179],1398.336,536.448,767.16
1135,2024-06-03 19:45:53.278670+00:00,,True,864691135356087247,True,True,dendrite_extended,axon_partially_extended,92765727987187267,864691135356087247,[203792 208032  20041],815.168,832.128,801.64
1137,2024-06-03 19:45:53.279958+00:00,,True,864691135358995288,True,True,dendrite_clean,axon_interareal,112034806434426768,864691135358995288,[343657 118542  17932],1374.628,474.168,717.28
1139,2024-06-03 19:45:53.281347+00:00,,True,864691135359413848,True,True,dendrite_extended,axon_partially_extended,88819374597021646,864691135359413848,[174704 165104  20328],698.816,660.416,813.12
4616,2025-11-25 00:35:39.222651+00:00,,True,864691135466158917,True,True,dendrite_extended,axon_partially_extended,88253401120843383,864691135466158917,[170928 142608  21356],683.712,570.432,854.24
1154,2024-06-03 19:45:53.291069+00:00,,True,864691135976155459,True,True,dendrite_extended,axon_partially_extended,88950697785090494,864691135976155459,[176016  95024  22051],704.064,380.096,882.04
3205,2025-02-17 20:14:27.502777+00:00,,True,864691135562410721,True,True,dendrite_extended,axon_partially_extended,91641889933457039,864691135562410721,[195152 223072  22410],780.608,892.288,896.4
3206,2025-02-17 20:14:27.526940+00:00,,True,864691135492274791,True,True,dendrite_extended,axon_partially_extended,89814570327257208,864691135492274791,[181952 240256  22147],727.808,961.024,885.88
2372,2024-11-16 22:34:02.336508+00:00,,True,864691135617409385,True,True,dendrite_extended,axon_partially_extended,90653634869932692,864691135617409385,[188256 200192  20216],753.024,800.768,808.64
3207,2025-02-17 20:14:27.553703+00:00,,True,864691135274355473,True,True,dendrite_extended,axon_partially_extended,90515096673540923,864691135274355473,[186992 216608  22524],747.968,866.432,900.96
1201,2024-06-03 19:45:53.323274+00:00,,True,864691135013667062,True,False,dendrite_extended,none,89811134152255955,864691135013667062,[182000 214432  20731],728.0,857.728,829.24
1206,2024-06-03 19:45:53.326546+00:00,,True,864691135938460676,True,False,dendrite_extended,none,90162565489162922,864691135938460676,[184800 211408  20244],739.2,845.632,809.76
1207,2024-06-03 19:45:53.327342+00:00,,True,864691136419760791,True,False,dendrite_extended,none,112104075868445024,864691136419760791,[344240 110757  19613],1376.96,443.028,784.52
1208,2024-06-03 19:45:53.328003+00:00,,True,864691135156351588,True,False,dendrite_extended,none,88478251315889887,864691135156351588,[172096 245152  21919],688.384,980.608,876.76
1215,2024-06-03 19:45:53.332584+00:00,,True,864691135778562237,True,False,dendrite_extended,none,90866734034428062,864691135778562237,[189936 214736  20779],759.744,858.944,831.16
1216,2024-06-03 19:45:53.333250+00:00,,True,864691135569859206,True,False,dendrite_extended,none,88199868782522676,864691135569859206,[170192 268240  22283],680.768,1072.96,891.32
4621,2025-11-25 00:35:39.326404+00:00,,True,864691135646806255,True,True,dendrite_clean,axon_partially_extended,90152601366635798,864691135646806255,[184704 137184  21976],738.816,548.736,879.04
1227,2024-06-03 19:45:53.340485+00:00,,True,864691135489057338,True,False,dendrite_extended,none,88334490102947562,864691135489057338,[171120 222784  20995],684.48,891.136,839.8
1233,2024-06-03 19:45:53.344536+00:00,,True,864691135989337088,True,False,dendrite_extended,none,87910834528912759,864691135989337088,[168480 212096  21016],673.92,848.384,840.64
1237,2024-06-03 19:45:53.347140+00:00,,True,864691135654280386,True,False,dendrite_extended,none,89954139383136450,864691135654280386,[182864 231456  20560],731.456,925.824,822.4
1238,2024-06-03 19:45:53.347791+00:00,,True,864691136136766845,True,True,dendrite_clean,axon_interareal,111754705847801880,864691136136766845,[341936 128768  18416],1367.744,515.072,736.64
1239,2024-06-03 19:45:53.348438+00:00,,True,864691135866477957,True,False,dendrite_extended,none,89109851959442556,864691135866477957,[176752 232608  21387],707.008,930.432,855.48
1240,2024-06-03 19:45:53.349113+00:00,,True,864691135509419017,True,False,dendrite_extended,none,88548963522756782,864691135509419017,[172992 247664  20488],691.968,990.656,819.52
1241,2024-06-03 19:45:53.349920+00:00,,True,864691135918528432,True,False,dendrite_extended,none,88967052819430395,864691135918528432,[175664 217168  20664],702.656,868.672,826.56
1242,2024-06-03 19:45:53.350562+00:00,,True,864691135135409433,True,False,dendrite_extended,none,88058856282265578,864691135135409433,[169264 265936  21424],677.056,1063.744,856.96
1246,2024-06-03 19:45:53.353206+00:00,,True,864691136124247590,True,False,dendrite_extended,none,110907738296819154,864691136124247590,[335884 110181  18225],1343.536,440.724,729.0
1247,2024-06-03 19:45:53.353861+00:00,,True,864691136991166101,True,True,dendrite_extended,axon_interareal,106274946791085582,864691136991166101,[301872 195936  23624],1207.488,783.744,944.96
1248,2024-06-03 19:45:53.354497+00:00,,True,864691135516975315,True,False,dendrite_extended,none,89389608882087828,864691135516975315,[178864 219776  20827],715.456,879.104,833.08
1249,2024-06-03 19:45:53.355163+00:00,,True,864691136194925132,True,False,dendrite_extended,none,88551093826796513,864691136194925132,[173088 263776  20722],692.352,1055.104,828.88
1250,2024-06-03 19:45:53.355822+00:00,,True,864691135590564107,True,False,dendrite_extended,none,86282663899490241,864691135590564107,[156196 139535  20493],624.784,558.14,819.72
1252,2024-06-03 19:45:53.357125+00:00,,True,864691136311902269,True,False,dendrite_extended,none,88970763671157701,864691136311902269,[175664 244560  20659],702.656,978.24,826.36
1253,2024-06-03 19:45:53.357929+00:00,,True,864691136990946197,True,False,dendrite_extended,none,89534538191424256,864691136990946197,[180192 250784  20391],720.768,1003.136,815.64
1254,2024-06-03 19:45:53.358589+00:00,,True,864691136031910331,True,False,dendrite_extended,none,91008021211399127,864691136031910331,[190688 219152  20159],762.752,876.608,806.36
1255,2024-06-03 19:45:53.359255+00:00,,True,864691134885645050,True,False,dendrite_extended,none,88475227658538846,864691134885645050,[172288 222528  21607],689.152,890.112,864.28
1257,2024-06-03 19:45:53.360541+00:00,,True,864691135374420809,True,False,dendrite_extended,none,88199318758477422,864691135374420809,[170144 264128  20473],680.576,1056.512,818.92
1260,2024-06-03 19:45:53.362489+00:00,,True,864691135947873377,True,False,dendrite_extended,none,89247909254085696,864691135947873377,[178144 212672  20481],712.576,850.688,819.24
1262,2024-06-03 19:45:53.363834+00:00,,True,864691137019755118,True,False,dendrite_extended,none,88194989431606742,864691137019755118,[170304 231920  20447],681.216,927.68,817.88
1263,2024-06-03 19:45:53.364472+00:00,,True,864691135865374940,True,False,dendrite_extended,none,91077153005127494,864691135865374940,[191520 209808  20252],766.08,839.232,810.08
1264,2024-06-03 19:45:53.365255+00:00,,True,864691136042294870,True,False,dendrite_extended,none,90237401133758515,864691136042294870,[184928 244816  21435],739.712,979.264,857.4
1267,2024-06-03 19:45:53.367191+00:00,,True,864691135476041792,True,True,dendrite_extended,axon_partially_extended,83964480735735914,864691135476041792,[139408 169168  17934],557.632,676.672,717.36
3630,2025-04-26 13:48:52.940946+00:00,,True,864691136033871035,False,True,none,axon_fully_extended,91295269563405831,864691136033871035,[192693 261954  27141],770.772,1047.816,1085.64
1275,2024-06-03 19:45:53.372319+00:00,,True,864691135335635177,True,True,dendrite_extended,axon_partially_extended,100286662332109138,864691135335635177,[258560 144272  19647],1034.24,577.088,785.88
1302,2024-06-03 19:45:53.390194+00:00,,True,864691135867905302,True,True,dendrite_extended,axon_partially_extended,113165654546259818,864691135867905302,[352192 155680  21022],1408.768,622.72,840.88
1303,2024-06-03 19:45:53.390836+00:00,,True,864691135741524587,True,True,dendrite_extended,axon_partially_extended,93597646241461318,864691135741524587,[209760 114448  22462],839.04,457.792,898.48
1305,2024-06-03 19:45:53.392107+00:00,,True,864691135816693327,True,True,dendrite_extended,axon_partially_extended,93740307808088903,864691135816693327,[210592 129216  21975],842.368,516.864,879.0
1311,2024-06-03 19:45:53.396136+00:00,,True,864691135947139108,True,True,dendrite_extended,axon_partially_extended,92682508633814079,864691135947139108,[203168 111856  19583],812.672,447.424,783.32
1313,2024-06-03 19:45:53.397416+00:00,,True,864691137198382657,True,True,dendrite_extended,axon_partially_extended,100986639190778502,864691137198382657,[263456 116464  21868],1053.824,465.856,874.72
1314,2024-06-03 19:45:53.398058+00:00,,True,864691135275621605,True,True,dendrite_extended,axon_partially_extended,84594226020662864,864691135275621605,[144208 142960  17999],576.832,571.84,719.96
1323,2024-06-03 19:45:53.403965+00:00,,True,864691135157025636,True,True,dendrite_extended,axon_partially_extended,100998870720781990,864691135157025636,[263552 207584  17765],1054.208,830.336,710.6
1324,2024-06-03 19:45:53.404588+00:00,,True,864691136310966106,True,True,dendrite_extended,axon_partially_extended,112468701210804926,864691136310966106,[346784 205952  18162],1387.136,823.808,726.48
4623,2025-11-25 00:35:39.356388+00:00,,True,864691135573296677,True,True,dendrite_extended,axon_partially_extended,88604420342295411,864691135573296677,[173600 136784  22464],694.4,547.136,898.56
1326,2024-06-03 19:45:53.405873+00:00,,True,864691135938555908,True,True,dendrite_extended,axon_partially_extended,104857538662870594,864691135938555908,[291664 121408  22296],1166.656,485.632,891.84
1327,2024-06-03 19:45:53.406501+00:00,,True,864691135417045946,True,True,dendrite_extended,axon_partially_extended,99298407939931822,864691135417045946,[251328 121248  22796],1005.312,484.992,911.84
3209,2025-02-17 20:14:27.595866+00:00,,True,864691135455977578,True,True,dendrite_extended,axon_partially_extended,89318209546689611,864691135455977578,[178512 211840  22045],714.048,847.36,881.8
1332,2024-06-03 19:45:53.410254+00:00,,True,864691135778419901,True,True,dendrite_extended,axon_partially_extended,87479207630287741,864691135778419901,[165040 141872  22520],660.16,567.488,900.8
1334,2024-06-03 19:45:53.411547+00:00,,True,864691135938629892,True,True,dendrite_extended,axon_partially_extended,102395388128382767,864691135938629892,[273808 127056  19368],1095.232,508.224,774.72
1337,2024-06-03 19:45:53.413465+00:00,,True,864691136389607287,True,True,dendrite_extended,axon_partially_extended,108449711736105514,864691136389607287,[317616 146208  21295],1270.464,584.832,851.8
1338,2024-06-03 19:45:53.414107+00:00,,True,864691136663528670,True,True,dendrite_extended,axon_partially_extended,107320719855630580,864691136663528670,[309488 123536  24511],1237.952,494.144,980.44
1341,2024-06-03 19:45:53.415995+00:00,,True,864691135778467517,True,True,dendrite_extended,axon_partially_extended,83255983736330648,864691135778467517,[134592 133632  24457],538.368,534.528,978.28
1342,2024-06-03 19:45:53.416619+00:00,,True,864691136488414994,True,True,dendrite_extended,axon_partially_extended,84598418043156294,864691136488414994,[144128 174064  19223],576.512,696.256,768.92
1344,2024-06-03 19:45:53.418042+00:00,,True,864691135586414716,True,True,dendrite_extended,axon_partially_extended,109365948586190748,864691135586414716,[324176 157328  21527],1296.704,629.312,861.08
1349,2024-06-03 19:45:53.421284+00:00,,True,864691136363009250,True,True,dendrite_extended,axon_partially_extended,105212336851206602,864691136363009250,[294032 143104  18473],1176.128,572.416,738.92
1350,2024-06-03 19:45:53.421935+00:00,,True,864691135849088094,True,True,dendrite_extended,axon_partially_extended,95999323166475135,864691135849088094,[226912 182512  21705],907.648,730.048,868.2
1351,2024-06-03 19:45:53.422587+00:00,,True,864691135014355094,True,True,dendrite_extended,axon_partially_extended,110070666283604569,864691135014355094,[329472 165040  17710],1317.888,660.16,708.4
1352,2024-06-03 19:45:53.423285+00:00,,True,864691135594721579,True,True,dendrite_extended,axon_partially_extended,87194571892645825,864691135594721579,[163072 118208  24597],652.288,472.832,983.88
1354,2024-06-03 19:45:53.424595+00:00,,True,864691135275949029,True,True,dendrite_extended,axon_partially_extended,97959545971852843,864691135275949029,[241472 107600  19567],965.888,430.4,782.68
1355,2024-06-03 19:45:53.425382+00:00,,True,864691135339088102,True,True,dendrite_extended,axon_partially_extended,94802299003830168,864691135339088102,[218272 177184  24728],873.088,708.736,989.12
1357,2024-06-03 19:45:53.426697+00:00,,True,864691136488446226,True,True,dendrite_extended,axon_partially_extended,85083714786650439,864691136488446226,[147920 119584  17797],591.68,478.336,711.88
1358,2024-06-03 19:45:53.427340+00:00,,True,864691135518844554,True,True,dendrite_extended,axon_partially_extended,107606455372841145,864691135518844554,[311520 155280  24059],1246.08,621.12,962.36
1360,2024-06-03 19:45:53.428599+00:00,,True,864691135384176619,True,True,dendrite_extended,axon_partially_extended,84599174695287374,864691135384176619,[144176 179568  24605],576.704,718.272,984.2
1363,2024-06-03 19:45:53.430499+00:00,,True,864691136452447743,True,True,dendrite_extended,axon_partially_extended,86209752870797529,864691136452447743,[156000 120752  23550],624.0,483.008,942.0
1365,2024-06-03 19:45:53.431791+00:00,,True,864691135209116537,True,True,dendrite_extended,axon_partially_extended,97889933678703666,864691135209116537,[240848 112848  23590],963.392,451.392,943.6
1366,2024-06-03 19:45:53.432434+00:00,,True,864691136275364365,True,True,dendrite_extended,axon_partially_extended,112391529372823009,864691136275364365,[346512 155104  19337],1386.048,620.416,773.48
1370,2024-06-03 19:45:53.435146+00:00,,True,864691135911276969,True,True,dendrite_extended,axon_partially_extended,106832742582909455,864691135911276969,[305952 157840  22494],1223.808,631.36,899.76
1371,2024-06-03 19:45:53.435786+00:00,,True,864691135778132576,True,True,dendrite_extended,axon_partially_extended,105356785594313916,864691135778132576,[295344 171040  21861],1181.376,684.16,874.44
1372,2024-06-03 19:45:53.436415+00:00,,True,864691135975824495,True,True,dendrite_extended,axon_partially_extended,96905664278159946,864691135975824495,[233936 119888  21294],935.744,479.552,851.76
1373,2024-06-03 19:45:53.437062+00:00,,True,864691135749995049,True,True,dendrite_extended,axon_partially_extended,106825870836362183,864691135749995049,[306048 106672  23860],1224.192,426.688,954.4
1374,2024-06-03 19:45:53.437693+00:00,,True,864691135808684573,True,True,dendrite_extended,axon_partially_extended,83821819571962697,864691135808684573,[138784 155200  21667],555.136,620.8,866.68
1375,2024-06-03 19:45:53.438323+00:00,,True,864691135778638013,True,True,dendrite_extended,axon_partially_extended,86139727253673824,864691135778638013,[155536 123488  19491],622.144,493.952,779.64
1376,2024-08-02 17:37:16.000785+00:00,,True,864691135502873666,True,True,dendrite_extended,axon_partially_extended,87057269975820841,864691135502873666,[161920 143904  21824],647.68,575.616,872.96
1377,2024-08-02 17:37:16.001712+00:00,,True,864691135755197133,True,True,dendrite_extended,axon_partially_extended,107467229645704691,864691135755197133,[310480 166256  23371],1241.92,665.024,934.84
1378,2024-08-02 17:37:16.002537+00:00,,True,864691136228367697,True,True,dendrite_extended,axon_partially_extended,112813536082180756,864691136228367697,[349728 153440  22479],1398.912,613.76,899.16
1380,2024-08-02 17:37:16.004259+00:00,,True,864691135698731541,True,True,dendrite_extended,axon_partially_extended,112808382121261197,864691135698731541,[349616 115248  22338],1398.464,460.992,893.52
1382,2024-08-02 17:37:16.005967+00:00,,True,864691135582973549,True,True,dendrite_extended,axon_partially_extended,93463711980775966,864691135582973549,[208560 165184  22051],834.24,660.736,882.04
1384,2024-08-02 17:37:16.007502+00:00,,True,864691135477469864,True,True,dendrite_extended,axon_partially_extended,99089637632872287,864691135477469864,[249680 138560  18817],998.72,554.24,752.68
1385,2024-08-02 17:37:16.008290+00:00,,True,864691136953197279,True,True,dendrite_extended,axon_partially_extended,95361194441147077,864691136953197279,[222576 146816  24331],890.304,587.264,973.24
1386,2024-08-02 17:37:16.009012+00:00,,True,864691135014099446,True,True,dendrite_extended,axon_partially_extended,101414073866245315,864691135014099446,[266528 155408  18200],1066.112,621.632,728.0
1388,2024-08-02 17:37:16.010540+00:00,,True,864691135342523057,True,True,dendrite_extended,axon_partially_extended,98314756745920638,864691135342523057,[243920 132560  18172],975.68,530.24,726.88
1389,2024-08-02 17:37:16.011255+00:00,,True,864691135989817088,True,True,dendrite_extended,axon_partially_extended,107038763708375451,864691135989817088,[307648 119696  23502],1230.592,478.784,940.08
3210,2025-02-17 20:14:27.632940+00:00,,True,864691135492308071,True,True,dendrite_extended,axon_partially_extended,89672389730113044,864691135492308071,[181136 229072  22344],724.544,916.288,893.76
1391,2024-08-02 17:37:16.012710+00:00,,True,864691135430004016,True,True,dendrite_extended,axon_partially_extended,104228892688275984,864691135430004016,[287024 155936  20669],1148.096,623.744,826.76
1392,2024-08-02 17:37:16.013471+00:00,,True,864691135740860820,True,True,dendrite_extended,axon_partially_extended,104789231100433705,864691135740860820,[291328 136816  19299],1165.312,547.264,771.96
1393,2024-08-02 17:37:16.014276+00:00,,True,864691136117770660,True,True,dendrite_extended,axon_partially_extended,100562640086558882,864691136117770660,[260608 103520  22483],1042.432,414.08,899.32
1394,2024-08-02 17:37:16.014969+00:00,,True,864691134948788476,True,True,dendrite_extended,axon_partially_extended,86493976424832017,864691134948788476,[157968 141456  21648],631.872,565.824,865.92
1395,2024-08-02 17:37:16.015678+00:00,,True,864691135578103301,True,True,dendrite_extended,axon_partially_extended,109432331466580520,864691135578103301,[324816 127312  20555],1299.264,509.248,822.2
1396,2024-08-02 17:37:16.016371+00:00,,True,864691136445062787,True,True,dendrite_extended,axon_partially_extended,93321393944810722,864691136445062787,[207504 153296  22345],830.016,613.184,893.8
1397,2024-08-02 17:37:16.017021+00:00,,True,864691135477469352,True,True,dendrite_extended,axon_partially_extended,83541856289515502,864691135477469352,[136480 166464  20633],545.92,665.856,825.32
1398,2024-08-02 17:37:16.017764+00:00,,True,864691135059845275,True,True,dendrite_extended,axon_partially_extended,107887105447119674,864691135059845275,[313504 148864  21739],1254.016,595.456,869.56
1399,2024-08-02 17:37:16.018461+00:00,,True,864691135977134403,True,True,dendrite_extended,axon_partially_extended,98178279864886699,864691135977134403,[242768 164336  17950],971.072,657.344,718.0
1402,2024-08-02 17:37:16.020545+00:00,,True,864691135890141321,True,True,dendrite_extended,axon_partially_extended,83396927114563382,864691135890141321,[135536 134976  22338],542.144,539.904,893.52
1403,2024-08-02 17:37:16.021252+00:00,,True,864691135877606483,True,True,dendrite_extended,axon_partially_extended,86075543665122280,864691135877606483,[155008 169232  22606],620.032,676.928,904.24
1404,2024-08-02 17:37:16.023334+00:00,,True,864691135408560329,True,True,dendrite_extended,axon_partially_extended,106335419997843361,864691135408560329,[302560 122352  24216],1210.24,489.408,968.64
1405,2024-08-02 17:37:16.024028+00:00,,True,864691135610877191,True,True,dendrite_extended,axon_partially_extended,100846382537144797,864691135610877191,[262544 120496  20080],1050.176,481.984,803.2
1406,2024-08-02 17:37:16.024716+00:00,,True,864691135868060950,True,True,dendrite_extended,axon_partially_extended,92125605994382839,864691135868060950,[199168 157088  19607],796.672,628.352,784.28
1407,2024-08-02 17:37:16.025436+00:00,,True,864691135257521583,True,True,dendrite_extended,axon_partially_extended,105418701305888176,864691135257521583,[295728 107904  17663],1182.912,431.616,706.52
1408,2024-08-02 17:37:16.026143+00:00,,True,864691137054934902,True,True,dendrite_extended,axon_partially_extended,108170091916471994,864691137054934902,[315744 160240  18967],1262.976,640.96,758.68
1411,2024-08-02 17:37:16.028210+00:00,,True,864691136311106650,True,True,dendrite_extended,axon_partially_extended,108170847629661283,864691136311106650,[315696 165920  17630],1262.784,663.68,705.2
1412,2024-08-02 17:37:16.028865+00:00,,True,864691135339103718,True,True,dendrite_extended,axon_partially_extended,100284737985790134,864691135339103718,[258160 130128  18398],1032.64,520.512,735.92
1416,2024-08-02 17:37:16.031802+00:00,,True,864691135955060232,True,True,dendrite_extended,axon_partially_extended,105784770831089247,864691135955060232,[298256 214048  24520],1193.024,856.192,980.8
1417,2024-08-02 17:37:16.032475+00:00,,True,864691136033116347,True,True,dendrite_extended,axon_partially_extended,100787558598016822,864691136033116347,[261872 206512  19651],1047.488,826.048,786.04
1419,2024-08-02 17:37:16.033798+00:00,,True,864691136380264149,True,True,dendrite_extended,axon_partially_extended,110562903962321776,864691136380264149,[333264 162112  18030],1333.056,648.448,721.2
1420,2024-08-02 17:37:16.034469+00:00,,True,864691135731705273,True,True,dendrite_extended,axon_partially_extended,108094157364558561,864691135731705273,[315392 118688  22647],1261.568,474.752,905.88
1421,2024-08-02 17:37:16.035141+00:00,,True,864691136380264405,True,True,dendrite_extended,axon_partially_extended,94032571943729996,864691136380264405,[212624 209472  23336],850.496,837.888,933.44
1422,2024-08-02 17:37:16.035794+00:00,,True,864691135989836288,True,True,dendrite_extended,axon_partially_extended,107319070386634896,864691135989836288,[309456 111232  22770],1237.824,444.928,910.8
1423,2024-08-02 17:37:16.036455+00:00,,True,864691135940996774,True,True,dendrite_extended,axon_partially_extended,100499486685943466,864691135940996774,[260064 156976  20808],1040.256,627.904,832.32
1424,2024-08-02 17:37:16.037142+00:00,,True,864691135782145872,True,True,dendrite_extended,axon_partially_extended,84661296364421261,864691135782145872,[144800 118016  19294],579.2,472.064,771.76
1425,2024-08-02 17:37:16.037808+00:00,,True,864691135464143934,True,True,dendrite_extended,axon_partially_extended,101129162915469565,864691135464143934,[264528 130144  18021],1058.112,520.576,720.84
1426,2024-08-02 17:37:16.038481+00:00,,True,864691135570502278,True,True,dendrite_extended,axon_partially_extended,98033900781453809,864691135570502278,[242208 137216  22347],968.832,548.864,893.88
1427,2024-08-02 17:37:16.039287+00:00,,True,864691135741619051,True,True,dendrite_extended,axon_partially_extended,107607692054474677,864691135741619051,[311520 164224  21564],1246.08,656.896,862.56
1428,2024-08-02 17:37:16.039971+00:00,,True,864691135777400237,True,True,dendrite_extended,axon_partially_extended,110918390352645344,864691135777400237,[335552 189280  22371],1342.208,757.12,894.84
1429,2024-08-02 17:37:16.040633+00:00,,True,864691135473383730,True,True,dendrite_extended,axon_partially_extended,106126100471728897,864691135473383730,[301072 135728  24210],1204.288,542.912,968.4
1435,2024-08-02 17:37:16.044599+00:00,,True,864691135782156368,True,True,dendrite_extended,axon_partially_extended,102893742511479310,864691135782156368,[277360 169968  24651],1109.44,679.872,986.04
1436,2024-08-02 17:37:16.045295+00:00,,True,864691135397846049,True,True,dendrite_extended,axon_partially_extended,100211895809958811,864691135397846049,[257584 111648  21766],1030.336,446.592,870.64
1437,2024-08-02 17:37:16.046019+00:00,,True,864691136025184569,True,True,dendrite_extended,axon_partially_extended,100844596166284552,864691136025184569,[262496 107120  22602],1049.984,428.48,904.08
1439,2024-08-02 17:37:16.047514+00:00,,True,864691136298111003,True,True,dendrite_extended,axon_partially_extended,100286044461034923,864691136298111003,[258208 139504  24438],1032.832,558.016,977.52
1440,2024-08-02 17:37:16.048191+00:00,,True,864691135397960481,True,True,dendrite_extended,axon_partially_extended,107598484047450467,864691135397960481,[311664  95600  24820],1246.656,382.4,992.8
3211,2025-02-17 20:14:27.652265+00:00,,True,864691136905506482,True,True,dendrite_extended,axon_partially_extended,91499640750531825,864691136905506482,[194112 212064  23175],776.448,848.256,927.0
1442,2024-08-02 17:37:16.049511+00:00,,True,864691135510191369,True,True,dendrite_extended,axon_partially_extended,100648264554562488,864691135510191369,[260784 216944  22491],1043.136,867.776,899.64
1443,2024-08-02 17:37:16.050179+00:00,,True,864691135195825450,True,True,dendrite_extended,axon_partially_extended,95359751332264148,864691135195825450,[222288 136352  24468],889.152,545.408,978.72
1445,2024-08-02 17:37:16.051485+00:00,,True,864691136009893294,True,True,dendrite_extended,axon_partially_extended,103026027504639349,864691136009893294,[278464 106752  25010],1113.856,427.008,1000.4
4625,2025-11-25 00:35:39.391554+00:00,,True,864691135480652998,True,True,dendrite_extended,axon_partially_extended,91287159860248726,864691135480652998,[192720 201840  21312],770.88,807.36,852.48
1449,2024-08-02 17:37:16.054286+00:00,,True,864691136380324821,True,True,dendrite_extended,axon_partially_extended,97115464840465621,864691136380324821,[235184 110016  21145],940.736,440.064,845.8
1451,2024-08-02 17:37:16.055629+00:00,,True,864691136311059034,True,True,dendrite_extended,axon_partially_extended,95779008590949111,864691136311059034,[225632 114144  22035],902.528,456.576,881.4
1452,2024-08-02 17:37:16.056299+00:00,,True,864691135585415544,True,True,dendrite_extended,axon_partially_extended,111760685113139911,864691135585415544,[341824 173344  23332],1367.296,693.376,933.28
1454,2024-08-02 17:37:16.057613+00:00,,True,864691136106969561,True,True,dendrite_extended,axon_partially_extended,107747879384718672,864691136106969561,[312672 160416  18824],1250.688,641.664,752.96
1456,2024-08-02 17:37:16.058920+00:00,,True,864691136239108156,True,True,dendrite_extended,axon_partially_extended,88041469851569718,864691136239108156,[169504 136896  17987],678.016,547.584,719.48
1457,2024-08-02 17:37:16.059581+00:00,,True,864691135772987899,True,True,dendrite_extended,axon_partially_extended,104229305474768430,864691135772987899,[286992 159088  24154],1147.968,636.352,966.16
1458,2024-08-02 17:37:16.060246+00:00,,True,864691135519105162,True,True,dendrite_extended,axon_partially_extended,85017881595177303,864691135519105162,[147232 153744  18379],588.928,614.976,735.16
1460,2024-08-02 17:37:16.061699+00:00,,True,864691136239068732,True,True,dendrite_extended,axon_partially_extended,103451263290741534,864691136239068732,[281408 129728  22126],1125.632,518.912,885.04
1462,2024-08-02 17:37:16.063020+00:00,,True,864691135257638575,True,True,dendrite_extended,axon_partially_extended,109784244310041353,864691135257638575,[327648 127760  24028],1310.592,511.04,961.12
1463,2024-08-02 17:37:16.063680+00:00,,True,864691135519106442,True,True,dendrite_extended,axon_partially_extended,112951043151139776,864691135519106442,[350288 129360  17861],1401.152,517.44,714.44
1466,2024-08-02 17:37:16.065684+00:00,,True,864691135136312089,True,True,dendrite_extended,axon_partially_extended,89603945332579060,864691135136312089,[180560 243504  23814],722.24,974.016,952.56
1467,2024-08-02 17:37:16.066346+00:00,,True,864691137055253878,True,True,dendrite_extended,axon_partially_extended,91572277036061741,864691137055253878,[194624 228624  21593],778.496,914.496,863.72
1468,2024-08-02 17:37:16.066988+00:00,,True,864691135655473858,True,True,dendrite_extended,axon_partially_extended,91998406713063870,864691135655473858,[197712 257824  23532],790.848,1031.296,941.28
1475,2024-08-02 17:37:16.071805+00:00,,True,864691135519178378,True,True,dendrite_extended,axon_partially_extended,92277132977339664,864691135519178378,[200192 237408  23595],800.768,949.632,943.8
1476,2024-08-02 17:37:16.072463+00:00,,True,864691135257689519,True,True,dendrite_extended,axon_partially_extended,91361239657215648,864691135257689519,[193472 229440  22605],773.888,917.76,904.2
1477,2024-08-02 17:37:16.073121+00:00,,True,864691135731707065,True,True,dendrite_extended,axon_partially_extended,91360964913621525,864691135731707065,[193120 227456  23700],772.48,909.824,948.0
1478,2024-08-02 17:37:16.073764+00:00,,True,864691135276188133,True,True,dendrite_extended,axon_partially_extended,89955308017293835,864691135276188133,[183312 240224  24004],733.248,960.896,960.16
1479,2024-08-02 17:37:16.074434+00:00,,True,864691136372012168,True,True,dendrite_extended,axon_partially_extended,92207520281586200,864691136372012168,[199632 242992  24616],798.528,971.968,984.64
1480,2024-08-02 17:37:16.075152+00:00,,True,864691136380400341,True,True,dendrite_extended,axon_partially_extended,91151714107032297,864691136380400341,[191824 241024  23771],767.296,964.096,950.84
1481,2024-08-02 17:37:16.075840+00:00,,True,864691135801376610,True,True,dendrite_extended,axon_partially_extended,88898196172408828,864691135801376610,[175392 228496  22919],701.568,913.984,916.76
1483,2024-08-02 17:37:16.077343+00:00,,True,864691135655521986,True,True,dendrite_extended,axon_partially_extended,89323707440491903,864691135655521986,[178448 253120  24704],713.792,1012.48,988.16
1486,2024-08-02 17:37:16.079361+00:00,,True,864691135773074683,True,True,dendrite_extended,axon_partially_extended,89110402050629471,864691135773074683,[176752 236496  23797],707.008,945.984,951.88
1488,2024-08-02 17:37:16.080683+00:00,,True,864691135688407776,True,True,dendrite_extended,axon_partially_extended,89181526574706405,864691135688407776,[177344 241984  22660],709.376,967.936,906.4
1490,2024-08-02 17:37:16.082016+00:00,,True,864691135361432391,True,True,dendrite_extended,axon_partially_extended,91644295383245761,864691135361432391,[195248 240992  24166],780.992,963.968,966.64
1491,2024-08-02 17:37:16.082687+00:00,,True,864691136389885047,True,True,dendrite_extended,axon_partially_extended,90941295203298524,864691136389885047,[190272 245968  24650],761.088,983.872,986.0
1492,2024-08-02 17:37:16.083384+00:00,,True,864691137021162094,True,True,dendrite_extended,axon_partially_extended,91642096024751246,864691137021162094,[195200 224608  21846],780.8,898.432,873.84
1494,2024-08-02 17:37:16.084845+00:00,,True,864691136311179354,True,True,dendrite_extended,axon_partially_extended,91292657686664445,864691136311179354,[192944 242624  23241],771.776,970.496,929.64
4626,2025-11-25 00:35:39.408007+00:00,,True,864691135499821331,True,True,dendrite_extended,axon_partially_extended,96769050226650105,864691135499821331,[232960 150560  23172],931.84,602.24,926.88
4627,2025-11-25 00:35:39.425146+00:00,,True,864691136239859772,True,True,dendrite_clean,axon_partially_extended,90928237966335523,864691136239859772,[190096 148864  20978],760.384,595.456,839.12
4628,2025-11-25 00:35:39.441675+00:00,,True,864691135102274592,True,True,dendrite_clean,axon_partially_extended,88530615489814580,864691135102274592,[173088 111280  21184],692.352,445.12,847.36
1501,2024-08-02 17:37:16.089543+00:00,,True,864691136596060322,True,True,dendrite_extended,axon_partially_extended,91644226596658653,864691136596060322,[195168 240736  23665],780.672,962.944,946.6
1504,2024-08-02 17:37:16.091687+00:00,,True,864691135801393250,True,True,dendrite_extended,axon_partially_extended,92701819544981435,864691135801393250,[203136 256032  25191],812.544,1024.128,1007.64
1511,2024-08-02 17:50:34.951431+00:00,,True,864691136904761266,True,True,dendrite_extended,axon_partially_extended,107040137762348606,864691136904761266,[307744 130080  20953],1230.976,520.32,838.12
1513,2024-08-02 17:50:35.005627+00:00,,True,864691135801133666,True,True,dendrite_extended,axon_partially_extended,111824181506791873,864691135801133666,[342192 122272  20062],1368.768,489.088,802.48
1514,2024-08-02 17:50:35.024737+00:00,,True,864691135361430087,True,True,dendrite_extended,axon_partially_extended,89034123095909107,864691135361430087,[176448 192352  21250],705.792,769.408,850.0
1515,2024-08-02 17:50:35.042283+00:00,,True,864691135868142870,True,True,dendrite_extended,axon_partially_extended,91642645981969769,864691135868142870,[195152 228768  23478],780.608,915.072,939.12
1517,2024-08-02 17:50:35.076953+00:00,,True,864691135276189669,True,True,dendrite_extended,axon_partially_extended,91220433315260453,864691135276189669,[192384 228832  21650],769.536,915.328,866.0
1519,2024-08-02 17:50:35.113916+00:00,,True,864691136389688695,True,True,dendrite_extended,axon_partially_extended,90710397493048266,864691136389688695,[188512  98944  22603],754.048,395.776,904.12
1526,2024-08-02 20:25:56.067777+00:00,,True,864691136195824204,True,True,dendrite_extended,axon_partially_extended,88109708761918664,864691136195824204,[169536 120704  21696],678.144,482.816,867.84
3212,2025-03-10 23:07:38.305556+00:00,,True,864691135369087481,True,True,dendrite_extended,axon_partially_extended,90590757085876562,864691135369087481,[187488 255904  24545],749.952,1023.616,981.8
4629,2025-11-25 00:35:39.455514+00:00,,True,864691135294480310,True,True,dendrite_extended,axon_fully_extended,89596935811480209,864691135294480310,[180288 191664  22600],721.152,766.656,904.0
1535,2024-08-02 20:25:56.201735+00:00,,True,864691136330407914,True,True,dendrite_clean,axon_partially_extended,88464095036445073,864691136330407914,[172352 139920  21312],689.408,559.68,852.48
1541,2024-08-02 20:25:56.286007+00:00,,True,864691135276132325,True,True,dendrite_clean,axon_partially_extended,87970689126320793,864691135276132325,[168992 133520  20745],675.968,534.08,829.8
4633,2025-11-25 00:35:39.514276+00:00,,True,864691135779006048,True,True,dendrite_extended,axon_partially_extended,90522243901481308,864691135779006048,[187392 269600  25372],749.568,1078.4,1014.88
1546,2024-08-02 20:25:56.353433+00:00,,True,864691136380268245,True,True,dendrite_clean,axon_partially_extended,90148478063383840,864691136380268245,[184464 106672  20599],737.856,426.688,823.96
1547,2024-08-02 20:25:56.368271+00:00,,True,864691136389679223,True,True,dendrite_clean,axon_partially_extended,89937921586703630,864691136389679223,[183184 110368  20625],732.736,441.472,825.0
4634,2025-11-25 00:35:39.529510+00:00,,True,864691135119709149,True,True,dendrite_extended,axon_partially_extended,86706388193052161,864691135119709149,[159296 151056  20498],637.184,604.224,819.92
1550,2024-08-02 20:25:56.411019+00:00,,True,864691135970226021,True,True,dendrite_clean,axon_partially_extended,90290452770764125,864691135970226021,[185888 115520  22631],743.552,462.08,905.24
3213,2025-03-10 23:07:38.306396+00:00,,True,864691136275771917,True,True,dendrite_extended,axon_partially_extended,92066164251200040,864691136275771917,[198688 238368  24432],794.752,953.472,977.28
4635,2025-11-25 00:35:39.547056+00:00,,True,864691134966621471,True,True,dendrite_extended,axon_fully_extended,91568154001927660,864691134966621471,[194928 197904  22816],779.712,791.616,912.64
1562,2024-08-02 20:25:56.575457+00:00,,True,864691135993150913,True,True,dendrite_clean,axon_partially_extended,89658164731009154,864691135993150913,[181136 123120  21543],724.544,492.48,861.72
4637,2025-11-25 00:35:39.577408+00:00,,True,864691135196475434,True,True,dendrite_extended,axon_partially_extended,88468836612844753,864691135196475434,[172464 175072  20483],689.856,700.288,819.32
4638,2025-11-25 00:35:39.594949+00:00,,True,864691135562842337,True,True,dendrite_extended,axon_fully_extended,90223794610281566,864691135562842337,[185344 143072  20928],741.376,572.288,837.12
1570,2024-08-02 20:25:56.686993+00:00,,True,864691135234382937,True,True,dendrite_extended,axon_partially_extended,90504513940629481,864691135234382937,[187296 137568  22530],749.184,550.272,901.2
1574,2024-08-02 20:47:40.634924+00:00,,True,864691136052366067,True,True,dendrite_clean,axon_partially_extended,90500115759990681,864691136052366067,[187312 105008  21563],749.248,420.032,862.52
1576,2024-08-02 20:47:40.663612+00:00,,True,864691135502885954,True,True,dendrite_clean,axon_partially_extended,90571102979733228,864691135502885954,[187616 109440  21807],750.464,437.76,872.28
1594,2024-08-02 20:55:26.133178+00:00,,True,864691135498973715,True,True,dendrite_extended,axon_partially_extended,89375246645623251,864691135498973715,[178880 112496  21851],715.52,449.984,874.04
1597,2024-08-02 20:55:26.179741+00:00,,True,864691136904656818,True,True,dendrite_clean,axon_partially_extended,90994827071958861,864691136904656818,[190992 120752  20242],763.968,483.008,809.68
4642,2025-11-25 00:35:39.661002+00:00,,True,864691135210178169,True,True,dendrite_extended,axon_fully_extended,87413718035552330,864691135210178169,[164656 177904  22562],658.624,711.616,902.48
1601,2024-08-02 20:56:25.297260+00:00,,True,864691135489677882,True,True,dendrite_clean,axon_partially_extended,90504651111308470,864691135489677882,[187232 138624  20609],748.928,554.496,824.36
4643,2025-11-25 00:35:39.674826+00:00,,True,864691135727867967,True,True,dendrite_clean,axon_partially_extended,91064577474794079,864691135727867967,[191328 115920  21048],765.312,463.68,841.92
3214,2025-03-10 23:07:38.307184+00:00,,True,864691135214653240,True,True,dendrite_extended,axon_partially_extended,89887619534085367,864691135214653240,[182752 259792  25527],731.008,1039.168,1021.08
4645,2025-11-25 00:35:39.711239+00:00,,True,864691136120658712,True,True,dendrite_extended,axon_partially_extended,92543970571587571,864691136120658712,[202032 128688  22839],808.128,514.752,913.56
1610,2024-08-02 20:56:54.746686+00:00,,True,864691135469753426,True,True,dendrite_clean,axon_partially_extended,88743783172412796,864691135469753426,[174224 126496  20149],696.896,505.984,805.96
4647,2025-11-25 00:35:39.750947+00:00,,True,864691135764890678,True,True,dendrite_extended,axon_partially_extended,89387616151457371,864691135764890678,[178752 204992  21876],715.008,819.968,875.04
4648,2025-11-25 00:35:39.769298+00:00,,True,864691135732377785,True,True,dendrite_extended,axon_partially_extended,89746675551826654,864691135732377785,[181616 258464  23023],726.464,1033.856,920.92
4649,2025-11-25 00:35:39.791097+00:00,,True,864691136596815778,True,True,dendrite_clean,axon_partially_extended,109501257101814867,864691136596815778,[325184 116528  20620],1300.736,466.112,824.8
2378,2024-11-16 22:34:02.414860+00:00,,True,864691137021264750,True,True,dendrite_extended,axon_partially_extended,89387547364912702,864691137021264750,[178848 204240  21385],715.392,816.96,855.4
2380,2024-11-16 22:34:02.440059+00:00,,True,864691135778544480,True,True,dendrite_clean,axon_partially_extended,89882258810769122,864691135778544480,[182560 220032  20852],730.24,880.128,834.08
2383,2024-11-18 19:20:18.967217+00:00,,True,864691134965778719,True,True,dendrite_extended,axon_fully_extended,97538227263082546,864691134965778719,[238576 114016  23026],954.304,456.064,921.04
2385,2024-11-18 19:38:24.199589+00:00,,True,864691135750307881,True,True,dendrite_extended,axon_partially_extended,89740490664456682,864691135750307881,[181568 212640  21847],726.272,850.56,873.88
2388,2024-11-18 19:38:24.263984+00:00,,True,864691136618795227,True,True,dendrite_extended,axon_partially_extended,88610948491257700,864691136618795227,[173136 185392  20931],692.544,741.568,837.24
2389,2024-11-18 19:38:24.281117+00:00,,True,864691135877825107,True,True,dendrite_clean,axon_partially_extended,89243854871867548,864691135877825107,[178112 182224  20782],712.448,728.896,831.28
2390,2024-11-18 19:38:24.295837+00:00,,True,864691136120038424,True,True,dendrite_clean,axon_partially_extended,89462589301856375,864691136120038424,[179408 238928  23355],717.632,955.712,934.2
2403,2024-12-03 23:22:52.354105+00:00,,True,864691136330122730,True,True,dendrite_extended,axon_fully_extended,88611429527463360,864691136330122730,[173552 188832  20819],694.208,755.328,832.76
2405,2024-12-03 23:24:32.817998+00:00,,True,864691135502748482,True,True,dendrite_extended,axon_fully_extended,88047929952176909,864691135502748482,[169104 184976  21599],676.416,739.904,863.96
1618,2024-08-02 22:14:52.976442+00:00,,True,864691135342594225,True,True,dendrite_clean,axon_partially_extended,91063546817100593,864691135342594225,[191264 108496  22290],765.056,433.984,891.6
1621,2024-08-02 22:14:53.036254+00:00,,True,864691135947258916,True,True,dendrite_extended,axon_partially_extended,88179046781337396,864691135947258916,[170208 113008  22507],680.832,452.032,900.28
3215,2025-03-10 23:07:38.307902+00:00,,True,864691135784641843,True,True,dendrite_extended,axon_partially_extended,91435869076217833,864691135784641843,[194000 260912  23258],776.0,1043.648,930.32
1624,2024-08-02 22:14:53.090842+00:00,,True,864691136144827444,True,True,dendrite_extended,axon_partially_extended,91133984146794451,864691136144827444,[191776 109104  21470],767.104,436.416,858.8
1626,2024-08-02 22:14:53.122954+00:00,,True,864691137198691137,True,True,dendrite_clean,axon_partially_extended,88178978061378529,864691137198691137,[170464 112688  22069],681.856,450.752,882.76
1627,2024-08-02 22:14:53.144748+00:00,,True,864691135404860654,True,True,dendrite_clean,axon_partially_extended,87967734188688863,864691135404860654,[168768 111776  20637],675.072,447.104,825.48
4650,2025-11-25 00:35:39.810884+00:00,,True,864691135294442678,True,True,dendrite_extended,axon_partially_extended,89448570394253033,864691135294442678,[179504 134464  22207],718.016,537.856,888.28
4651,2025-11-25 00:35:39.830383+00:00,,True,864691135480702662,True,True,dendrite_extended,axon_fully_extended,87627641632811751,864691135480702662,[165952 199024  21894],663.808,796.096,875.76
4652,2025-11-25 00:35:39.847881+00:00,,True,864691136058646488,True,True,dendrite_clean,axon_partially_extended,90360615155179836,864691136058646488,[186096 114176  21111],744.384,456.704,844.44
4653,2025-11-25 00:35:39.864162+00:00,,True,864691135810313757,False,True,none,axon_partially_extended,98589016982897859,864691135810313757,[245821  78906  24367],983.284,315.624,974.68
1638,2024-08-02 22:14:53.323516+00:00,,True,864691135304641703,True,True,dendrite_clean,axon_partially_extended,87969314803969367,864691135304641703,[168672 123472  21315],674.688,493.888,852.6
4654,2025-11-25 00:35:39.879133+00:00,,True,864691135398805281,True,True,dendrite_clean,axon_partially_extended,88391389896949075,864691135398805281,[172000 122128  21628],688.0,488.512,865.12
1644,2024-08-02 22:14:53.414670+00:00,,True,864691135993020097,True,True,dendrite_clean,axon_partially_extended,87897571670076296,864691135993020097,[168160 113296  21138],672.64,453.184,845.52
3216,2025-03-10 23:07:38.308663+00:00,,True,864691136107855065,True,True,dendrite_extended,axon_partially_extended,91225037855671050,864691136107855065,[192496 262864  24170],769.984,1051.456,966.8
1679,2024-08-02 22:14:53.960686+00:00,,True,864691135942611316,True,True,dendrite_extended,axon_partially_extended,88462308329875985,864691135942611316,[172224 126656  21141],688.896,506.624,845.64
1681,2024-08-02 22:14:53.992677+00:00,,True,864691135801163874,True,True,dendrite_clean,axon_partially_extended,89377102071272275,864691135801163874,[178736 126432  21628],714.944,505.728,865.12
1686,2024-08-02 22:14:54.073262+00:00,,True,864691135801267554,True,True,dendrite_clean,axon_partially_extended,90713214790649100,864691135801267554,[188944 119984  21398],755.776,479.936,855.92
1697,2024-08-02 22:14:54.239130+00:00,,True,864691135731679929,True,True,dendrite_extended,axon_partially_extended,90575363721151543,864691135731679929,[187632 141312  22539],750.528,565.248,901.56
1701,2024-08-02 22:14:54.295951+00:00,,True,864691135938816260,True,True,dendrite_clean,axon_partially_extended,89308107783758244,864691135938816260,[178352 136704  22172],713.408,546.816,886.88
1704,2024-08-02 22:14:54.343628+00:00,,True,864691135874782350,True,True,dendrite_extended,axon_partially_extended,88251408322917335,864691135874782350,[170816 127856  21691],683.264,511.424,867.64
1707,2024-08-02 22:14:54.391490+00:00,,True,864691136742067804,True,True,dendrite_clean,axon_partially_extended,90715345228573345,864691136742067804,[188496 135760  22355],753.984,543.04,894.2
1708,2024-08-02 22:14:54.406159+00:00,,True,864691135455400554,True,True,dendrite_clean,axon_partially_extended,88181795426193124,864691135455400554,[170192 133552  21447],680.768,534.208,857.88
1710,2024-08-02 22:14:54.438168+00:00,,True,864691135782156880,True,True,dendrite_clean,axon_partially_extended,90433320361718781,864691135782156880,[186832 131728  21215],747.328,526.912,848.6
1712,2024-08-02 22:14:54.469916+00:00,,True,864691135726939455,True,True,dendrite_clean,axon_partially_extended,90643120991617407,864691135726939455,[188400 121904  22011],753.6,487.616,880.44
1713,2024-08-02 22:14:54.489372+00:00,,True,864691136904594610,True,True,dendrite_clean,axon_partially_extended,88604695018405759,864691136904594610,[173312 138688  20501],693.248,554.752,820.04
1715,2024-08-02 22:14:54.525236+00:00,,True,864691136042462038,True,True,dendrite_clean,axon_partially_extended,90151845519437827,864691136042462038,[184800 131296  22474],739.2,525.184,898.96
1720,2024-08-02 22:14:54.611022+00:00,,True,864691136380312021,True,True,dendrite_clean,axon_partially_extended,89517564749196973,864691136380312021,[179984 124320  22475],719.936,497.28,899.0
3217,2025-03-10 23:07:38.309380+00:00,,True,864691135067448132,True,True,dendrite_extended,axon_partially_extended,90519219909187421,864691135067448132,[187312 247424  22975],749.248,989.696,919.0
4658,2025-11-25 00:35:39.939235+00:00,,True,864691135948215076,True,True,dendrite_extended,axon_partially_extended,90853540029286055,864691135948215076,[189824 116768  21967],759.296,467.072,878.68
4659,2025-11-25 00:35:39.954657+00:00,,True,864691136138803837,True,True,dendrite_extended,axon_partially_extended,88323288895574704,864691136138803837,[171488 139312  21678],685.952,557.248,867.12
1729,2024-08-02 22:14:54.745702+00:00,,True,864691135349839831,True,True,dendrite_clean,axon_partially_extended,89167438880543514,864691135349839831,[177200 136960  21048],708.8,547.84,841.92
1730,2024-08-02 22:14:54.760937+00:00,,True,864691136298125851,True,True,dendrite_clean,axon_partially_extended,88955576599984368,864691136298125851,[175856 131472  20407],703.424,525.888,816.28
1732,2024-08-02 22:14:54.794384+00:00,,True,864691135257669039,True,True,dendrite_clean,axon_partially_extended,88956195276658332,864691135257669039,[175696 136192  21990],702.784,544.768,879.6
1735,2024-08-02 22:14:54.840344+00:00,,True,864691135778811325,True,True,dendrite_clean,axon_partially_extended,90854983003652860,864691135778811325,[189760 127520  20540],759.04,510.08,821.6
1736,2024-08-02 22:14:54.855035+00:00,,True,864691135773073147,True,True,dendrite_clean,axon_partially_extended,89167713691492856,864691135773073147,[177632 139296  20662],710.528,557.184,826.48
1737,2024-08-02 22:14:54.869227+00:00,,True,864691136389921911,True,True,dendrite_clean,axon_partially_extended,90644426661199216,864691136389921911,[188320 131408  21605],753.28,525.632,864.2
1741,2024-08-02 22:14:54.928965+00:00,,True,864691135688387040,True,True,dendrite_clean,axon_partially_extended,88043119656150966,864691135688387040,[169280 149136  22318],677.12,596.544,892.72
1742,2024-08-02 22:14:54.944020+00:00,,True,864691135778815421,True,True,dendrite_extended,axon_partially_extended,87971720052591804,864691135778815421,[168592 141392  21692],674.368,565.568,867.68
1747,2024-08-21 19:08:13.078609+00:00,,True,864691135014246390,True,True,dendrite_extended,axon_partially_extended,89601952467994305,864691135014246390,[180752 229040  23988],723.008,916.16,959.52
1748,2024-08-21 19:08:13.079465+00:00,,True,864691135356320463,True,True,dendrite_extended,axon_partially_extended,91857050950576400,864691135356320463,[196848 253232  24878],787.392,1012.928,995.12
1749,2024-08-21 19:08:13.080249+00:00,,True,864691136025333561,True,True,dendrite_extended,axon_partially_extended,90227436809480840,864691136025333561,[184912 170592  21279],739.648,682.368,851.16
1750,2024-08-21 19:08:13.080999+00:00,,True,864691137055244406,True,True,dendrite_extended,axon_partially_extended,92137838598428851,864691137055244406,[199056 248208  23987],796.224,992.832,959.48
1751,2024-08-21 19:08:13.081708+00:00,,True,864691135591533579,True,True,dendrite_extended,axon_partially_extended,92067469988059542,864691135591533579,[198368 248288  24656],793.472,993.152,986.24
1754,2024-08-21 19:08:13.083798+00:00,,True,864691135885298544,True,True,dendrite_extended,axon_partially_extended,91855951237646491,864691135885298544,[196752 245408  23340],787.008,981.632,933.6
1755,2024-08-21 19:08:13.084505+00:00,,True,864691135948010081,True,True,dendrite_extended,axon_partially_extended,91925770292958060,864691135948010081,[197200 240928  23738],788.8,963.712,949.52
1757,2024-08-21 19:08:13.086011+00:00,,True,864691135698820373,True,True,dendrite_extended,axon_partially_extended,89532202131924805,864691135698820373,[179888 233568  23459],719.552,934.272,938.36
1758,2024-08-21 19:08:13.086676+00:00,,True,864691136021849848,True,True,dendrite_extended,axon_partially_extended,92490300928439977,864691136021849848,[201472 252672  24681],805.888,1010.688,987.24
1762,2024-08-21 19:08:13.089346+00:00,,True,864691135566122071,True,True,dendrite_extended,axon_partially_extended,88899295885176142,864691135566122071,[175440 236640  24287],701.76,946.56,971.48
1763,2024-08-21 19:08:13.090012+00:00,,True,864691136619828877,True,True,dendrite_extended,axon_partially_extended,92277614013854263,864691136619828877,[200000 241104  23766],800.0,964.416,950.64
1764,2024-08-21 19:08:13.090690+00:00,,True,864691135763491126,True,True,dendrite_extended,axon_partially_extended,88898745994932129,864691135763491126,[175344 232624  23084],701.376,930.496,923.36
3219,2025-03-10 23:07:38.310809+00:00,,True,864691136275807757,True,True,dendrite_extended,axon_partially_extended,89744614101250825,864691136275807757,[181600 242992  23652],726.4,971.968,946.08
4661,2025-11-25 00:35:39.985497+00:00,,True,864691135573276197,True,True,dendrite_extended,axon_partially_extended,90867902466795021,864691135573276197,[189520 223920  22237],758.08,895.68,889.48
4662,2025-11-25 00:35:40.000360+00:00,,True,864691135699522069,True,True,dendrite_extended,axon_partially_extended,90580860944070714,864691135699522069,[187840 182352  20204],751.36,729.408,808.16
1782,2024-08-21 19:08:13.103728+00:00,,True,864691135694189759,True,True,dendrite_extended,axon_partially_extended,91294581765133868,864691135694189759,[192912 256816  22930],771.648,1027.264,917.2
1783,2024-08-21 19:08:13.104387+00:00,,True,864691135947366692,True,True,dendrite_extended,axon_partially_extended,90731151043723740,864691135947366692,[188528 253616  24883],754.112,1014.464,995.32
1788,2024-08-21 19:08:13.107627+00:00,,True,864691135810803660,True,True,dendrite_extended,axon_partially_extended,91223319734677208,864691135810803660,[192464 250128  23266],769.856,1000.512,930.64
1789,2024-08-21 19:08:13.108303+00:00,,True,864691135271103653,True,True,dendrite_extended,axon_partially_extended,89676169569698746,864691135271103653,[181136 257456  24289],724.544,1029.824,971.56
1794,2024-08-21 19:08:13.111697+00:00,,True,864691134989919098,True,True,dendrite_extended,axon_partially_extended,91925357976082239,864691134989919098,[197504 237856  23720],790.016,951.424,948.8
1795,2024-08-21 19:08:13.112359+00:00,,True,864691136117811876,True,True,dendrite_extended,axon_partially_extended,89885282736241786,864691136117811876,[182800 242400  22966],731.2,969.6,918.64
1798,2024-08-21 19:08:13.114377+00:00,,True,864691135938925109,True,True,dendrite_extended,axon_partially_extended,90238226236836814,864691135938925109,[185024 250880  24664],740.096,1003.52,986.56
1800,2024-08-21 19:08:13.115665+00:00,,True,864691137198844737,True,True,dendrite_extended,axon_partially_extended,90023958640448939,864691137198844737,[183568 227408  23038],734.272,909.632,921.52
1803,2024-08-21 19:08:13.117746+00:00,,True,864691136090728503,True,True,dendrite_extended,axon_partially_extended,89886244808603893,864691136090728503,[182448 249728  22643],729.792,998.912,905.72
1804,2024-08-21 19:08:13.118430+00:00,,True,864691136452543231,True,True,dendrite_extended,axon_partially_extended,89252445208777277,864691136452543231,[178032 246288  23567],712.128,985.152,942.68
1805,2024-08-21 19:08:13.119080+00:00,,True,864691135938990901,True,True,dendrite_extended,axon_partially_extended,89957094723467230,864691135938990901,[183248 253408  23767],732.992,1013.632,950.68
1808,2024-08-21 19:09:51.119516+00:00,,True,864691136488591378,True,True,dendrite_extended,axon_partially_extended,91570215586331752,864691136488591378,[194736 213472  22916],778.944,853.888,916.64
1811,2024-08-21 19:09:51.171393+00:00,,True,864691135865648254,True,True,dendrite_extended,axon_partially_extended,89108546356072007,864691135865648254,[176912 222800  21553],707.648,891.2,862.12
1812,2024-08-21 19:09:51.187983+00:00,,True,864691135498997267,True,True,dendrite_extended,axon_partially_extended,89177540778107458,864691135498997267,[177616 212304  22301],710.464,849.216,892.04
1817,2024-08-21 19:28:33.171508+00:00,,True,864691135271038885,True,True,dendrite_clean,axon_partially_extended,88884245783044551,864691135271038885,[175344 124288  20315],701.376,497.152,812.6
4664,2025-11-25 00:35:40.034558+00:00,,True,864691135869457430,True,True,dendrite_extended,axon_fully_extended,92055512329576177,864691135869457430,[198624 159104  21248],794.496,636.416,849.92
4665,2025-11-25 00:35:40.053561+00:00,,True,864691136196932172,True,True,dendrite_extended,axon_fully_extended,92756107596088709,864691136196932172,[203712 136096  22690],814.848,544.384,907.6
3220,2025-03-10 23:07:38.311524+00:00,,True,864691135787242948,True,True,dendrite_extended,axon_partially_extended,92209856676697579,864691135787242948,[199408 260720  24098],797.632,1042.88,963.92
1829,2024-08-21 19:28:33.385755+00:00,,True,864691135763433270,True,True,dendrite_clean,axon_partially_extended,88674101690450393,864691135763433270,[173696 131472  20938],694.784,525.888,837.52
4666,2025-11-25 00:39:33.605996+00:00,,True,864691135183999490,True,True,dendrite_extended,axon_fully_extended,88040714474248621,864691135183999490,[169328 130912  22110],677.312,523.648,884.4
1835,2024-08-21 19:28:33.490391+00:00,,True,864691135919756208,True,True,dendrite_clean,axon_partially_extended,87969795974184791,864691135919756208,[168512 126896  22073],674.048,507.584,882.92
4668,2025-11-25 00:39:33.647403+00:00,,True,864691135398817569,True,True,dendrite_extended,axon_fully_extended,90430228186324001,864691135398817569,[186640 108656  22542],746.56,434.624,901.68
1840,2024-08-21 19:28:33.576939+00:00,,True,864691135640297787,True,True,dendrite_clean,axon_partially_extended,89380606764495324,864691135640297787,[179136 152704  21579],716.544,610.816,863.16
4669,2025-11-25 00:39:33.666184+00:00,,True,864691136288598467,True,True,dendrite_extended,axon_fully_extended,90007603203593521,864691136288598467,[183424 105440  21503],733.696,421.76,860.12
1843,2024-08-21 19:28:33.631425+00:00,,True,864691135276234469,True,True,dendrite_clean,axon_partially_extended,90785645051964842,864691135276234469,[189312 134976  20835],757.248,539.904,833.4
4670,2025-11-25 00:39:33.684128+00:00,,True,864691136953958879,True,True,dendrite_extended,axon_fully_extended,88672040374050892,864691136953958879,[173680 116048  22556],694.72,464.192,902.24
4671,2025-11-25 00:39:33.700050+00:00,,True,864691136524089489,True,True,dendrite_extended,axon_fully_extended,90218915728209651,864691136524089489,[185248 106992  22018],740.992,427.968,880.72
1854,2024-08-21 19:28:33.820651+00:00,,True,864691134941412707,True,True,dendrite_clean,axon_partially_extended,90573370722448987,864691134941412707,[187696 126560  21803],750.784,506.24,872.12
1856,2024-08-21 19:28:33.854954+00:00,,True,864691136618553563,True,True,dendrite_clean,axon_partially_extended,89169843928501249,864691136618553563,[177376 155072  20434],709.504,620.288,817.36
1857,2024-08-21 19:28:33.873210+00:00,,True,864691136579129876,True,True,dendrite_clean,axon_partially_extended,91068219607203505,864691136579129876,[191360 143440  21157],765.44,573.76,846.28
1858,2024-08-21 19:28:33.891724+00:00,,True,864691135271077541,True,True,dendrite_clean,axon_partially_extended,91280012900528155,864691135271077541,[193056 148640  20312],772.224,594.56,812.48
1859,2024-08-21 19:28:33.906674+00:00,,True,864691135694246079,True,True,dendrite_clean,axon_partially_extended,90716856922718275,864691135694246079,[188672 146864  21221],754.688,587.456,848.84
1860,2024-08-21 19:28:33.923431+00:00,,True,864691135694264511,True,True,dendrite_clean,axon_partially_extended,90436206713698388,864691135694264511,[186448 152992  22049],745.792,611.968,881.96
1863,2024-08-21 19:28:33.972208+00:00,,True,864691135782241616,True,True,dendrite_extended,axon_partially_extended,88393863664263239,864691135782241616,[171920 140624  20945],687.68,562.496,837.8
1864,2024-08-21 19:28:33.989443+00:00,,True,864691135387988609,True,True,dendrite_clean,axon_partially_extended,87972544686128827,864691135387988609,[168784 147648  21524],675.136,590.592,860.96
1865,2024-08-21 19:28:34.005508+00:00,,True,864691135988557315,True,True,dendrite_extended,axon_partially_extended,88886994629275536,864691135988557315,[175648 144864  20903],702.592,579.456,836.12
1866,2024-08-21 19:28:34.021613+00:00,,True,864691136311267930,True,True,dendrite_clean,axon_partially_extended,89589788918869259,864691136311267930,[180560 138128  22136],722.24,552.512,885.44
1870,2024-08-21 19:28:34.086523+00:00,,True,864691136101340021,True,True,dendrite_clean,axon_partially_extended,88324594431547526,864691136101340021,[171520 148896  20751],686.08,595.584,830.04
1872,2024-08-21 19:28:34.121557+00:00,,True,864691135801463650,True,True,dendrite_clean,axon_partially_extended,90784683113427194,864691135801463650,[189472 127760  21804],757.888,511.04,872.16
1873,2024-08-21 19:28:34.136736+00:00,,True,864691135136360217,True,True,dendrite_clean,axon_partially_extended,90575638465210654,864691135136360217,[187696 143456  21818],750.784,573.824,872.72
1874,2024-08-21 19:28:34.153468+00:00,,True,864691135868210454,True,True,dendrite_clean,axon_partially_extended,89942044956983237,864691135868210454,[182880 141152  22440],731.52,564.608,897.6
3221,2025-03-10 23:07:38.312233+00:00,,True,864691135447582354,True,True,dendrite_extended,axon_partially_extended,90942188422239275,864691135447582354,[190416 252624  23572],761.664,1010.496,942.88
1876,2024-08-21 19:28:34.186745+00:00,,True,864691136195891788,True,True,dendrite_clean,axon_partially_extended,89660913644352326,864691136195891788,[180832 143712  22612],723.328,574.848,904.48
1877,2024-08-21 19:28:34.204491+00:00,,True,864691136975144988,True,True,dendrite_clean,axon_partially_extended,90644014411629504,864691136975144988,[188400 128704  22291],753.6,514.816,891.64
1879,2024-08-21 19:28:34.237577+00:00,,True,864691135719900721,True,True,dendrite_clean,axon_partially_extended,88679187132830322,864691135719900721,[173904 169344  22341],695.616,677.376,893.64
1880,2024-08-21 19:28:34.253468+00:00,,True,864691135562004193,True,True,dendrite_clean,axon_partially_extended,88748524883246710,864691135562004193,[174400 161696  20530],697.6,646.784,821.2
1881,2024-08-21 19:28:34.269008+00:00,,True,864691136052637171,True,True,dendrite_clean,axon_partially_extended,88326037741551461,864691136052637171,[171200 159888  22030],684.8,639.552,881.2
1884,2024-08-21 19:28:34.321034+00:00,,True,864691134948973308,True,True,dendrite_clean,axon_partially_extended,89381706343249088,864691135274860561,[179056 160704  22098],716.224,642.816,883.92
1885,2024-08-21 19:28:34.335548+00:00,,True,864691135546161704,True,True,dendrite_clean,axon_partially_extended,88958737763070738,864691135546161704,[175728 155040  20958],702.912,620.16,838.32
1887,2024-08-21 19:28:34.370198+00:00,,True,864691136975088156,True,True,dendrite_clean,axon_partially_extended,90999431545173178,864691136975088156,[190912 155040  22156],763.648,620.16,886.24
1888,2024-08-21 19:28:34.388133+00:00,,True,864691135810773452,True,True,dendrite_clean,axon_partially_extended,90788187672462974,864691135810773452,[189440 153904  20706],757.76,615.616,828.24
1893,2024-08-21 19:28:34.473469+00:00,,True,864691135725748139,True,True,dendrite_clean,axon_partially_extended,90296568669974050,864691135725748139,[185520 161008  21625],742.08,644.032,865.0
1894,2024-08-21 19:28:34.490552+00:00,,True,864691135294520844,True,True,dendrite_clean,axon_partially_extended,89803781168041578,864691135294520844,[182160 159936  20563],728.64,639.744,822.52
1906,2024-08-21 19:28:34.698226+00:00,,True,864691135694406335,True,True,dendrite_clean,axon_partially_extended,89593499770557691,864691135694406335,[180640 165616  22117],722.56,662.464,884.68
1908,2024-08-21 19:28:34.733033+00:00,,True,864691135694415551,True,True,dendrite_clean,axon_partially_extended,88044356338331571,864691135694415551,[169440 158128  20266],677.76,632.512,810.64
1919,2024-08-21 19:28:34.917877+00:00,,True,864691136101341045,True,True,dendrite_clean,axon_partially_extended,90296774962545596,864691136101341045,[185696 162976  22576],742.784,651.904,903.04
3684,2025-05-16 23:34:24.458711+00:00,,True,864691135431441968,False,True,none,axon_fully_extended,85242595357463897,864691135431441968,[148636 254883  26330],594.544,1019.532,1053.2
1930,2024-09-13 22:15:24.166527+00:00,,True,864691135014256630,True,True,dendrite_extended,axon_partially_extended,91291901772627608,864691135014256630,[192848 237136  23408],771.392,948.544,936.32
4676,2025-11-25 00:39:33.781612+00:00,,True,864691135757002450,True,True,dendrite_extended,axon_fully_extended,90501215137650063,864691135757002450,[187104 112880  20725],748.416,451.52,829.0
1932,2024-09-13 22:15:24.167949+00:00,,True,864691136579193108,True,True,dendrite_extended,axon_partially_extended,90659064044201260,864691136579193108,[187968 240336  22837],751.872,961.344,913.48
1939,2024-09-13 22:15:24.172748+00:00,,True,864691135586773628,True,True,dendrite_extended,axon_partially_extended,89676925550962270,864691135586773628,[180944 262928  24739],723.776,1051.712,989.56
1941,2024-09-13 22:15:24.174101+00:00,,True,864691135479744454,True,True,dendrite_extended,axon_partially_extended,90802275567884134,864691135479744454,[189472 258960  23798],757.888,1035.84,951.92
1943,2024-09-13 22:15:24.175449+00:00,,True,864691135725838763,True,True,dendrite_extended,axon_partially_extended,88969183459058405,864691135725838763,[176016 233024  23451],704.064,932.096,938.04
1956,2024-09-13 22:15:24.185304+00:00,,True,864691135591725067,True,True,dendrite_extended,axon_partially_extended,91504176236297969,864691135591725067,[194400 245536  23449],777.6,982.144,937.96
1957,2024-09-13 22:15:24.185944+00:00,,True,864691135539591282,True,True,dendrite_extended,axon_partially_extended,91644363901687543,864691135539591282,[195504 241504  22876],782.016,966.016,915.04
1959,2024-09-13 22:15:24.187244+00:00,,True,864691135782278224,True,True,dendrite_extended,axon_partially_extended,91081688960337944,864691135782278224,[191392 243424  23847],765.568,973.696,953.88
1960,2024-09-13 22:15:24.187904+00:00,,True,864691135572712485,True,True,dendrite_extended,axon_partially_extended,89957850771893171,864691135572712485,[183072 258800  24782],732.288,1035.2,991.28
1963,2024-09-13 22:15:24.189855+00:00,,True,864691135778335328,True,True,dendrite_extended,axon_partially_extended,89109783575117637,864691135778335328,[177136 232064  23637],708.544,928.256,945.48
1965,2024-09-13 22:15:24.192115+00:00,,True,864691135279848865,True,True,dendrite_extended,axon_partially_extended,91221739320706340,864691135279848865,[192368 238448  24087],769.472,953.792,963.48
1967,2024-09-13 22:15:24.193606+00:00,,True,864691135885361520,True,True,dendrite_extended,axon_partially_extended,90520800591237416,864691135885361520,[186928 258816  23896],747.712,1035.264,955.84
1969,2024-09-13 22:15:24.194901+00:00,,True,864691136390099728,True,True,dendrite_extended,axon_partially_extended,92490987988956073,864691136390099728,[201280 257792  23620],805.12,1031.168,944.8
1971,2024-09-13 22:15:24.196205+00:00,,True,864691135473453362,True,True,dendrite_extended,axon_partially_extended,89463070539231801,864691135473453362,[179584 242864  24641],718.336,971.456,985.64
1972,2024-09-13 22:15:24.196844+00:00,,True,864691135939114293,True,True,dendrite_extended,axon_partially_extended,92772119502730686,864691135939114293,[203712 255376  24841],814.848,1021.504,993.64
1973,2024-09-13 22:15:24.197483+00:00,,True,864691135941293057,True,True,dendrite_extended,axon_partially_extended,91081620106537605,864691135941293057,[191232 243056  22730],764.928,972.224,909.2
1975,2024-09-13 22:27:07.927814+00:00,,True,864691135361548615,True,True,dendrite_extended,axon_partially_extended,88192034762071809,864691135361548615,[170176 209648  22167],680.704,838.592,886.68
3222,2025-03-10 23:07:38.313050+00:00,,True,864691135456165738,True,True,dendrite_extended,axon_partially_extended,89676788112189528,864691135456165738,[181008 262144  24912],724.032,1048.576,996.48
1982,2024-09-13 22:27:08.071146+00:00,,True,864691136484364844,True,True,dendrite_extended,axon_partially_extended,88263021981500383,864691136484364844,[170992 214304  22130],683.968,857.216,885.2
1985,2024-09-13 22:27:08.136629+00:00,,True,864691135271282085,True,True,dendrite_extended,axon_partially_extended,91212118057308865,864691135271282085,[192208 167104  20176],768.832,668.416,807.04
1987,2024-09-13 22:27:08.179934+00:00,,True,864691135868334870,True,True,dendrite_extended,axon_partially_extended,90659476360779623,864691135868334870,[188064 243728  22589],752.256,974.912,903.56
1988,2024-09-13 22:27:08.202741+00:00,,True,864691136523033233,True,True,dendrite_extended,axon_partially_extended,91077153340676495,864691136523033233,[191424 209888  22845],765.696,839.552,913.8
1992,2024-09-13 22:27:08.282846+00:00,,True,864691135430131760,True,True,dendrite_extended,axon_partially_extended,91008365010130072,864691135430131760,[190752 221440  21712],763.008,885.76,868.48
4678,2025-11-25 00:39:33.813377+00:00,,True,864691135587666812,True,True,dendrite_extended,axon_fully_extended,90500940527985455,864691135587666812,[187312 111232  22632],749.248,444.928,905.28
4679,2025-11-25 00:39:33.830495+00:00,,True,864691136619529179,True,True,dendrite_extended,axon_fully_extended,89445615255706987,864691136619529179,[179504 112352  20886],718.016,449.408,835.44
2001,2024-09-13 22:27:32.466607+00:00,,True,864691135989943040,True,True,dendrite_clean,axon_partially_extended,88535425987372472,864691135989943040,[172704 147120  22205],690.816,588.48,888.2
2006,2024-09-13 22:27:32.568381+00:00,,True,864691135464162366,True,True,dendrite_clean,axon_partially_extended,90716307099658101,864691135464162366,[188592 143008  20596],754.368,572.032,823.84
2008,2024-09-13 22:27:32.612923+00:00,,True,864691135455507818,True,True,dendrite_clean,axon_partially_extended,88114244247322306,864691135455507818,[169536 154544  21652],678.144,618.176,866.08
2012,2024-09-13 22:27:32.692898+00:00,,True,864691135760050254,True,True,dendrite_clean,axon_partially_extended,89730869736404554,864691135760050254,[181792 140560  20289],727.168,562.24,811.56
2017,2024-10-26 18:11:21.998048+00:00,,True,864691135569363948,True,True,dendrite_extended,axon_partially_extended,91645532200104152,864691135569363948,[195456 250176  23553],781.824,1000.704,942.12
2020,2024-10-26 18:11:22.000400+00:00,,True,864691135659140738,True,True,dendrite_extended,axon_partially_extended,89111776507337947,864691135659140738,[177152 246608  24348],708.608,986.432,973.92
2022,2024-10-26 18:11:22.001993+00:00,,True,864691135209280633,True,True,dendrite_extended,axon_partially_extended,97121718715505436,864691135209280633,[235360 156576  24201],941.44,626.304,968.04
2025,2024-10-26 18:11:22.004131+00:00,,True,864691135741090196,True,True,dendrite_extended,axon_partially_extended,95574911946535999,864691135741090196,[223904 166416  23695],895.616,665.664,947.8
2026,2024-10-26 18:11:22.004845+00:00,,True,864691135134016928,True,True,dendrite_extended,axon_partially_extended,86919487089608565,864691135134016928,[161088 165968  19401],644.352,663.872,776.04
2029,2024-10-26 18:11:22.006925+00:00,,True,864691135698922005,True,True,dendrite_extended,axon_partially_extended,97401131772680841,864691135698922005,[237312 141488  21931],949.248,565.952,877.24
2031,2024-10-26 18:11:22.008346+00:00,,True,864691136335276211,True,True,dendrite_extended,axon_partially_extended,85935011798240941,864691136335276211,[153648 170816  18446],614.592,683.264,737.84
3223,2025-03-10 23:07:38.313746+00:00,,True,864691135773731403,True,True,dendrite_extended,axon_partially_extended,92207794891526028,864691135773731403,[199616 244960  22930],798.464,979.84,917.2
2033,2024-10-26 18:11:22.009845+00:00,,True,864691135360346200,True,True,dendrite_extended,axon_partially_extended,91842825414845925,864691135360346200,[196656 147600  20220],786.624,590.4,808.8
2034,2024-10-26 18:11:22.010522+00:00,,True,864691136372047496,True,True,dendrite_extended,axon_partially_extended,95853981875780580,864691136372047496,[226240 148560  24721],904.96,594.24,988.84
2035,2024-10-26 18:11:22.011169+00:00,,True,864691135060020123,True,True,dendrite_extended,axon_partially_extended,92971061582587944,864691135060020123,[205088 164784  18698],820.352,659.136,747.92
2036,2024-10-26 18:11:22.011862+00:00,,True,864691135583172717,True,True,dendrite_extended,axon_partially_extended,94658743681594286,864691135583172717,[217392 155968  22358],869.568,623.872,894.32
2038,2024-10-26 18:11:22.013264+00:00,,True,864691136725093373,True,True,dendrite_extended,axon_partially_extended,83893149985942350,864691136725093373,[139248 162176  18436],556.992,648.704,737.44
2041,2024-10-26 18:11:22.015396+00:00,,True,864691136052738803,True,True,dendrite_extended,axon_partially_extended,89099750464573059,864691136052738803,[177120 156960  23234],708.48,627.84,929.36
2042,2024-10-26 18:11:22.016068+00:00,,True,864691136674492295,True,True,dendrite_extended,axon_partially_extended,96841824018105695,864691136674492295,[233376 168176  22021],933.504,672.704,880.84
2043,2024-10-26 18:11:22.017939+00:00,,True,864691135430275120,True,True,dendrite_extended,axon_partially_extended,86707831302264210,864691135430275120,[159744 161824  20654],638.976,647.296,826.16
4680,2025-11-25 00:39:33.851359+00:00,,True,864691135997332650,True,True,dendrite_extended,axon_fully_extended,88392214597937672,864691135997332650,[171712 128336  22290],686.848,513.344,891.6
2048,2024-10-26 18:11:22.021337+00:00,,True,864691135464302493,True,True,dendrite_extended,axon_partially_extended,98881486606367659,864691135464302493,[248048 160768  20943],992.192,643.072,837.72
2049,2024-10-26 18:11:22.021994+00:00,,True,864691136420195223,True,True,dendrite_extended,axon_partially_extended,98811461862233429,864691136420195223,[247568 163264  24038],990.272,653.056,961.52
2054,2024-10-26 18:11:22.025252+00:00,,True,864691135927381774,True,True,dendrite_extended,axon_partially_extended,83400981295081234,864691135927381774,[135280 165264  20095],541.12,661.056,803.8
2057,2024-10-26 18:11:22.027382+00:00,,True,864691135810905036,True,True,dendrite_extended,axon_partially_extended,89732931186280875,864691135810905036,[181584 156256  19090],726.336,625.024,763.6
2058,2024-10-26 18:11:22.028042+00:00,,True,864691135996158378,True,True,dendrite_extended,axon_partially_extended,83892119194106429,864691135996158378,[139072 154800  18669],556.288,619.2,746.76
2059,2024-10-26 18:11:22.028739+00:00,,True,864691135640398651,True,True,dendrite_extended,axon_partially_extended,96205619035741668,864691135640398651,[228608 146656  21785],914.432,586.624,871.4
2060,2024-10-26 18:11:22.029417+00:00,,True,864691135779020221,True,True,dendrite_extended,axon_partially_extended,93955468153696321,864691135779020221,[212288 158992  19012],849.152,635.968,760.48
2061,2024-10-26 18:11:22.030076+00:00,,True,864691135595040043,True,True,dendrite_extended,axon_partially_extended,98599530727504992,864691135595040043,[245840 157168  21958],983.36,628.672,878.32
2062,2024-10-26 18:11:22.030756+00:00,,True,864691136420303511,True,True,dendrite_extended,axon_partially_extended,90157067796728910,864691136420303511,[184544 170224  19128],738.176,680.896,765.12
2064,2024-10-26 18:11:22.032088+00:00,,True,864691136424439855,True,True,dendrite_extended,axon_partially_extended,91915942803803048,864691136424439855,[197504 168000  19134],790.016,672.0,765.36
2067,2024-10-26 18:11:22.034214+00:00,,True,864691136523118481,True,True,dendrite_extended,axon_partially_extended,88327136649518722,864691136523118481,[171232 167744  17676],684.928,670.976,707.04
2068,2024-10-26 18:11:22.034890+00:00,,True,864691135990009600,True,True,dendrite_extended,axon_partially_extended,95716405147656205,864691135990009600,[225168 171760  22052],900.672,687.04,882.08
2069,2024-10-26 18:11:22.035578+00:00,,True,864691135976105839,True,True,dendrite_extended,axon_partially_extended,98668593331944219,864691135976105839,[246624 147568  18413],986.496,590.272,736.52
2070,2024-10-26 18:11:22.036261+00:00,,True,864691135386899029,True,True,dendrite_extended,axon_partially_extended,88467806223908962,864691135386899029,[172288 167248  23985],689.152,668.992,959.4
2072,2024-10-26 18:11:22.037627+00:00,,True,864691136033332155,True,True,dendrite_extended,axon_partially_extended,91774312431778759,864691136033332155,[196512 161136  22539],786.048,644.544,901.56
2074,2024-10-26 18:11:22.038963+00:00,,True,864691135874914702,True,True,dendrite_extended,axon_partially_extended,85087906808627614,864691135874914702,[147536 150928  18527],590.144,603.712,741.08
2077,2024-10-26 18:11:22.041085+00:00,,True,864691135741965931,True,True,dendrite_extended,axon_partially_extended,97755930027963021,864691135741965931,[239920 163408  18465],959.68,653.632,738.6
2078,2024-10-26 18:11:22.041899+00:00,,True,864691135430486576,True,True,dendrite_extended,axon_partially_extended,95925449930607657,864691135430486576,[226432 156608  23509],905.728,626.432,940.36
2082,2024-10-26 18:11:22.044572+00:00,,True,864691135583352941,True,True,dendrite_extended,axon_partially_extended,99160694309862207,864691135583352941,[250160 143904  24304],1000.64,575.616,972.16
2084,2024-10-26 18:11:22.045900+00:00,,True,864691136136240011,True,True,dendrite_extended,axon_partially_extended,99020850040667641,864691136136240011,[249376 150272  23472],997.504,601.088,938.88
2085,2024-10-26 18:11:22.046577+00:00,,True,864691136311381338,True,True,dendrite_extended,axon_partially_extended,98808918704742422,864691136311381338,[247600 144096  19965],990.4,576.384,798.6
2087,2024-10-26 18:11:22.047903+00:00,,True,864691137055405174,True,True,dendrite_extended,axon_partially_extended,95293986658816235,864691137055405174,[221984 170560  23436],887.936,682.24,937.44
3224,2025-03-10 23:07:38.314432+00:00,,True,864691135885635952,True,True,dendrite_extended,axon_partially_extended,90027119803285421,864691135885635952,[183616 250784  23389],734.464,1003.136,935.56
2089,2024-10-26 18:11:22.049399+00:00,,True,864691135726077611,True,True,dendrite_extended,axon_partially_extended,99372487401514515,864691135726077611,[251776 148880  21675],1007.104,595.52,867.0
4681,2025-11-25 00:39:33.868791+00:00,,True,864691135943593332,True,True,dendrite_extended,axon_fully_extended,89797871360450461,864691135943593332,[182048 115584  21330],728.192,462.336,853.2
2101,2024-10-26 18:19:11.338730+00:00,,True,864691136057790424,True,True,dendrite_extended,axon_partially_extended,89602295863921793,864691136057790424,[180544 231616  22405],722.176,926.464,896.2
2103,2024-10-26 18:19:11.376864+00:00,,True,864691136313301565,True,True,dendrite_extended,axon_partially_extended,89664555441514504,864691136313301565,[180784 170704  20416],723.136,682.816,816.64
2104,2024-10-26 18:19:11.394580+00:00,,True,864691136372039560,True,True,dendrite_extended,axon_partially_extended,90724828449027978,864691136372039560,[188944 206160  21639],755.776,824.64,865.56
2106,2024-10-26 18:19:11.433940+00:00,,True,864691136228723281,True,True,dendrite_extended,axon_partially_extended,91218096786179724,864691136228723281,[192144 211616  21338],768.576,846.464,853.52
2107,2024-10-26 18:29:33.341819+00:00,,True,864691135562052065,True,True,dendrite_clean,axon_partially_extended,88112732284560070,864691135562052065,[169888 143056  20600],679.552,572.224,824.0
2108,2024-10-26 18:29:33.361353+00:00,,True,864691135417313722,True,True,dendrite_clean,axon_partially_extended,88886926043985578,864691135417313722,[175616 144496  21881],702.464,577.984,875.24
2111,2024-10-26 18:29:33.413674+00:00,,True,864691136674327431,True,True,dendrite_clean,axon_partially_extended,88744882818015940,864691136674327431,[174496 134704  20995],697.984,538.816,839.8
2112,2024-10-26 18:29:33.427979+00:00,,True,864691136991359893,True,True,dendrite_clean,axon_partially_extended,90716925709045800,864691136991359893,[188832 147520  21519],755.328,590.08,860.76
2114,2024-10-26 18:29:33.460653+00:00,,True,864691135335937513,True,True,dendrite_clean,axon_partially_extended,90436069207709327,864691135335937513,[186864 151904  21595],747.456,607.616,863.8
2117,2024-10-26 18:29:33.513039+00:00,,True,864691137055367798,True,True,dendrite_clean,axon_partially_extended,90998950374685809,864691137055367798,[190752 151616  21188],763.008,606.464,847.52
2119,2024-10-26 18:29:33.548984+00:00,,True,864691134941495395,True,True,dendrite_clean,axon_partially_extended,89660776071416686,864691134941495395,[181200 142848  21778],724.8,571.392,871.12
2122,2024-10-26 18:29:33.602436+00:00,,True,864691136033227451,True,True,dendrite_clean,axon_partially_extended,89590819576738450,864691136033227451,[180320 145936  21057],721.28,583.744,842.28
2123,2024-10-26 18:29:33.618706+00:00,,True,864691135430290480,True,True,dendrite_clean,axon_partially_extended,89167370295678915,864691135430290480,[177328 136432  22430],709.312,545.728,897.2
2124,2024-10-26 18:29:33.642204+00:00,,True,864691135741930603,True,True,dendrite_clean,axon_partially_extended,89026220490459523,864691135741930603,[176464 133552  22445],705.856,534.208,897.8
2125,2024-10-26 18:29:33.656804+00:00,,True,864691135157210468,True,True,dendrite_clean,axon_partially_extended,88607168852985263,864691135157210468,[173184 157136  20453],692.736,628.544,818.12
2126,2024-10-26 18:29:33.675170+00:00,,True,864691135996177834,True,True,dendrite_clean,axon_partially_extended,90858694057131474,864691135996177834,[189792 155248  22407],759.168,620.992,896.28
2131,2024-10-26 18:29:33.765503+00:00,,True,864691135576881950,True,True,dendrite_clean,axon_partially_extended,88535975609178648,864691135576881950,[173008 150960  21332],692.032,603.84,853.28
2135,2024-10-26 18:29:33.833728+00:00,,True,864691135782542416,True,True,dendrite_clean,axon_partially_extended,89800620273816136,864691135782542416,[182192 135904  22426],728.768,543.616,897.04
2139,2024-10-26 18:29:33.908087+00:00,,True,864691135591664907,True,True,dendrite_clean,axon_partially_extended,90506506805506379,864691135591664907,[186992 152512  22541],747.968,610.048,901.64
4684,2025-11-25 00:39:33.933395+00:00,,True,864691136438469534,True,True,dendrite_extended,axon_fully_extended,88460315398055152,864691136438469534,[172096 111472  20736],688.384,445.888,829.44
2142,2024-10-26 18:29:33.961973+00:00,,True,864691135725842603,True,True,dendrite_clean,axon_partially_extended,90084706389313776,864691135725842603,[184160 155568  20856],736.64,622.272,834.24
2143,2024-10-26 18:29:33.978074+00:00,,True,864691135941300993,True,True,dendrite_clean,axon_partially_extended,88537556224215968,864691135941300993,[172736 162864  21811],690.944,651.456,872.44
2144,2024-10-26 18:29:33.994475+00:00,,True,864691136021865976,True,True,dendrite_clean,axon_partially_extended,90647037934561149,864691136021865976,[188112 151040  21457],752.448,604.16,858.28
2145,2024-10-26 18:29:34.012288+00:00,,True,864691135990004992,True,True,dendrite_clean,axon_partially_extended,89030205951658890,864691135990004992,[176336 163104  20330],705.344,652.416,813.2
2146,2024-10-26 18:29:34.028737+00:00,,True,864691135916843366,True,True,dendrite_clean,axon_partially_extended,90578387311474855,864691135916843366,[187536 163936  22391],750.144,655.744,895.64
2147,2024-10-26 18:29:34.046110+00:00,,True,864691135576872222,True,True,dendrite_clean,axon_partially_extended,90013513212842251,864691135576872222,[183456 149568  22510],733.824,598.272,900.4
3225,2025-03-10 23:07:38.315125+00:00,,True,864691135920381616,True,True,dendrite_extended,axon_partially_extended,90871819678549412,864691135920381616,[189520 252672  23979],758.08,1010.688,959.16
2156,2024-10-26 18:29:34.208504+00:00,,True,864691136052688115,True,True,dendrite_clean,axon_partially_extended,89663731008586818,864691136052688115,[180912 164960  21521],723.648,659.84,860.84
2158,2024-10-26 18:29:34.242723+00:00,,True,864691135375351369,True,True,dendrite_clean,axon_partially_extended,89662219247426316,864691135375351369,[180800 153376  22212],723.2,613.504,888.48
2165,2024-10-26 18:29:34.374192+00:00,,True,864691135211568576,True,True,dendrite_clean,axon_partially_extended,90506712628886222,864691135211568576,[187136 154000  20407],748.544,616.0,816.28
2171,2024-10-26 18:29:34.476839+00:00,,True,864691135868386070,True,True,dendrite_clean,axon_partially_extended,90154456792327036,864691135868386070,[184576 151040  21839],738.304,604.16,873.56
2172,2024-10-26 18:29:34.494754+00:00,,True,864691134886335738,True,True,dendrite_clean,axon_partially_extended,89027594879935968,864691134886335738,[176288 143856  22394],705.152,575.424,895.76
2173,2024-10-26 18:29:34.513020+00:00,,True,864691135569592300,True,True,dendrite_clean,axon_partially_extended,90016193070737575,864691135569592300,[183360 169376  20619],733.44,677.504,824.76
2174,2024-10-26 18:29:34.529675+00:00,,True,864691135838788755,True,True,dendrite_clean,axon_partially_extended,89872981614253289,864691135838788755,[182592 151104  20247],730.368,604.416,809.88
2184,2024-10-26 18:29:34.703088+00:00,,True,864691135157198692,True,True,dendrite_clean,axon_partially_extended,88323976090543890,864691135157198692,[171552 144112  21874],686.208,576.448,874.96
2186,2024-10-26 18:29:34.737031+00:00,,True,864691135782506832,True,True,dendrite_clean,axon_partially_extended,88818275286496247,864691135782506832,[174976 156880  21677],699.904,627.52,867.08
2191,2024-10-26 18:29:34.824235+00:00,,True,864691134966025503,True,True,dendrite_clean,axon_partially_extended,90224619176608047,864691134966025503,[185248 149360  20153],740.992,597.44,806.12
2195,2024-10-26 18:29:34.895917+00:00,,True,864691135976063855,True,True,dendrite_clean,axon_partially_extended,90226612175931163,864691135976063855,[185232 164304  21410],740.928,657.216,856.4
4685,2026-02-21 19:27:58.554065+00:00,,True,864691135878468435,True,True,dendrite_extended,axon_fully_extended,88882802673982755,864691135878468435,[175504 113856  20280],702.016,455.424,811.2
4686,2026-02-21 19:27:58.605047+00:00,,True,864691135839932307,True,True,dendrite_extended,axon_fully_extended,91203528256750549,864691135839932307,[192160 102688  21040],768.64,410.752,841.6
2201,2024-10-26 18:29:35.000608+00:00,,True,864691135503344477,True,True,dendrite_clean,axon_partially_extended,90787775288431293,864691135503344477,[189184 151216  20142],756.736,604.864,805.68
4687,2026-02-21 19:27:58.630285+00:00,,True,864691135779683261,True,True,dendrite_extended,axon_fully_extended,90993246658078569,864691135779683261,[190992 108960  21162],763.968,435.84,846.48
4688,2026-02-21 19:27:58.652044+00:00,,True,864691135727907391,True,True,dendrite_extended,axon_fully_extended,88459903215549186,864691135727907391,[172480 108304  21873],689.92,433.216,874.92
4689,2026-02-21 19:27:58.674381+00:00,,True,864691135518283475,True,True,dendrite_extended,axon_fully_extended,88181726572292650,864691135518283475,[170320 132992  20225],681.28,531.968,809.0
2209,2024-10-26 18:29:35.144860+00:00,,True,864691134949081852,True,True,dendrite_clean,axon_partially_extended,89521756703842154,864691134949081852,[180064 155744  22537],720.256,622.976,901.48
4690,2026-02-21 19:27:58.694734+00:00,,True,864691135727925311,True,True,dendrite_extended,axon_fully_extended,91133297019030459,864691135727925311,[191632 104032  21899],766.528,416.128,875.96
2214,2024-10-26 18:29:35.235997+00:00,,True,864691135465113157,True,True,dendrite_clean,axon_partially_extended,89240144288331867,864691135465113157,[178016 154816  22629],712.064,619.264,905.16
2215,2024-10-26 18:29:35.255144+00:00,,True,864691136274488254,True,True,dendrite_clean,axon_partially_extended,90577699915274813,864691136274488254,[187456 158496  20752],749.824,633.984,830.08
2223,2024-10-26 18:29:35.392563+00:00,,True,864691136742244188,True,True,dendrite_clean,axon_partially_extended,90013375572167849,864691136742244188,[183776 148320  20611],735.104,593.28,824.44
2234,2024-10-26 18:29:35.583490+00:00,,True,864691136523081105,True,True,dendrite_clean,axon_partially_extended,90014269059801118,864691136523081105,[183520 154880  21847],734.08,619.52,873.88
2235,2024-10-26 18:29:35.603709+00:00,,True,864691135725920939,True,True,dendrite_clean,axon_partially_extended,87902725563933512,864691135725920939,[168256 151392  20841],673.024,605.568,833.64
2236,2024-10-26 18:29:35.623434+00:00,,True,864691135865774206,True,True,dendrite_clean,axon_partially_extended,88958256793501475,864691135865774206,[175696 151728  21157],702.784,606.912,846.28
4691,2026-02-21 19:27:58.715601+00:00,,True,864691135431654960,True,True,dendrite_extended,axon_fully_extended,90995376894956609,864691135431654960,[190720 125072  20809],762.88,500.288,832.36
4692,2026-02-21 19:27:58.741400+00:00,,True,864691135774307659,True,True,dendrite_extended,axon_fully_extended,90782690181525477,864691135774307659,[189200 112848  21300],756.8,451.392,852.0
4693,2026-02-21 19:27:58.762880+00:00,,True,864691136211325884,True,True,dendrite_extended,axon_fully_extended,90642090131819352,864691136211325884,[188352 114080  21059],753.408,456.32,842.36
4694,2026-02-21 19:27:58.785546+00:00,,True,864691135738995588,True,True,dendrite_extended,axon_fully_extended,90500596796402782,864691135738995588,[187360 108304  21607],749.44,433.216,864.28
2247,2024-10-26 18:29:35.844563+00:00,,True,864691135611019015,True,True,dendrite_clean,axon_partially_extended,89029175428032517,864691135611019015,[176544 155584  22495],706.176,622.336,899.8
4695,2026-02-21 19:27:58.806865+00:00,,True,864691135892202633,True,True,dendrite_extended,axon_fully_extended,89375040352754208,864691135892202633,[179216 110976  20613],716.864,443.904,824.52
4696,2026-02-21 19:27:58.831996+00:00,,True,864691135892214409,True,True,dendrite_extended,axon_fully_extended,89725784763726337,864691135892214409,[181488 102960  22492],725.952,411.84,899.68
2255,2024-10-26 18:29:36.004035+00:00,,True,864691135342541509,True,True,dendrite_clean,axon_partially_extended,89309756783156730,864691135342541509,[178240 148752  20455],712.96,595.008,818.2
2256,2024-10-26 18:29:36.024867+00:00,,True,864691136012739747,True,True,dendrite_clean,axon_partially_extended,89099681543539838,864691136012739747,[176864 156672  21511],707.456,626.688,860.44
2257,2024-10-26 18:29:36.043408+00:00,,True,864691135741963627,True,True,dendrite_clean,axon_partially_extended,90084637737006373,864691135741963627,[184288 155056  21455],737.152,620.224,858.2
2260,2024-10-26 18:29:36.097201+00:00,,True,864691136085781356,True,True,dendrite_clean,axon_partially_extended,87974743709628404,864691136085781356,[168528 163728  21721],674.112,654.912,868.84
2262,2024-10-26 18:29:36.131950+00:00,,True,864691135060094107,True,True,dendrite_clean,axon_partially_extended,87974331460081481,864691135060094107,[168976 160672  22442],675.904,642.688,897.68
3785,2025-06-28 00:42:41.155299+00:00,,True,864691135778081453,False,True,none,axon_fully_extended,101074532139325435,864691135778081453,[264047 247363  27160],1056.188,989.452,1086.4
4047,2025-07-23 02:32:47.965126+00:00,,True,864691136058332632,False,True,none,axon_partially_extended,113304123889747541,864691136058332632,[352905 138493  18430],1411.62,553.972,737.2
4697,2026-02-21 19:27:58.854055+00:00,,True,864691135396794101,True,True,dendrite_extended,axon_fully_extended,88534807310615868,864691135396794101,[172944 142032  20549],691.776,568.128,821.96
3227,2025-03-10 23:07:38.316501+00:00,,True,864691136953631711,True,True,dendrite_extended,axon_partially_extended,91294513112521872,864691136953631711,[192992 256240  23197],771.968,1024.96,927.88
4698,2026-02-21 19:27:58.878420+00:00,,True,864691136177726726,True,True,dendrite_extended,axon_fully_extended,88812709076150429,864691136177726726,[174704 115808  22327],698.816,463.232,893.08
2295,2024-10-26 18:29:36.706521+00:00,,True,864691135473540914,True,True,dendrite_extended,axon_partially_extended,90720499189366923,864691135473540914,[188880 174048  22405],755.52,696.192,896.2
2296,2024-10-26 18:29:36.725342+00:00,,True,864691135583223405,True,True,dendrite_clean,axon_partially_extended,89242961653021187,864691135583223405,[178080 175616  21949],712.32,702.464,877.96
2301,2024-10-26 18:29:36.818029+00:00,,True,864691135955262472,True,True,dendrite_clean,axon_partially_extended,90720361750008396,864691135955262472,[188928 172784  22054],755.712,691.136,882.16
2307,2024-10-26 18:29:36.929011+00:00,,True,864691135583277677,True,True,dendrite_extended,axon_partially_extended,89242892866409455,864691135583277677,[178160 175136  21428],712.64,700.544,857.12
2384,2024-11-18 19:21:14.540400+00:00,,True,864691135777381805,True,True,dendrite_extended,axon_fully_extended,97973084111398187,864691135777381805,[241520 208272  22638],966.08,833.088,905.52
2393,2024-12-03 19:51:17.611045+00:00,,True,864691136144674612,True,True,dendrite_extended,axon_fully_extended,88815663879226337,864691136144674612,[174921 137614  21123],699.684,550.456,844.92
2410,2024-12-03 23:28:00.521993+00:00,,True,864691135308295238,True,True,dendrite_extended,axon_fully_extended,89457641230989788,864691135308295238,[179344 202224  21208],717.376,808.896,848.32
2414,2024-12-03 23:30:28.376419+00:00,,True,864691135725779883,True,True,dendrite_extended,axon_fully_extended,99032120101747001,864691135725779883,[249248 234656  23789],996.992,938.624,951.56
4699,2026-02-21 19:27:58.908997+00:00,,True,864691135739689073,True,True,dendrite_extended,axon_fully_extended,89515915481621493,864691135739689073,[180032 111920  22362],720.128,447.68,894.48
2417,2024-12-03 23:32:10.816067+00:00,,True,864691135341516741,True,True,dendrite_extended,axon_partially_extended,98043590562832435,864691135341516741,[241728 209360  24584],966.912,837.44,983.36
3229,2025-03-10 23:07:38.317822+00:00,,True,864691135868946966,True,True,dendrite_extended,axon_partially_extended,91576812991342875,864691135868946966,[194976 262368  25204],779.904,1049.472,1008.16
3230,2025-03-10 23:07:38.318534+00:00,,True,864691135720245297,True,True,dendrite_extended,axon_partially_extended,90028975430475529,864691135720245297,[183424 264672  25087],733.696,1058.688,1003.48
3231,2025-03-10 23:07:38.319223+00:00,,True,864691136275729677,True,True,dendrite_extended,axon_partially_extended,89958263088500960,864691136275729677,[183312 261872  24592],733.248,1047.488,983.68
3232,2025-03-10 23:07:38.319906+00:00,,True,864691134990435194,True,True,dendrite_extended,axon_partially_extended,89813058700181820,864691134990435194,[181984 229040  23735],727.936,916.16,949.4
3233,2025-03-10 23:07:38.320728+00:00,,True,864691135465643333,True,True,dendrite_extended,axon_partially_extended,90309144803973769,864691135465643333,[185536 255152  25207],742.144,1020.608,1008.28
3234,2025-03-10 23:07:38.321414+00:00,,True,864691136136838027,True,True,dendrite_extended,axon_partially_extended,88828033653460078,864691136136838027,[175088 229920  23166],700.352,919.68,926.64
3235,2025-03-10 23:07:38.322073+00:00,,True,864691135646353391,True,True,dendrite_extended,axon_partially_extended,92208550939767729,864691135646353391,[199504 250640  23766],798.016,1002.56,950.64
4700,2026-02-21 19:27:58.936323+00:00,,True,864691135892048777,True,True,dendrite_extended,axon_fully_extended,88811953161883743,864691135892048777,[174880 109920  22317],699.52,439.68,892.68
3237,2025-03-10 23:07:38.323406+00:00,,True,864691135868951574,True,True,dendrite_extended,axon_partially_extended,90873125482331944,864691135868951574,[189712 262768  24618],758.848,1051.072,984.72
3238,2025-03-10 23:07:38.324050+00:00,,True,864691135209715577,True,True,dendrite_extended,axon_partially_extended,92772738044996956,864691135209715577,[203408 259824  25240],813.632,1039.296,1009.6
3239,2025-03-10 23:07:38.324694+00:00,,True,864691135867532933,True,True,dendrite_extended,axon_partially_extended,90517639361297119,864691135867532933,[187104 235472  23005],748.416,941.888,920.2
3240,2025-03-10 23:07:38.325364+00:00,,True,864691136675220103,True,True,dendrite_extended,axon_partially_extended,89323982385560675,864691136675220103,[178704 254688  25242],714.816,1018.752,1009.68
3241,2025-03-10 23:07:38.326041+00:00,,True,864691136489262866,True,True,dendrite_extended,axon_partially_extended,92137769945962749,864691136489262866,[198784 247648  24411],795.136,990.592,976.44
3242,2025-03-10 23:07:38.326731+00:00,,True,864691136523628945,True,True,dendrite_extended,axon_partially_extended,90168819364039303,864691136523628945,[184384 257936  23138],737.536,1031.744,925.52
3243,2025-03-10 23:07:38.327415+00:00,,True,864691135773724747,True,True,dendrite_extended,axon_partially_extended,89675276149551784,864691135773724747,[181040 250656  23960],724.16,1002.624,958.4
3244,2025-03-10 23:07:38.329472+00:00,,True,864691135867561349,True,True,dendrite_extended,axon_partially_extended,91365156801809583,864691135867561349,[193216 258320  23793],772.864,1033.28,951.72
3245,2025-03-10 23:07:38.330178+00:00,,True,864691136033794747,True,True,dendrite_extended,axon_partially_extended,92280225353998961,864691136033794747,[199936 260800  23811],799.744,1043.2,952.44
3246,2025-03-10 23:07:38.330842+00:00,,True,864691135083619831,True,True,dendrite_extended,axon_partially_extended,89323226404278118,864691135083619831,[178544 249344  24796],714.176,997.376,991.84
3247,2025-03-10 23:07:38.331516+00:00,,True,864691135943149428,True,True,dendrite_extended,axon_partially_extended,92140037822904601,864691135943149428,[198704 264480  25526],794.816,1057.92,1021.04
3249,2025-03-10 23:07:38.332824+00:00,,True,864691135465585221,True,True,dendrite_extended,axon_partially_extended,89817044631306875,864691135465585221,[181952 258624  25395],727.808,1034.496,1015.8
3250,2025-03-10 23:07:38.333480+00:00,,True,864691135989136899,True,True,dendrite_extended,axon_partially_extended,92420550391517395,864691135989136899,[200816 257456  22980],803.264,1029.824,919.2
3251,2025-03-10 23:07:38.334126+00:00,,True,864691135726340523,True,True,dendrite_extended,axon_partially_extended,90446789714786974,864691135726340523,[186800 231712  23884],747.2,926.848,955.36
3252,2025-03-10 23:07:38.334754+00:00,,True,864691136145208372,True,True,dendrite_extended,axon_partially_extended,91293757332502120,864691136145208372,[192800 251072  24234],771.2,1004.288,969.36
3253,2025-03-10 23:07:38.335396+00:00,,True,864691135417827770,True,True,dendrite_extended,axon_partially_extended,88970076811970841,864691135417827770,[175952 239552  23244],703.808,958.208,929.76
3254,2025-03-10 23:07:38.336027+00:00,,True,864691136125985318,True,True,dendrite_extended,axon_partially_extended,91012900696960172,864691136125985318,[190544 255488  23269],762.176,1021.952,930.76
3255,2025-03-10 23:07:38.336663+00:00,,True,864691136742708828,True,True,dendrite_extended,axon_partially_extended,91786338474863792,864691136742708828,[196640 250944  23916],786.56,1003.776,956.64
3256,2025-03-10 23:07:38.337437+00:00,,True,864691136177029382,True,True,dendrite_extended,axon_partially_extended,88969045952854187,864691136177029382,[176064 232016  22845],704.256,928.064,913.8
3289,2025-03-12 23:44:49.436917+00:00,,True,864691136086206316,True,True,dendrite_extended,axon_fully_extended,89245091822286947,864691136086206316,[178032 191184  20658],712.128,764.736,826.32
3294,2025-03-12 23:44:49.541612+00:00,,True,864691136452920319,True,True,dendrite_extended,axon_partially_extended,89107996466491467,864691136452920319,[176912 218672  20909],707.648,874.688,836.36
3296,2025-03-12 23:44:49.581554+00:00,,True,864691135685980087,True,True,dendrite_extended,axon_partially_extended,90379856810299763,864691135685980087,[185920 257680  22934],743.68,1030.72,917.36
3297,2025-03-12 23:44:49.600417+00:00,,True,864691135659358850,True,True,dendrite_clean,axon_partially_extended,112032676466346817,864691135659358850,[343744 102624  20635],1374.976,410.496,825.4
3299,2025-03-12 23:44:49.640647+00:00,,True,864691135356708303,True,True,dendrite_extended,axon_partially_extended,91782902299435828,864691135356708303,[196320 225280  22165],785.28,901.12,886.6
3300,2025-03-12 23:44:49.659132+00:00,,True,864691135105879117,True,True,dendrite_extended,axon_fully_extended,92763941616807901,864691135105879117,[203520 194512  22991],814.08,778.048,919.64
2411,2024-12-03 23:28:44.320385+00:00,,True,864691136674080135,True,True,dendrite_extended,axon_fully_extended,89516946139530726,864691136674080135,[180112 119520  21294],720.448,478.08,851.76
2412,2024-12-03 23:29:14.933590+00:00,,True,864691135293096118,True,True,dendrite_extended,axon_fully_extended,90158373265589956,864691135293096118,[184704 180304  17712],738.816,721.216,708.48
4701,2026-02-21 19:27:58.959172+00:00,,True,864691135739008132,True,True,dendrite_extended,axon_fully_extended,90430434076609019,864691135739008132,[186864 109920  20742],747.456,439.68,829.68
2416,2024-12-03 23:31:40.579366+00:00,,True,864691136021592568,True,True,dendrite_extended,axon_partially_extended,90232246837273307,864691136021592568,[185232 206064  18701],740.928,824.256,748.04
2418,2024-12-03 23:32:42.579155+00:00,,True,864691136595955362,True,True,dendrite_extended,axon_partially_extended,103179821290816292,864691136595955362,[279520 204128  21872],1118.08,816.512,874.88
2419,2024-12-03 23:33:11.860310+00:00,,True,864691136420378007,True,True,dendrite_extended,axon_partially_extended,98744872353682400,864691136420378007,[247296 191472  21447],989.184,765.888,857.88
2420,2024-12-03 23:33:43.328159+00:00,,True,864691134989909114,True,True,dendrite_extended,axon_partially_extended,96562959979272019,864691134989909114,[231104 187856  19274],924.416,751.424,770.96
2424,2024-12-04 22:54:23.856550+00:00,,True,864691135155894884,True,True,dendrite_extended,axon_fully_extended,87475840375371574,864691135155894884,[165408 116672  22032],661.632,466.688,881.28
2425,2024-12-07 00:25:35.494146+00:00,,True,864691135346685855,True,True,dendrite_extended,axon_partially_extended,84877006935878564,864691135346685855,[146336 152400  20074],585.344,609.6,802.96
2428,2024-12-07 00:25:35.496401+00:00,,True,864691136040834558,True,True,dendrite_extended,axon_partially_extended,85158894095318081,864691136040834558,[148192 155344  19146],592.768,621.376,765.84
2429,2024-12-07 00:25:35.497120+00:00,,True,864691137199050049,True,True,dendrite_extended,axon_partially_extended,83964274711604340,864691137199050049,[139680 168048  19026],558.72,672.192,761.04
2431,2024-12-07 00:25:35.498546+00:00,,True,864691135570791558,True,True,dendrite_extended,axon_partially_extended,96627488239000754,864691135570791558,[231552 144144  24335],926.208,576.576,973.4
2432,2024-12-07 00:25:35.499269+00:00,,True,864691136086088556,True,True,dendrite_extended,axon_partially_extended,94516219553866171,864691136086088556,[216240 142768  22800],864.96,571.072,912.0
2433,2024-12-07 00:25:35.499968+00:00,,True,864691136905203378,True,True,dendrite_extended,axon_partially_extended,98600423610766224,864691136905203378,[246016 163872  18194],984.064,655.488,727.76
2434,2024-12-07 00:25:35.500679+00:00,,True,864691136363473634,True,True,dendrite_extended,axon_partially_extended,98741504897760547,864691136363473634,[247248 166176  19687],988.992,664.704,787.48
2435,2024-12-07 00:25:35.501596+00:00,,True,864691136107486169,True,True,dendrite_extended,axon_partially_extended,99019475516756707,864691136107486169,[249200 140080  22284],996.8,560.32,891.36
2436,2024-12-07 00:25:35.502423+00:00,,True,864691136092725684,True,True,dendrite_extended,axon_partially_extended,91350244272625446,864691136092725684,[193504 147168  20647],774.016,588.672,825.88
2438,2024-12-07 00:25:35.503879+00:00,,True,864691135342848433,True,True,dendrite_extended,axon_partially_extended,84035055571773548,864691135342848433,[140064 170816  17868],560.256,683.264,714.72
2439,2024-12-07 00:25:35.504539+00:00,,True,864691136311529306,True,True,dendrite_extended,axon_partially_extended,98810018014857399,864691136311529306,[247488 152576  18280],989.952,610.304,731.2
2440,2024-12-07 00:25:35.505191+00:00,,True,864691135101595680,True,True,dendrite_extended,axon_partially_extended,91494005216485437,864691135101595680,[194416 170128  19008],777.664,680.512,760.32
2441,2024-12-07 00:25:35.505859+00:00,,True,864691135134114976,True,True,dendrite_extended,axon_partially_extended,99444574333959265,864691135134114976,[252320 161792  23227],1009.28,647.168,929.08
2442,2024-12-07 00:25:35.506503+00:00,,True,864691136196338764,True,True,dendrite_extended,axon_partially_extended,95292612403381545,864691136196338764,[222240 160320  24342],888.96,641.28,973.68
2444,2024-12-07 00:25:35.507875+00:00,,True,864691136991606421,True,True,dendrite_extended,axon_partially_extended,97823893590662054,864691136991606421,[240544 145312  18631],962.176,581.248,745.24
2448,2024-12-07 00:25:35.510673+00:00,,True,864691134886569210,True,True,dendrite_extended,axon_partially_extended,96208367613319214,864691134886569210,[228528 167360  20114],914.112,669.44,804.56
2449,2024-12-07 00:25:35.511320+00:00,,True,864691136125433894,True,True,dendrite_extended,axon_partially_extended,95572231618387595,864691136125433894,[223792 146304  21546],895.168,585.216,861.84
2452,2024-12-07 00:25:35.513259+00:00,,True,864691135066958404,True,True,dendrite_extended,axon_partially_extended,87974812764758234,864691135066958404,[168512 164240  24360],674.048,656.96,974.4
2453,2024-12-07 00:25:35.513911+00:00,,True,864691135374981320,True,True,dendrite_extended,axon_partially_extended,92829156534331431,864691135374981320,[204144 156288  23929],816.576,625.152,957.16
2455,2024-12-07 00:25:35.515210+00:00,,True,864691135336113129,True,True,dendrite_extended,axon_partially_extended,91774724749245957,864691135336113129,[196640 164432  23032],786.56,657.728,921.28
2456,2024-12-07 00:25:35.515881+00:00,,True,864691135510593289,True,True,dendrite_extended,axon_partially_extended,87482780908352712,864691135510593289,[165376 168352  21044],661.504,673.408,841.76
2457,2024-12-07 00:25:35.517561+00:00,,True,864691135742102635,True,True,dendrite_extended,axon_partially_extended,91984730865820899,864691135742102635,[197824 156304  18126],791.296,625.216,725.04
2458,2024-12-07 00:25:35.518257+00:00,,True,864691136101516661,True,True,dendrite_extended,axon_partially_extended,96558631255977740,864691136101516661,[231376 155808  23661],925.504,623.232,946.44
2462,2024-12-07 00:25:35.520873+00:00,,True,864691136523335057,True,True,dendrite_extended,axon_partially_extended,93673512476512172,864691136523335057,[210032 155776  21854],840.128,623.104,874.16
2463,2024-12-07 00:25:35.521505+00:00,,True,864691135067066948,True,True,dendrite_extended,axon_partially_extended,84806913271362048,864691135067066948,[145648 154448  22009],582.592,617.792,880.36
2464,2024-12-07 00:25:35.522160+00:00,,True,864691135942924148,True,True,dendrite_extended,axon_partially_extended,94377268905954710,864691135942924148,[215568 156256  23669],862.272,625.024,946.76
2466,2024-12-07 00:25:35.523440+00:00,,True,864691136125457446,True,True,dendrite_extended,axon_partially_extended,86215937287933799,864691136125457446,[155952 166928  20810],623.808,667.712,832.4
2467,2024-12-07 00:25:35.524085+00:00,,True,864691135503163202,True,True,dendrite_extended,axon_partially_extended,83892394609027951,864691135503163202,[139264 156592  22892],557.056,626.368,915.68
2468,2024-12-07 00:25:35.524746+00:00,,True,864691135839248787,True,True,dendrite_extended,axon_partially_extended,83259212746483907,864691135839248787,[134672 157408  18378],538.688,629.632,735.12
2469,2024-12-07 00:25:35.525506+00:00,,True,864691135742189163,True,True,dendrite_extended,axon_partially_extended,96698886902933072,864691135742189163,[231984 151824  17725],927.936,607.296,709.0
2470,2024-12-07 00:25:35.526152+00:00,,True,864691135293605558,True,True,dendrite_extended,axon_partially_extended,95644112258314809,864691135293605558,[224640 157520  22200],898.56,630.08,888.0
3258,2025-03-10 23:08:22.034813+00:00,,True,864691135014696182,True,True,dendrite_extended,axon_partially_extended,88544359653518676,864691135014696182,[173008 213504  23171],692.032,854.016,926.84
2472,2024-12-07 00:25:35.527440+00:00,,True,864691134966069023,True,True,dendrite_extended,axon_partially_extended,93602937104132201,864691134966069023,[209952 154240  18203],839.808,616.96,728.12
2473,2024-12-07 00:25:35.528088+00:00,,True,864691136975332380,True,True,dendrite_extended,axon_partially_extended,85793793139750472,864691136975332380,[153120 167552  17776],612.48,670.208,711.04
2474,2024-12-07 00:25:35.528745+00:00,,True,864691137199038273,True,True,dendrite_extended,axon_partially_extended,88890499121207868,864691137199038273,[175648 170752  19289],702.592,683.008,771.56
2475,2024-12-10 23:13:03.338392+00:00,,True,864691135591041291,True,True,dendrite_extended,axon_fully_extended,86913165367478600,864691135591041291,[161168 118496  22997],644.672,473.984,919.88
4702,2026-02-21 19:27:58.979500+00:00,,True,864691136914445809,True,True,dendrite_extended,axon_fully_extended,90361508441504986,864691136914445809,[186000 120640  20761],744.0,482.56,830.44
2478,2024-12-10 23:19:35.887121+00:00,,True,864691135726140843,True,True,dendrite_extended,axon_fully_extended,88465744236769407,864691135726140843,[172368 152208  20778],689.472,608.832,831.12
2479,2024-12-10 23:26:41.397825+00:00,,True,864691135617152361,True,True,dendrite_extended,axon_fully_extended,90229429674273122,864691135617152361,[185152 185344  21255],740.608,741.376,850.2
2481,2024-12-10 23:29:02.748042+00:00,,True,864691135430356784,True,True,dendrite_extended,axon_fully_extended,90932223763107267,864691135430356784,[190464 178672  21489],761.856,714.688,859.56
2482,2024-12-10 23:29:34.687389+00:00,,True,864691136210743740,True,True,dendrite_extended,axon_fully_extended,88259792032018274,864691136210743740,[170912 190448  21224],683.648,761.792,848.96
2483,2024-12-10 23:29:58.817187+00:00,,True,864691136674495623,True,True,dendrite_extended,axon_fully_extended,90299248595218559,864691136674495623,[185568 181040  20488],742.272,724.16,819.52
2484,2024-12-10 23:30:32.221790+00:00,,True,864691135572346349,True,True,dendrite_extended,axon_fully_extended,89102842438355845,864691135572346349,[176816 180272  20152],707.264,721.088,806.08
2485,2024-12-10 23:31:01.365319+00:00,,True,864691135849300318,True,True,dendrite_extended,axon_fully_extended,91147109499506660,864691135849300318,[191936 207024  20749],767.744,828.096,829.96
4703,2026-02-21 19:27:59.001265+00:00,,True,864691135351066583,True,True,dendrite_extended,axon_fully_extended,88390633915721778,864691135351066583,[171728 116816  21211],686.912,467.264,848.44
2487,2024-12-10 23:32:08.766654+00:00,,True,864691135346975135,True,True,dendrite_extended,axon_fully_extended,90935110115024736,864691135346975135,[190352 200160  22227],761.408,800.64,889.08
2489,2024-12-10 23:37:42.272910+00:00,,True,864691135778288573,True,True,dendrite_extended,axon_fully_extended,87911453071334473,864691135778288573,[167981 216288  21544],671.924,865.152,861.76
3259,2025-03-10 23:08:22.053866+00:00,,True,864691137055840886,True,True,dendrite_extended,axon_partially_extended,89814089291221041,864691137055840886,[181824 236608  22398],727.296,946.432,895.92
2492,2024-12-11 23:39:31.164885+00:00,,True,864691135562001633,True,True,dendrite_extended,axon_fully_extended,87974125368373600,864691135562001633,[168640 158976  22594],674.56,635.904,903.76
2495,2024-12-13 21:58:30.260803+00:00,,True,864691136620192653,True,True,dendrite_extended,axon_fully_extended,89315117036084290,864691136620192653,[178495 188805  21083],713.98,755.22,843.32
2496,2024-12-13 21:58:30.282915+00:00,,True,864691135375430985,True,True,dendrite_extended,axon_fully_extended,82629261370389218,864691135375430985,[129963 182932  18916],519.852,731.728,756.64
2497,2024-12-13 21:58:30.300866+00:00,,True,864691136991390869,True,True,dendrite_extended,axon_interareal,92129866602107749,864691136991390869,[198880 188864  19763],795.52,755.456,790.52
2500,2024-12-13 21:58:30.356437+00:00,,True,864691135572576237,True,True,dendrite_extended,axon_fully_extended,88953515216995530,864691135572576237,[175792 116256  21925],703.168,465.024,877.0
2501,2024-12-13 21:58:30.374611+00:00,,True,864691136445215875,True,True,dendrite_extended,axon_fully_extended,89937646775794211,864691136445215875,[183328 108400  21057],733.312,433.6,842.28
2502,2024-12-13 21:58:30.391659+00:00,,True,864691136195400150,True,True,dendrite_extended,axon_interareal,85645497314104252,864691136195400150,[152032 111072  23772],608.128,444.288,950.88
2503,2024-12-13 21:58:30.410647+00:00,,True,864691135464263742,True,True,dendrite_extended,axon_fully_extended,88119947897177369,864691135464263742,[169792 196864  21504],679.168,787.456,860.16
2506,2024-12-13 21:58:30.461099+00:00,,True,864691135763795510,True,True,dendrite_extended,axon_partially_extended,95010175286846762,864691135763795510,[220096 153264  23800],880.384,613.056,952.0
2508,2024-12-13 21:58:30.491139+00:00,,True,864691136579127060,True,True,dendrite_extended,axon_fully_extended,85727685539669706,864691136579127060,[152272 199232  21597],609.088,796.928,863.88
2509,2024-12-13 21:58:30.505248+00:00,,True,864691136110765496,True,True,dendrite_extended,axon_fully_extended,89248321771759008,864691136110765496,[177936 215664  21555],711.744,862.656,862.2
2510,2024-12-13 21:58:30.519809+00:00,,True,864691135890695049,True,True,dendrite_extended,axon_partially_extended,84384700470432618,864691135890695049,[142448 154800  19179],569.792,619.2,767.16
2511,2024-12-13 21:58:30.534388+00:00,,True,864691135578360837,True,True,dendrite_extended,axon_partially_extended,93602456671476689,864691135578360837,[209568 150656  22594],838.272,602.624,903.76
2512,2024-12-13 21:58:30.549880+00:00,,True,864691135517376211,True,True,dendrite_extended,axon_fully_extended,90584228533843146,864691135517376211,[187840 207232  22680],751.36,828.928,907.2
2513,2024-12-13 21:58:30.567479+00:00,,True,864691135405138670,True,True,dendrite_extended,axon_partially_extended,96489224718622413,864691135405138670,[230896 162688  24650],923.584,650.752,986.0
2514,2024-12-13 21:58:30.584721+00:00,,True,864691135503182685,True,True,dendrite_extended,axon_fully_extended,88543328459028709,864691135503182685,[173008 205856  20391],692.032,823.424,815.64
2515,2024-12-13 21:58:30.603177+00:00,,True,864691135569282284,True,True,dendrite_clean,axon_fully_extended,107121639397279677,864691135569282284,[308256 212976  23470],1233.024,851.904,938.8
2516,2024-12-13 21:58:30.618943+00:00,,True,864691135464714565,True,True,dendrite_extended,axon_fully_extended,107470459595428444,864691135464714565,[310384 190160  24525],1241.536,760.64,981.0
2517,2024-12-13 21:58:30.633636+00:00,,True,864691135988742147,True,True,dendrite_extended,axon_partially_extended,97544137003604226,864691135988742147,[238624 158048  21785],954.496,632.192,871.4
2518,2024-12-13 21:58:30.649373+00:00,,True,864691135134155168,True,True,dendrite_clean,axon_interareal,108869037714938251,864691135134155168,[320875 124797  19446],1283.5,499.188,777.84
2519,2024-12-13 21:58:30.666703+00:00,,True,864691135773209163,True,True,dendrite_extended,axon_partially_extended,91141818502248678,864691135773209163,[191760 167296  23660],767.04,669.184,946.4
2520,2024-12-13 21:58:30.685955+00:00,,True,864691136523288465,True,True,dendrite_extended,axon_partially_extended,91984181311672759,864691136523288465,[198016 152224  19938],792.064,608.896,797.52
4704,2026-02-21 19:27:59.022593+00:00,,True,864691135157994084,True,True,dendrite_extended,axon_fully_extended,90721186450905297,864691135157994084,[188736 178928  22629],754.944,715.712,905.16
2522,2024-12-13 21:58:30.719117+00:00,,True,864691136967703758,True,True,dendrite_extended,axon_partially_extended,91209918765688932,864691136967703758,[192064 150336  18182],768.256,601.344,727.28
2523,2024-12-13 21:58:30.735614+00:00,,True,864691136390183696,True,True,dendrite_extended,axon_interareal,92619630044487968,864691136390183696,[202346 167997  17807],809.384,671.988,712.28
2524,2024-12-13 21:58:30.752681+00:00,,True,864691135773208651,True,True,dendrite_extended,axon_partially_extended,94731448686773786,864691135773208651,[218144 173504  20944],872.576,694.016,837.76
2526,2024-12-13 21:58:30.782765+00:00,,True,864691136210847932,True,True,dendrite_extended,axon_partially_extended,84456580909014304,864691136210847932,[143136 165696  18256],572.544,662.784,730.24
3260,2025-03-10 23:08:22.071467+00:00,,True,864691136239460668,True,True,dendrite_extended,axon_partially_extended,90866321918998625,864691136239460668,[189968 212000  22393],759.872,848.0,895.72
2536,2024-12-13 21:58:30.930409+00:00,,True,864691136091074615,True,True,dendrite_extended,axon_partially_extended,93955193879972070,864691136091074615,[212128 157264  23782],848.512,629.056,951.28
2539,2024-12-13 21:58:30.974542+00:00,,True,864691135511861968,True,True,dendrite_extended,axon_partially_extended,88050472505715355,864691135511861968,[169008 203792  21087],676.032,815.168,843.48
2544,2024-12-13 21:58:31.052798+00:00,,True,864691135640544571,True,True,dendrite_extended,axon_partially_extended,90231147795286753,864691135640544571,[185264 198192  22188],741.056,792.768,887.52
2546,2024-12-13 21:58:31.082194+00:00,,True,864691135996104618,True,True,dendrite_extended,axon_partially_extended,91149171419422593,864691135996104618,[191984 221984  23401],767.936,887.936,936.04
2547,2024-12-13 21:58:31.096773+00:00,,True,864691135346954143,True,True,dendrite_extended,axon_partially_extended,90086012058979206,864691135346954143,[184256 165088  20542],737.024,660.352,821.68
2549,2024-12-13 21:58:31.127320+00:00,,True,864691136040742142,True,True,dendrite_extended,axon_partially_extended,89589376669051726,864691136040742142,[180752 135200  22612],723.008,540.8,904.48
2553,2024-12-13 21:58:31.187725+00:00,,True,864691136311213914,True,True,dendrite_extended,axon_partially_extended,90505407025912875,864691136311213914,[187072 144336  20909],748.288,577.344,836.36
2560,2024-12-13 21:58:31.300892+00:00,,True,864691135464946757,True,True,dendrite_extended,axon_partially_extended,90092952927816913,864691135464946757,[184256 217136  22396],737.024,868.544,895.84
2563,2024-12-13 21:58:31.350284+00:00,,True,864691135566168599,True,True,dendrite_extended,axon_partially_extended,91146422438749662,864691135566168599,[191744 201440  21606],766.976,805.76,864.24
4705,2026-02-21 19:27:59.045960+00:00,,True,864691136391042167,True,True,dendrite_extended,axon_fully_extended,90365219293391252,864691136391042167,[186080 148288  20933],744.32,593.152,837.32
4706,2026-02-21 19:27:59.066429+00:00,,True,864691135272003237,True,True,dendrite_extended,axon_fully_extended,90220358770161165,864691135272003237,[185200 117744  21532],740.8,470.976,861.28
2568,2024-12-13 21:58:31.431024+00:00,,True,864691136813553523,True,True,dendrite_extended,axon_partially_extended,93049333536120642,864691136813553523,[205392 223744  22109],821.568,894.976,884.36
2569,2024-12-13 21:58:31.446959+00:00,,True,864691135993185985,True,True,dendrite_extended,axon_partially_extended,89458534986854984,864691135993185985,[179360 208992  24296],717.44,835.968,971.84
2571,2024-12-13 21:58:31.481292+00:00,,True,864691135014276342,True,True,dendrite_extended,axon_partially_extended,107049621050051345,864691135014276342,[307424 200864  20925],1229.696,803.456,837.0
2573,2024-12-13 21:58:31.512061+00:00,,True,864691135948123745,True,True,dendrite_extended,axon_partially_extended,89105179168917490,864691135948123745,[177120 197456  22127],708.48,789.824,885.08
2576,2024-12-13 21:58:31.562418+00:00,,True,864691137055290998,True,True,dendrite_extended,axon_partially_extended,90168132303920501,864691137055290998,[184736 253008  24565],738.944,1012.032,982.6
2579,2024-12-13 21:58:31.614799+00:00,,True,864691135702061947,True,True,dendrite_extended,axon_partially_extended,90305983372447857,864691135702061947,[185712 231440  22586],742.848,925.76,903.44
2582,2024-12-13 21:58:31.659711+00:00,,True,864691135271343525,True,True,dendrite_extended,axon_partially_extended,88955439428956649,864691135271343525,[176064 130512  22031],704.256,522.048,881.24
3261,2025-03-10 23:08:22.088205+00:00,,True,864691135941549825,True,True,dendrite_extended,axon_partially_extended,89602364582973364,864691135941549825,[180752 231968  22043],723.008,927.872,881.72
2593,2024-12-13 21:58:31.829663+00:00,,True,864691135386940245,True,True,dendrite_extended,axon_partially_extended,87970826699341642,864691135386940245,[168960 134400  21639],675.84,537.6,865.56
3262,2025-03-10 23:08:22.106996+00:00,,True,864691135989149187,True,True,dendrite_extended,axon_partially_extended,90727920825948660,864691135989149187,[188720 229376  22016],754.88,917.504,880.64
2602,2024-12-13 21:58:31.965781+00:00,,True,864691135816832591,True,False,dendrite_extended,none,88685165458951492,864691135816832591,[173872 214112  20324],695.488,856.448,812.96
2605,2024-12-13 21:58:32.013237+00:00,,True,864691136119883288,True,True,dendrite_extended,axon_partially_extended,92280637872332638,864691136119883288,[200224 263424  25547],800.896,1053.696,1021.88
2607,2024-12-13 21:58:32.046475+00:00,,True,864691135335855337,True,True,dendrite_extended,axon_partially_extended,83542131637252821,864691135335855337,[136576 168512  24257],546.304,674.048,970.28
2609,2024-12-13 21:58:32.078513+00:00,,True,864691135970206821,True,True,dendrite_extended,axon_partially_extended,109224111116820796,864691135970206821,[323136 149120  18229],1292.544,596.48,729.16
2610,2024-12-13 21:58:32.093777+00:00,,True,864691135502902338,True,True,dendrite_extended,axon_partially_extended,100224471205577101,864691135502902338,[257888 205200  19566],1031.552,820.8,782.64
2611,2024-12-13 21:58:32.108347+00:00,,True,864691135594817067,True,True,dendrite_extended,axon_partially_extended,85308152798987559,864691135594817067,[149264 219312  19340],597.056,877.248,773.6
2613,2024-12-13 21:58:32.137880+00:00,,True,864691136603171281,True,True,dendrite_extended,axon_partially_extended,101764475149168864,864691136603171281,[269232 144800  23267],1076.928,579.2,930.68
2615,2024-12-13 21:58:32.166133+00:00,,True,864691135375590217,True,True,dendrite_extended,axon_partially_extended,95854806375205551,864691135375590217,[226048 154720  23617],904.192,618.88,944.68
4708,2026-02-21 19:27:59.116793+00:00,,True,864691136914541041,True,True,dendrite_extended,axon_fully_extended,87976324391655918,864691136914541041,[168704 175536  22620],674.816,702.144,904.8
2617,2024-12-13 21:58:32.197681+00:00,,True,864691135741659499,True,True,dendrite_extended,axon_partially_extended,104581424140815209,864691135741659499,[289680 161264  24791],1158.72,645.056,991.64
2618,2024-12-13 21:58:32.212264+00:00,,True,864691135741684075,True,True,dendrite_extended,axon_partially_extended,113586080573545633,864691135741684075,[354992 142528  23231],1419.968,570.112,929.24
2619,2024-12-13 21:58:32.226085+00:00,,True,864691135970497125,True,True,dendrite_extended,axon_partially_extended,96351923002998076,864691135970497125,[229856 188304  23261],919.424,753.216,930.44
2620,2024-12-13 21:58:32.239889+00:00,,True,864691136119885080,True,True,dendrite_extended,axon_partially_extended,95641569704922650,864691136119885080,[224336 138864  22805],897.344,555.456,912.2
2621,2024-12-13 21:58:32.254402+00:00,,True,864691135498992403,True,True,dendrite_extended,axon_partially_extended,112249142885539171,864691135498992403,[345360 142864  21435],1381.44,571.456,857.4
2622,2024-12-13 21:58:32.270161+00:00,,True,864691135304679079,True,True,dendrite_extended,axon_partially_extended,83188157478333107,864691135304679079,[133776 152320  23219],535.104,609.28,928.76
2623,2024-12-13 21:58:32.285560+00:00,,True,864691135539491442,True,True,dendrite_extended,axon_partially_extended,100216500350515119,864691135539491442,[257712 145728  24404],1030.848,582.912,976.16
2624,2024-12-13 21:58:32.302002+00:00,,True,864691135101431072,True,True,dendrite_extended,axon_partially_extended,87616028175454056,864691135101431072,[165968 112720  22886],663.872,450.88,915.44
2625,2024-12-13 21:58:32.317376+00:00,,True,864691135477670312,True,True,dendrite_extended,axon_partially_extended,97264654891588458,864691135477670312,[236096 173168  21677],944.384,692.672,867.08
2626,2024-12-13 21:58:32.332669+00:00,,True,864691135740865684,True,True,dendrite_extended,axon_partially_extended,105845587299579253,864691135740865684,[298928 142576  22481],1195.712,570.304,899.24
2628,2024-12-13 21:58:32.360177+00:00,,True,864691136904488114,True,True,dendrite_extended,axon_partially_extended,96280179667962954,864691136904488114,[229264 178032  21728],917.056,712.128,869.12
2630,2024-12-13 21:58:32.387914+00:00,,True,864691135927494158,True,True,dendrite_extended,axon_partially_extended,96909031331009922,864691135927494158,[233856 144880  19602],935.424,579.52,784.08
2632,2024-12-13 21:58:32.423000+00:00,,True,864691135209194617,True,True,dendrite_extended,axon_partially_extended,98453089790973114,864691135209194617,[245088 114544  23972],980.352,458.176,958.88
2633,2024-12-13 21:58:32.440025+00:00,,True,864691135868466710,True,True,dendrite_extended,axon_partially_extended,91845643248865674,864691135868466710,[196976 168288  22711],787.904,673.152,908.44
2634,2024-12-13 21:58:32.456703+00:00,,True,864691135408808649,True,True,dendrite_extended,axon_partially_extended,92259403352577419,864691135408808649,[199856 105456  23798],799.424,421.824,951.92
2635,2024-12-13 21:58:32.471839+00:00,,True,864691135408788169,True,True,dendrite_extended,axon_partially_extended,91563343235672342,864691135408788169,[195088 162368  19534],780.352,649.472,781.36
2636,2024-12-13 21:58:32.487455+00:00,,True,864691135511802576,True,True,dendrite_extended,axon_partially_extended,111057271878124171,864691135511802576,[336608 175776  18166],1346.432,703.104,726.64
2638,2024-12-13 21:58:32.520204+00:00,,True,864691135772920651,True,True,dendrite_extended,axon_partially_extended,101486504194835823,864691135772920651,[267040 171120  18310],1068.16,684.48,732.4
2639,2024-12-13 21:58:32.536177+00:00,,True,864691136090632503,True,True,dendrite_extended,axon_partially_extended,104513047925686540,864691136090632503,[289248 176048  22051],1156.992,704.192,882.04
2640,2024-12-13 21:58:32.551649+00:00,,True,864691135700814114,True,True,dendrite_extended,axon_partially_extended,87067303086348787,864691135700814114,[162304 218800  22158],649.216,875.2,886.32
2641,2024-12-13 21:58:32.568590+00:00,,True,864691135591854347,True,True,dendrite_extended,axon_partially_extended,96843885603031131,864691135591854347,[233504 183872  22489],934.016,735.488,899.56
2642,2024-12-13 21:58:32.584078+00:00,,True,864691135970180709,True,True,dendrite_extended,axon_partially_extended,86350008785571333,864691135970180709,[157104 117072  19130],628.416,468.288,765.2
2643,2024-12-13 21:58:32.599369+00:00,,True,864691136380266965,True,True,dendrite_extended,axon_partially_extended,99231887688044407,864691136380266965,[250416 149712  24551],1001.664,598.848,982.04
2644,2024-12-13 21:58:32.614521+00:00,,True,864691135495698832,True,True,dendrite_extended,axon_partially_extended,94795563757188567,864691135495698832,[218352 127152  19357],873.408,508.608,774.28
2645,2024-12-13 21:58:32.631305+00:00,,True,864691136110256824,True,True,dendrite_extended,axon_partially_extended,92752877311163849,864691136110256824,[203344 112064  19314],813.376,448.256,772.56
2646,2024-12-13 21:58:32.647427+00:00,,True,864691136452602367,True,True,dendrite_extended,axon_partially_extended,91489263639928723,864691136452602367,[194464 134496  19725],777.856,537.984,789.0
2648,2024-12-13 21:58:32.674916+00:00,,True,864691135778414176,True,True,dendrite_extended,axon_partially_extended,104157630523795934,864691135778414176,[286256 149568  20170],1145.024,598.272,806.8
2650,2024-12-13 21:58:32.700544+00:00,,True,864691135586724220,True,True,dendrite_extended,axon_partially_extended,92480885957554725,864691135586724220,[201392 182624  21666],805.568,730.496,866.64
2651,2024-12-13 21:58:32.716302+00:00,,True,864691135566155351,True,True,dendrite_extended,axon_partially_extended,106345177962209650,864691135566155351,[302224 195232  22676],1208.896,780.928,907.04
2652,2024-12-13 21:58:32.731258+00:00,,True,864691135939008565,True,True,dendrite_extended,axon_partially_extended,84521590070766232,864691135939008565,[143616 126064  22274],574.464,504.256,890.96
2654,2024-12-13 21:58:32.762510+00:00,,True,864691135578146565,True,True,dendrite_extended,axon_partially_extended,97123641988785896,864691135578146565,[235328 170736  17842],941.312,682.944,713.68
2655,2024-12-13 21:58:32.781725+00:00,,True,864691136420279191,True,True,dendrite_extended,axon_partially_extended,88179253208100248,864691136420279191,[170400 114576  24442],681.6,458.304,977.68
2656,2024-12-13 21:58:32.797255+00:00,,True,864691135919749808,True,True,dendrite_extended,axon_partially_extended,91081963770996370,864691135919749808,[191184 245792  23238],764.736,983.168,929.52
2657,2024-12-13 21:58:32.811576+00:00,,True,864691136742372956,True,True,dendrite_extended,axon_partially_extended,90378963725424854,864691136742372956,[186000 250704  24860],744.0,1002.816,994.4
2658,2024-12-13 21:58:32.825705+00:00,,True,864691135738266500,True,True,dendrite_extended,axon_partially_extended,90800969830682643,864691135738266500,[189232 249392  23277],756.928,997.568,931.08
2660,2024-12-13 21:58:32.855073+00:00,,True,864691135585503864,True,True,dendrite_extended,axon_partially_extended,91645463681374200,864691135585503864,[195248 249952  24610],780.992,999.808,984.4
2661,2024-12-13 21:58:32.869782+00:00,,True,864691136195537366,True,True,dendrite_extended,axon_partially_extended,91153432160851227,864691136195537366,[191632 254080  24107],766.528,1016.32,964.28
2662,2024-12-13 21:58:32.883492+00:00,,True,864691135763362102,True,True,dendrite_extended,axon_partially_extended,91142986263977276,864691135763362102,[191776 175824  20404],767.104,703.296,816.16
2663,2024-12-13 21:58:32.898850+00:00,,True,864691135970292837,True,True,dendrite_extended,axon_partially_extended,90591032097748916,864691135970292837,[187872 257936  25376],751.488,1031.744,1015.04
2664,2024-12-13 21:58:32.914871+00:00,,True,864691135510267401,True,True,dendrite_extended,axon_partially_extended,92208482354437867,864691135510267401,[199504 250464  24736],798.016,1001.856,989.44
2665,2024-12-13 21:58:32.930008+00:00,,True,864691135970293349,True,True,dendrite_extended,axon_partially_extended,92067813518326375,864691135970293349,[198576 250864  24133],794.304,1003.456,965.32
2666,2024-12-13 21:58:32.944012+00:00,,True,864691136287879619,True,True,dendrite_extended,axon_partially_extended,91644501407554190,864691136287879619,[195376 242512  23223],781.504,970.048,928.92
2667,2024-12-13 21:58:32.958526+00:00,,True,864691135970293605,True,True,dendrite_extended,axon_partially_extended,91362133010898573,864691135970293605,[193568 236112  23009],774.272,944.448,920.36
2668,2024-12-13 21:58:32.972927+00:00,,True,864691136363161570,True,True,dendrite_extended,axon_partially_extended,91925357908806207,864691136363161570,[197376 237904  23083],789.504,951.616,923.32
2669,2024-12-13 21:58:32.987109+00:00,,True,864691135469807954,True,True,dendrite_extended,axon_partially_extended,91783451988374696,864691135469807954,[196384 229168  21891],785.536,916.672,875.64
2670,2024-12-13 21:58:33.001707+00:00,,True,864691135763364662,True,True,dendrite_extended,axon_partially_extended,91363507534584111,864691135763364662,[193088 246416  23985],772.352,985.664,959.4
2671,2024-12-13 21:58:33.016670+00:00,,True,864691135615661771,True,True,dendrite_extended,axon_partially_extended,91506444180090776,864691135615661771,[194384 262720  24777],777.536,1050.88,991.08
2673,2024-12-13 21:58:33.047057+00:00,,True,864691135594982187,True,True,dendrite_extended,axon_partially_extended,88397299637926388,864691135594982187,[171904 166304  20772],687.616,665.216,830.88
2675,2024-12-13 21:58:33.078072+00:00,,True,864691135842486243,True,True,dendrite_clean,axon_partially_extended,90926382674615466,864691135842486243,[190320 134992  21950],761.28,539.968,878.0
2676,2024-12-13 21:58:33.094434+00:00,,True,864691135838916755,True,True,dendrite_clean,axon_partially_extended,88392145676956508,864691135838916755,[171648 127904  20594],686.592,511.616,823.76
4709,2026-02-21 19:27:59.138949+00:00,,True,864691135409940425,True,True,dendrite_extended,axon_fully_extended,91277676773529536,864691135409940425,[192720 131232  22625],770.88,524.928,905.0
4710,2026-02-21 19:27:59.161024+00:00,,True,864691136137237899,True,True,dendrite_extended,axon_fully_extended,88603595507012906,864691136137237899,[173376 130752  20700],693.504,523.008,828.0
2686,2024-12-13 21:58:33.251001+00:00,,True,864691135276504549,True,True,dendrite_clean,axon_partially_extended,88390633982556382,864691135276504549,[171872 116864  21509],687.488,467.456,860.36
4711,2026-02-21 19:27:59.184961+00:00,,True,864691135853055175,True,True,dendrite_extended,axon_fully_extended,89516533755228311,864691135853055175,[179888 116688  20509],719.552,466.752,820.36
4712,2026-02-21 19:27:59.205207+00:00,,True,864691136238679567,True,True,dendrite_extended,axon_fully_extended,88041264229949195,864691136238679567,[169152 135136  22028],676.608,540.544,881.12
2695,2024-12-13 21:58:33.389810+00:00,,True,864691135417307322,True,True,dendrite_extended,axon_partially_extended,90026089010991126,864691135417307322,[183568 243072  23277],734.272,972.288,931.08
2697,2024-12-13 21:58:33.423374+00:00,,True,864691135694421439,True,True,dendrite_extended,axon_partially_extended,91008021345749751,864691135694421439,[190928 219072  21314],763.712,876.288,852.56
3264,2025-03-10 23:08:22.143587+00:00,,True,864691135014681590,True,True,dendrite_extended,axon_partially_extended,89883702120976521,864691135014681590,[182336 231040  22241],729.344,924.16,889.64
2699,2024-12-13 21:58:33.455153+00:00,,True,864691136195901772,True,True,dendrite_extended,axon_partially_extended,92064789660394959,864691136195901772,[198224 228512  22906],792.896,914.048,916.24
2700,2024-12-13 21:58:33.471452+00:00,,True,864691135447312274,True,True,dendrite_extended,axon_partially_extended,90721255103433522,864691135447312274,[188832 179408  22272],755.328,717.632,890.88
2701,2024-12-13 21:58:33.485269+00:00,,True,864691135123833127,True,True,dendrite_extended,axon_partially_extended,91502733194345198,864691135123833127,[194192 234928  23897],776.768,939.712,955.88
2702,2024-12-13 21:58:33.500926+00:00,,True,864691135942730612,True,True,dendrite_extended,axon_partially_extended,91221601814976196,864691135942730612,[192416 237680  23861],769.664,950.72,954.44
2703,2024-12-13 21:58:33.517299+00:00,,True,864691135773240571,True,True,dendrite_extended,axon_partially_extended,91784345408293522,864691135773240571,[196256 235920  22044],785.024,943.68,881.76
2704,2024-12-13 21:58:33.531160+00:00,,True,864691136335213235,True,True,dendrite_extended,axon_partially_extended,89531308845558032,864691136335213235,[180000 226864  23724],720.0,907.456,948.96
2705,2024-12-13 21:58:33.545795+00:00,,True,864691135591726603,True,True,dendrite_extended,axon_partially_extended,90509667834777490,864691135591726603,[187216 176064  22456],748.864,704.256,898.24
2706,2024-12-13 21:58:33.565944+00:00,,True,864691135782330192,True,True,dendrite_extended,axon_partially_extended,92136258050496869,864691135782330192,[199008 236240  24018],796.032,944.96,960.72
2707,2024-12-13 21:58:33.581288+00:00,,True,864691134949041148,True,True,dendrite_extended,axon_partially_extended,89816013570905029,864691134949041148,[182000 250576  23498],728.0,1002.304,939.92
2708,2024-12-13 21:58:33.595981+00:00,,True,864691135948150625,True,True,dendrite_extended,axon_partially_extended,92347845252121618,864691135948150625,[200656 240128  23370],802.624,960.512,934.8
2709,2024-12-13 21:58:33.610593+00:00,,True,864691135133991072,True,True,dendrite_extended,axon_partially_extended,90870514008490753,864691135133991072,[189936 242912  23983],759.744,971.648,959.32
2710,2024-12-13 21:58:33.624758+00:00,,True,864691135838738579,True,True,dendrite_extended,axon_partially_extended,89251208325309942,864691135838738579,[177840 236832  24096],711.36,947.328,963.84
2712,2024-12-13 21:58:33.651831+00:00,,True,864691135866279900,True,True,dendrite_extended,axon_partially_extended,90589107616886693,864691135866279900,[187632 243488  22841],750.528,973.952,913.64
2713,2024-12-13 21:58:33.668404+00:00,,True,864691136904967346,True,True,dendrite_extended,axon_partially_extended,89251414483973224,864691136904967346,[177712 238736  24291],710.848,954.944,971.64
2715,2024-12-13 21:58:33.701550+00:00,,True,864691136596177570,True,True,dendrite_extended,axon_partially_extended,90939714454103193,864691136596177570,[190208 234240  23182],760.832,936.96,927.28
2716,2024-12-13 21:58:33.715870+00:00,,True,864691135684809458,True,True,dendrite_extended,axon_partially_extended,89745782466493531,864691135684809458,[181680 251872  24620],726.72,1007.488,984.8
2717,2024-12-13 21:58:33.729853+00:00,,True,864691135786943684,True,True,dendrite_extended,axon_partially_extended,90938339997789517,864691135786943684,[190464 224176  22995],761.856,896.704,919.8
4713,2026-02-21 19:27:59.224854+00:00,,True,864691136906067890,True,True,dendrite_extended,axon_fully_extended,88040027279617201,864691136906067890,[169008 125872  22242],676.032,503.488,889.68
2719,2024-12-13 21:58:33.758627+00:00,,True,864691136926764362,True,True,dendrite_extended,axon_partially_extended,91080589180343914,864691136926764362,[191264 235632  21848],765.056,942.528,873.92
4714,2026-02-21 19:27:59.245256+00:00,,True,864691136814508659,True,True,dendrite_extended,axon_fully_extended,89031649261724996,864691136814508659,[176256 173872  21655],705.024,695.488,866.2
2721,2024-12-13 21:58:33.787969+00:00,,True,864691135919956656,True,True,dendrite_clean,axon_partially_extended,90363638812455211,864691135919956656,[186160 136480  21354],744.64,545.92,854.16
4715,2026-02-21 19:27:59.264319+00:00,,True,864691135493665631,True,True,dendrite_extended,axon_fully_extended,91141062319739671,864691135493665631,[191616 161920  21741],766.464,647.68,869.64
2726,2024-12-13 21:58:33.871926+00:00,,True,864691134918921738,True,True,dendrite_clean,axon_partially_extended,91209713211022291,864691134918921738,[192272 148688  22619],769.088,594.752,904.76
2727,2024-12-13 21:58:33.887285+00:00,,True,864691135209432185,True,True,dendrite_clean,axon_partially_extended,88183719571431701,864691135209432185,[170192 147984  21335],680.768,591.936,853.4
2731,2024-12-13 21:58:33.952678+00:00,,True,864691135760106830,True,True,dendrite_clean,axon_partially_extended,89803162961130659,864691135760106830,[181920 154880  22579],727.68,619.52,903.16
2732,2024-12-13 21:58:33.969100+00:00,,True,864691135465343045,True,True,dendrite_clean,axon_partially_extended,91070349978124936,864691135465343045,[191088 159360  21709],764.352,637.44,868.36
2733,2024-12-13 21:58:33.986343+00:00,,True,864691135384292843,True,True,dendrite_clean,axon_partially_extended,90788050300919327,864691135384292843,[189408 153008  21492],757.632,612.032,859.68
2734,2024-12-13 21:58:34.001944+00:00,,True,864691135939017525,True,True,dendrite_clean,axon_partially_extended,88185849875200594,864691135939017525,[170304 163664  21335],681.216,654.656,853.4
2735,2024-12-13 21:58:34.019033+00:00,,True,864691135976028015,True,True,dendrite_extended,axon_partially_extended,90799939172884359,864691135976028015,[189200 241456  24426],756.8,965.824,977.04
2736,2024-12-13 21:58:34.034368+00:00,,True,864691136042515798,True,True,dendrite_extended,axon_partially_extended,92136051690745412,864691136042515798,[198720 234960  22456],794.88,939.84,898.24
2738,2024-12-13 21:58:34.067405+00:00,,True,864691135234582361,True,True,dendrite_extended,axon_partially_extended,91223251082455647,864691135234582361,[192272 249728  23922],769.088,998.912,956.88
2739,2024-12-13 21:58:34.082515+00:00,,True,864691135059954075,True,True,dendrite_extended,axon_partially_extended,91785170310760456,864691135059954075,[196304 242192  24351],785.216,968.768,974.04
2740,2024-12-13 21:58:34.098947+00:00,,True,864691135566274391,True,True,dendrite_extended,axon_partially_extended,89392770313251673,864691135566274391,[179008 243280  23124],716.032,973.12,924.96
2741,2024-12-13 21:58:34.114600+00:00,,True,864691136311451226,True,True,dendrite_extended,axon_partially_extended,89742689821813768,864691136311451226,[181664 228752  22734],726.656,915.008,909.36
2742,2024-12-13 21:58:34.129880+00:00,,True,864691135360300632,True,True,dendrite_extended,axon_partially_extended,91360002505734907,864691135360300632,[193280 219920  21449],773.12,879.68,857.96
2743,2024-12-13 21:58:34.145074+00:00,,True,864691135817195343,True,True,dendrite_extended,axon_partially_extended,88404034415328120,864691135817195343,[171728 216752  23008],686.912,867.008,920.32
2745,2024-12-13 21:58:34.172963+00:00,,True,864691135324437916,True,True,dendrite_extended,axon_partially_extended,89038315252538375,864691135324437916,[176576 223568  23383],706.304,894.272,935.32
2746,2024-12-13 21:58:34.187587+00:00,,True,864691135778465376,True,True,dendrite_extended,axon_partially_extended,92066095263342786,864691135778465376,[198448 238016  22373],793.792,952.064,894.92
2749,2024-12-13 21:58:34.238338+00:00,,True,864691135993274305,True,True,dendrite_extended,axon_partially_extended,89815326375643862,864691135993274305,[182112 245728  23093],728.448,982.912,923.72
2750,2024-12-13 21:58:34.254968+00:00,,True,864691134949095932,True,True,dendrite_extended,axon_partially_extended,90871407428803958,864691134949095932,[189728 249696  24542],758.912,998.784,981.68
2751,2024-12-13 21:58:34.271074+00:00,,True,864691136484415020,True,True,dendrite_extended,axon_partially_extended,89533233057853936,864691136484415020,[180128 241328  24103],720.512,965.312,964.12
2752,2024-12-13 21:58:34.285263+00:00,,True,864691135763549238,True,True,dendrite_extended,axon_partially_extended,89883358657793819,864691135763549238,[182400 228336  23232],729.6,913.344,929.28
2753,2024-12-13 21:58:34.299568+00:00,,True,864691136603306193,True,True,dendrite_extended,axon_partially_extended,90446239892001953,864691136603306193,[186448 227856  23489],745.792,911.424,939.56
2755,2024-12-13 21:58:34.332349+00:00,,True,864691135430186032,True,True,dendrite_extended,axon_partially_extended,88191485073555848,864691135430186032,[170096 205632  22825],680.384,822.528,913.0
2756,2024-12-13 21:58:34.345880+00:00,,True,864691135868415766,True,True,dendrite_extended,axon_partially_extended,91359178139950195,864691135868415766,[193392 213808  23060],773.568,855.232,922.4
4716,2026-02-21 19:27:59.286301+00:00,,True,864691136814627955,True,True,dendrite_extended,axon_fully_extended,91212530441577788,864691136814627955,[192400 170160  20939],769.6,680.64,837.56
2759,2024-12-13 21:58:34.391131+00:00,,True,864691136452609023,True,True,dendrite_extended,axon_partially_extended,88048067257143692,864691136452609023,[169248 185680  20779],676.992,742.72,831.16
2760,2024-12-13 21:58:34.406168+00:00,,True,864691135491891559,True,True,dendrite_extended,axon_partially_extended,89321714240520931,864691135491891559,[178256 237856  22511],713.024,951.424,900.44
2761,2024-12-13 21:58:34.421923+00:00,,True,864691135503367517,True,True,dendrite_extended,axon_partially_extended,89600646663653110,864691135503367517,[180464 219056  22947],721.856,876.224,917.88
2762,2024-12-13 21:58:34.438243+00:00,,True,864691135511977680,True,True,dendrite_clean,axon_partially_extended,89872844309530713,864691135511977680,[182528 149808  21290],730.112,599.232,851.6
2763,2024-12-13 21:58:34.454446+00:00,,True,864691135510406921,True,True,dendrite_clean,axon_partially_extended,90153975822742226,864691135510406921,[184432 147552  22040],737.728,590.208,881.6
2766,2024-12-13 21:58:34.503007+00:00,,True,864691136975300636,True,True,dendrite_extended,axon_partially_extended,86919074638383432,864691136975300636,[161312 162880  18264],645.248,651.52,730.56
2767,2024-12-13 21:58:34.517433+00:00,,True,864691135468948364,True,True,dendrite_extended,axon_partially_extended,96980431001933355,864691135468948364,[234416 152336  20908],937.664,609.344,836.32
2769,2024-12-13 21:58:34.551491+00:00,,True,864691135619294351,True,True,dendrite_extended,axon_partially_extended,95714961770732794,864691135619294351,[225312 161104  20411],901.248,644.416,816.44
2770,2024-12-13 21:58:34.567465+00:00,,True,864691136195526120,True,True,dendrite_extended,axon_partially_extended,98035755804719920,864691136195526120,[241920 151216  19302],967.68,604.864,772.08
2771,2024-12-13 21:58:34.585345+00:00,,True,864691136274546622,True,True,dendrite_extended,axon_partially_extended,99582905969528046,864691136274546622,[253168 143904  18085],1012.672,575.616,723.4
2772,2024-12-13 21:58:34.601287+00:00,,True,864691135527555163,True,True,dendrite_extended,axon_partially_extended,85653330999060048,864691135527555163,[152080 169600  21360],608.32,678.4,854.4
2773,2024-12-13 21:58:34.617621+00:00,,True,864691135342585541,True,True,dendrite_extended,axon_partially_extended,94235706582728500,864691135342585541,[214144 150208  22307],856.576,600.832,892.28
2774,2024-12-13 21:58:34.631517+00:00,,True,864691135977309763,True,True,dendrite_extended,axon_partially_extended,86425256545862967,864691135977309763,[157296 153504  18933],629.184,614.016,757.32
2775,2024-12-13 21:58:34.647650+00:00,,True,864691136120159768,True,True,dendrite_extended,axon_partially_extended,85230018821066638,864691136120159768,[148816 161120  19858],595.264,644.48,794.32
2776,2024-12-13 21:58:34.662758+00:00,,True,864691136138131325,True,True,dendrite_extended,axon_partially_extended,96908962746082581,864691136138131325,[233712 144576  20887],934.848,578.304,835.48
2778,2024-12-13 21:58:34.690981+00:00,,True,864691135276505573,True,True,dendrite_extended,axon_partially_extended,83329994075766172,864691135276505573,[135024 160560  20234],540.096,642.24,809.36
2779,2024-12-13 21:58:34.705582+00:00,,True,864691135209369465,True,True,dendrite_extended,axon_partially_extended,93813081532521668,864691135209369465,[211328 147056  20359],845.312,588.224,814.36
2781,2024-12-13 21:58:34.737117+00:00,,True,864691136125411622,True,True,dendrite_extended,axon_partially_extended,85017950515766963,864691136125411622,[147040 154048  19794],588.16,616.192,791.76
2782,2024-12-13 21:58:34.750757+00:00,,True,864691135617440105,True,True,dendrite_extended,axon_partially_extended,87976598665846087,864691135617440105,[168816 177744  18263],675.264,710.976,730.52
2783,2024-12-13 21:58:34.763705+00:00,,True,864691135134052512,True,True,dendrite_extended,axon_partially_extended,88535494304043172,864691135134052512,[172656 147632  19010],690.624,590.528,760.4
2784,2024-12-13 21:58:34.776442+00:00,,True,864691135346571423,True,True,dendrite_extended,axon_partially_extended,97826299040766300,864691135346571423,[240240 163360  20694],960.96,653.44,827.76
2785,2024-12-13 21:58:34.791440+00:00,,True,864691135386963541,True,True,dendrite_extended,axon_partially_extended,94307037533870715,864691135386963541,[214704 157200  23402],858.816,628.8,936.08
2786,2024-12-13 21:58:34.806113+00:00,,True,864691136523216017,True,True,dendrite_extended,axon_partially_extended,90225512328514430,864691136523216017,[185312 156080  18663],741.248,624.32,746.52
2787,2024-12-13 21:58:34.822804+00:00,,True,864691136025504569,True,True,dendrite_extended,axon_partially_extended,86638218270932365,864691136025504569,[158944 167456  19049],635.776,669.824,761.96
2788,2024-12-13 21:58:34.838907+00:00,,True,864691135499231763,True,True,dendrite_extended,axon_partially_extended,90789493141169402,864691135499231763,[189296 163648  19149],757.184,654.592,765.96
2789,2024-12-13 21:58:34.854068+00:00,,True,864691135336055529,True,True,dendrite_extended,axon_partially_extended,86003594104508828,864691135336055529,[154448 157536  20524],617.792,630.144,820.96
2790,2024-12-13 21:58:34.868029+00:00,,True,864691136101464181,True,True,dendrite_extended,axon_partially_extended,94375619705965640,864691136101464181,[215184 143984  24457],860.736,575.936,978.28
3265,2025-03-10 23:08:22.165364+00:00,,True,864691135885623408,True,True,dendrite_extended,axon_partially_extended,90870032770709270,864691135885623408,[189968 239520  22383],759.872,958.08,895.32
2798,2024-12-13 21:58:34.984802+00:00,,True,864691135927533070,True,True,dendrite_extended,axon_fully_extended,90307632774093378,864691135927533070,[185856 243616  23596],743.424,974.464,943.84
2799,2024-12-13 21:58:34.998375+00:00,,True,864691135430749232,True,True,dendrite_extended,axon_partially_extended,85651819304476264,864691135430749232,[151696 157936  22118],606.784,631.744,884.72
2800,2024-12-13 21:58:35.013469+00:00,,True,864691136489080850,True,True,dendrite_extended,axon_partially_extended,83612774454380799,864691136489080850,[137200 170672  18404],548.8,682.688,736.16
2801,2024-12-13 21:58:35.028318+00:00,,True,864691135756319186,True,True,dendrite_extended,axon_partially_extended,96981667683630714,864691135756319186,[234064 161760  18503],936.256,647.04,740.12
2802,2024-12-13 22:03:29.173103+00:00,,True,864691135877951571,True,True,dendrite_extended,axon_partially_extended,92901586392776963,864691135877951571,[204384 171264  20093],817.536,685.056,803.72
4717,2026-02-21 19:27:59.311434+00:00,,True,864691135853091015,True,True,dendrite_extended,axon_fully_extended,90790111817860463,864691135853091015,[189168 168272  20778],756.672,673.088,831.12
2804,2024-12-13 22:03:29.174803+00:00,,True,864691136136383883,True,True,dendrite_extended,axon_partially_extended,99304043205338070,864691136136383883,[251216 163056  24740],1004.864,652.224,989.6
2805,2024-12-13 22:03:29.175602+00:00,,True,864691135417443514,True,True,dendrite_extended,axon_partially_extended,89591437716550816,864691135417443514,[180656 150320  18553],722.624,601.28,742.12
2806,2024-12-13 22:03:29.176388+00:00,,True,864691135731889337,True,True,dendrite_extended,axon_partially_extended,95572300069482371,864691135731889337,[223920 147072  19532],895.68,588.288,781.28
2808,2024-12-13 22:03:29.177878+00:00,,True,864691135417478842,True,True,dendrite_extended,axon_partially_extended,86565925381791484,864691135417478842,[158336 153120  19434],633.344,612.48,777.36
2810,2024-12-13 22:03:29.179344+00:00,,True,864691135662059248,True,True,dendrite_extended,axon_partially_extended,87481269013252765,864691135662059248,[165152 156992  20952],660.608,627.968,838.08
2811,2024-12-13 22:03:29.180074+00:00,,True,864691135947629348,True,True,dendrite_extended,axon_partially_extended,84949918233625117,864691135947629348,[146576 171424  19612],586.304,685.696,784.48
2812,2024-12-13 22:03:29.180806+00:00,,True,864691135662059760,True,True,dendrite_extended,axon_partially_extended,98247000146964206,864691135662059760,[243552 152016  24138],974.208,608.064,965.52
2817,2024-12-13 22:03:29.184350+00:00,,True,864691135576991518,True,True,dendrite_extended,axon_partially_extended,95080337335430149,864691135576991518,[220368 151280  19471],881.472,605.12,778.84
2818,2024-12-13 22:03:29.185030+00:00,,True,864691135646147567,True,True,dendrite_extended,axon_partially_extended,84668649683867864,864691135646147567,[144912 172928  21746],579.648,691.712,869.84
2822,2024-12-15 02:30:55.813138+00:00,,True,864691135970210661,True,True,dendrite_extended,axon_fully_extended,88823772777600733,864691135970210661,[175104 198208  21230],700.416,792.832,849.2
2823,2024-12-15 02:30:55.829897+00:00,,True,864691135274038801,True,True,dendrite_extended,axon_fully_extended,91208544711639437,864691135274038801,[192160 140336  20693],768.64,561.344,827.72
2825,2024-12-15 02:30:55.856397+00:00,,True,864691136967478222,True,True,dendrite_extended,axon_fully_extended,90019354368195581,864691136967478222,[183680 193040  22367],734.72,772.16,894.68
2827,2024-12-15 02:30:55.881711+00:00,,True,864691135430346544,True,True,dendrite_extended,axon_fully_extended,91285854190229262,864691135430346544,[192896 192032  21367],771.584,768.128,854.68
2828,2024-12-15 02:30:55.893486+00:00,,True,864691136238090767,True,True,dendrite_clean,axon_fully_extended,89314361054755294,864691136238090767,[178656 183024  20589],714.624,732.096,823.56
2829,2024-12-15 02:30:55.906243+00:00,,True,864691135885406064,True,True,dendrite_extended,axon_fully_extended,90723935028625125,864691135885406064,[188896 199568  21067],755.584,798.272,842.68
2831,2024-12-15 02:30:55.934014+00:00,,True,864691135720061233,True,True,dendrite_extended,axon_fully_extended,90301791148973899,864691135720061233,[185664 200192  20160],742.656,800.768,806.4
2833,2024-12-15 02:30:55.959471+00:00,,True,864691136107670745,True,True,dendrite_extended,axon_partially_extended,94455196255712447,864691136107670745,[215968 212400  19590],863.872,849.6,783.6
2834,2024-12-15 02:30:55.973530+00:00,,True,864691135214246528,True,True,dendrite_extended,axon_partially_extended,91079146138028309,864691135214246528,[191040 224880  22028],764.16,899.52,881.12
2838,2024-12-15 02:30:56.028070+00:00,,True,864691136603221201,True,True,dendrite_extended,axon_partially_extended,99514324536101777,864691136603221201,[252752 157280  23007],1011.008,629.12,920.28
2839,2024-12-15 02:30:56.043562+00:00,,True,864691136596107938,True,True,dendrite_extended,axon_partially_extended,83609270565795138,864691136596107938,[137168 144400  24081],548.672,577.6,963.24
2840,2024-12-15 02:30:56.057097+00:00,,True,864691136619882637,True,True,dendrite_extended,axon_partially_extended,113658647804453723,864691136619882637,[355744 158544  19434],1422.976,634.176,777.36
2841,2024-12-15 02:30:56.070274+00:00,,True,864691135464787525,True,True,dendrite_extended,axon_partially_extended,104932992245808097,864691135464787525,[292176 159072  19358],1168.704,636.288,774.32
2842,2024-12-15 02:30:56.082324+00:00,,True,864691135655472066,True,True,dendrite_extended,axon_partially_extended,87763155971256610,864691135655472066,[167168 160096  18424],668.672,640.384,736.96
2844,2024-12-15 02:30:56.108244+00:00,,True,864691136010028974,True,True,dendrite_extended,axon_partially_extended,103386529543553383,864691136010028974,[281008 171424  22050],1124.032,685.696,882.0
2846,2024-12-15 02:30:56.136452+00:00,,True,864691136135963787,True,True,dendrite_extended,axon_partially_extended,98734564364644877,864691136135963787,[247088 114880  20544],988.352,459.52,821.76
2847,2024-12-15 02:30:56.150186+00:00,,True,864691135778187360,True,True,dendrite_extended,axon_partially_extended,106551542550859358,864691135778187360,[303760 159536  22684],1215.04,638.144,907.36
2849,2024-12-15 02:30:56.178799+00:00,,True,864691136298045979,True,True,dendrite_extended,axon_partially_extended,103526510580980496,864691136298045979,[281840 165760  18075],1127.36,663.04,723.0
2851,2024-12-15 02:30:56.205091+00:00,,True,864691135763941174,True,True,dendrite_extended,axon_partially_extended,87264047082470146,864691135763941174,[163680 111392  23197],654.72,445.568,927.88
2852,2024-12-15 02:30:56.223868+00:00,,True,864691135810982860,True,True,dendrite_extended,axon_partially_extended,88184956857569417,864691135810982860,[170032 156912  23923],680.128,627.648,956.92
2853,2024-12-15 02:30:56.238387+00:00,,True,864691136228538961,True,True,dendrite_extended,axon_partially_extended,104159142620564884,864691136228538961,[286704 160960  22109],1146.816,643.84,884.36
2854,2024-12-15 02:30:56.250545+00:00,,True,864691135066892868,True,True,dendrite_extended,axon_partially_extended,93246489647703470,864691135066892868,[206912 119632  21527],827.648,478.528,861.08
2855,2024-12-15 02:30:56.262585+00:00,,True,864691135273918993,True,True,dendrite_extended,axon_partially_extended,108938169441442106,864691135273918993,[321456 115488  18919],1285.824,461.952,756.76
2856,2024-12-15 02:30:56.274422+00:00,,True,864691135763495478,True,True,dendrite_extended,axon_partially_extended,103870521086679041,864691135763495478,[284432 107504  24122],1137.728,430.016,964.88
4718,2026-02-21 19:27:59.335268+00:00,,True,864691136391034487,True,True,dendrite_extended,axon_fully_extended,90086080980035490,864691136391034487,[184176 165760  22284],736.704,663.04,891.36
2858,2024-12-15 02:30:56.300413+00:00,,True,864691135763447862,True,True,dendrite_extended,axon_partially_extended,89533576655636848,864691135763447862,[180256 243664  24472],721.024,974.656,978.88
2859,2024-12-15 02:30:56.312961+00:00,,True,864691135989998080,True,True,dendrite_extended,axon_partially_extended,89603120564435163,864691135989998080,[180720 237360  22633],722.88,949.44,905.32
2860,2024-12-15 02:30:56.325193+00:00,,True,864691136488621842,True,True,dendrite_extended,axon_partially_extended,91573582975001465,864691136488621842,[194944 238544  24036],779.776,954.176,961.44
2861,2024-12-15 02:30:56.337067+00:00,,True,864691136579217172,True,True,dendrite_extended,axon_partially_extended,91575850717611646,864691136579217172,[194720 255472  23919],778.88,1021.888,956.76
4719,2026-02-21 19:27:59.354975+00:00,,True,864691135738953860,True,True,dendrite_extended,axon_fully_extended,90995789211688319,864691135738953860,[190864 127936  20727],763.456,511.744,829.08
2863,2024-12-15 02:30:56.364750+00:00,,True,864691136010027182,True,True,dendrite_extended,axon_partially_extended,90652741784873644,864691136010027182,[188384 193616  22031],753.536,774.464,881.24
2864,2024-12-15 02:30:56.376582+00:00,,True,864691136228491601,True,True,dendrite_clean,axon_partially_extended,91138588351794214,864691136228491601,[191536 143552  21481],766.144,574.208,859.24
4720,2026-02-21 19:27:59.375174+00:00,,True,864691136438717086,True,True,dendrite_extended,axon_fully_extended,89101262158920024,864691136438717086,[176864 168336  22285],707.456,673.344,891.4
2866,2024-12-15 02:30:56.402272+00:00,,True,864691136674749575,True,True,dendrite_extended,axon_fully_extended,90570209626369807,864691136674749575,[187504 102896  21656],750.016,411.584,866.24
4721,2026-02-21 19:27:59.395222+00:00,,True,864691135662802416,True,True,dendrite_extended,axon_fully_extended,88326724936602021,864691135662802416,[171200 164992  22279],684.8,659.968,891.16
4722,2026-02-21 19:27:59.413063+00:00,,True,864691136288644291,True,True,dendrite_extended,axon_fully_extended,88187774154761429,864691136288644291,[170176 178080  22342],680.704,712.32,893.68
4723,2026-02-21 19:27:59.433012+00:00,,True,864691135448215698,True,True,dendrite_extended,axon_fully_extended,90579143225554858,864691135448215698,[187840 169648  22257],751.36,678.592,890.28
4724,2026-02-21 19:27:59.450157+00:00,,True,864691135717299738,True,True,dendrite_extended,axon_fully_extended,89101742993660379,864691135717299738,[177008 172176  20510],708.032,688.704,820.4
4725,2026-02-21 19:27:59.470165+00:00,,True,864691136381243349,True,True,dendrite_extended,axon_fully_extended,91279600851706310,864691136381243349,[192736 145520  22073],770.944,582.08,882.92
4726,2026-02-21 19:27:59.491913+00:00,,True,864691135656664770,True,True,dendrite_extended,axon_fully_extended,88186399496762629,864691135656664770,[170384 167664  20297],681.536,670.656,811.88
2875,2024-12-15 02:30:56.519421+00:00,,True,864691135562048225,True,True,dendrite_extended,axon_partially_extended,89394488367614283,864691135562048225,[178896 255952  23903],715.584,1023.808,956.12
2876,2024-12-15 02:30:56.533035+00:00,,True,864691135778331232,True,True,dendrite_extended,axon_partially_extended,91641477750729499,864691135778331232,[195584 220128  23351],782.336,880.512,934.04
2879,2024-12-15 02:30:56.572396+00:00,,True,864691135476311616,True,True,dendrite_clean,axon_partially_extended,88748868548051707,864691135476311616,[174304 164096  21325],697.216,656.384,853.0
2880,2024-12-15 02:30:56.584770+00:00,,True,864691135646017007,True,True,dendrite_extended,axon_partially_extended,90861854951370151,864691135646017007,[189552 178432  20566],758.208,713.728,822.64
2881,2024-12-15 02:30:56.595978+00:00,,True,864691135546339880,True,True,dendrite_extended,axon_partially_extended,89313467768719862,864691135546339880,[178416 176592  21133],713.664,706.368,845.32
2882,2024-12-15 02:30:56.610698+00:00,,True,864691135868435734,True,True,dendrite_extended,axon_partially_extended,89040720299837839,864691135868435734,[176512 241424  22230],706.048,965.696,889.2
2884,2024-12-15 02:30:56.639444+00:00,,True,864691135808925981,True,True,dendrite_extended,axon_partially_extended,91282074283332978,864691135808925981,[192720 163984  18669],770.88,655.936,746.76
2886,2024-12-15 02:30:56.665249+00:00,,True,864691134886499066,True,True,dendrite_extended,axon_partially_extended,97895361846329968,864691134886499066,[240816 153792  18529],963.264,615.168,741.16
2887,2024-12-15 02:30:56.678453+00:00,,True,864691136085904236,True,True,dendrite_extended,axon_partially_extended,89521206478277579,864691136085904236,[179968 151328  18953],719.872,605.312,758.12
2888,2024-12-15 02:30:56.693297+00:00,,True,864691136110366904,True,True,dendrite_extended,axon_partially_extended,93957598524936557,864691136110366904,[212256 175200  19860],849.024,700.8,794.4
2892,2024-12-15 02:30:56.744888+00:00,,True,864691135741197716,True,True,dendrite_clean,axon_partially_extended,88046280752109998,864691135741197716,[169008 172544  22335],676.032,690.176,893.4
2894,2024-12-15 02:30:56.770687+00:00,,True,864691136010639022,True,True,dendrite_extended,axon_partially_extended,90225444213325781,864691136010639022,[185216 155696  23508],740.864,622.784,940.32
2895,2024-12-15 02:30:56.782911+00:00,,True,864691136619939213,True,True,dendrite_extended,axon_partially_extended,92418282648659751,864691136619939213,[200768 240416  22848],803.072,961.664,913.92
2897,2024-12-15 02:30:56.807489+00:00,,True,864691135948238177,True,True,dendrite_extended,axon_partially_extended,90308457340640368,864691135948238177,[185424 249824  23046],741.696,999.296,921.84
2899,2024-12-15 02:32:20.606350+00:00,,True,864691135702298491,True,True,dendrite_extended,axon_partially_extended,90234515184078292,864691135702298491,[184928 223024  23391],739.712,892.096,935.64
2903,2024-12-16 00:20:28.494951+00:00,,True,864691136125440038,True,True,dendrite_extended,axon_partially_extended,86919005851714600,864691136125440038,[161072 162176  17674],644.288,648.704,706.96
4727,2026-02-21 19:27:59.513957+00:00,,True,864691136954050527,True,True,dendrite_extended,axon_fully_extended,89594736721057423,864691136954050527,[180352 175104  22056],721.408,700.416,882.24
3266,2025-03-10 23:08:22.183831+00:00,,True,864691135470154834,True,True,dendrite_extended,axon_partially_extended,91288671889676363,864691135470154834,[192832 213024  22538],771.328,852.096,901.52
2907,2024-12-16 00:20:28.557589+00:00,,True,864691135518989962,True,True,dendrite_extended,axon_partially_extended,94161077365279157,864691135518989962,[213696 118448  23382],854.784,473.792,935.28
2908,2024-12-16 00:20:28.573078+00:00,,True,864691136445249923,True,True,dendrite_extended,axon_partially_extended,105772057727759421,864691136445249923,[298512 119440  24380],1194.048,477.76,975.2
2909,2024-12-16 00:20:28.589099+00:00,,True,864691135271081125,True,True,dendrite_extended,axon_partially_extended,97960439928951067,864691135271081125,[241312 114032  24129],965.248,456.128,965.16
2910,2024-12-16 00:20:28.604978+00:00,,True,864691134989865338,True,True,dendrite_extended,axon_partially_extended,94233026791598629,864691134989865338,[214064 129856  24368],856.256,519.424,974.72
2911,2024-12-16 00:20:28.619330+00:00,,True,864691135468854156,True,True,dendrite_extended,axon_partially_extended,110343345838082828,864691135468854156,[331584  99424  22593],1326.336,397.696,903.72
2912,2024-12-16 00:20:28.632657+00:00,,True,864691136117695908,True,True,dendrite_extended,axon_partially_extended,102608419176992023,864691136117695908,[274992 141440  24152],1099.968,565.76,966.08
4728,2026-02-21 19:27:59.534613+00:00,,True,864691135347725215,True,True,dendrite_extended,axon_fully_extended,91067051308994248,864691135347725215,[191120 134432  20649],764.48,537.728,825.96
2914,2024-12-16 00:20:28.662435+00:00,,True,864691135782265424,True,True,dendrite_extended,axon_partially_extended,112388162118470795,864691135782265424,[346336 130032  19363],1385.344,520.128,774.52
2915,2024-12-16 00:20:28.675646+00:00,,True,864691135308553030,True,True,dendrite_extended,axon_partially_extended,99873452454110675,864691135308553030,[255232 211264  22253],1020.928,845.056,890.12
2916,2024-12-16 00:20:28.689921+00:00,,True,864691135397982753,True,True,dendrite_extended,axon_partially_extended,102542104143765045,864691135397982753,[274864 171248  18547],1099.456,684.992,741.88
4729,2026-02-21 19:27:59.551867+00:00,,True,864691135779705021,True,True,dendrite_extended,axon_fully_extended,89660982230114829,864691135779705021,[181232 144512  21996],724.928,578.048,879.84
2921,2024-12-16 00:20:28.760844+00:00,,True,864691136445557123,True,True,dendrite_extended,axon_partially_extended,86216212299871848,864691136445557123,[155888 168784  21662],623.552,675.136,866.48
2923,2025-01-06 21:08:37.288207+00:00,,True,864691135476495936,True,True,dendrite_extended,axon_fully_extended,90014268925302892,864691135476495936,[183472 155184  20572],733.888,620.736,822.88
2925,2025-01-06 21:12:53.804511+00:00,,True,864691135760319822,True,True,dendrite_extended,axon_fully_extended,88889880780042583,864691135760319822,[175424 166160  20228],701.696,664.64,809.12
2927,2025-01-06 21:23:53.620706+00:00,,True,864691134949248508,True,True,dendrite_extended,axon_partially_extended,89877242490305606,864691134949248508,[182512 182928  22365],730.048,731.712,894.6
2928,2025-01-06 21:23:53.621403+00:00,,True,864691135640672571,True,True,dendrite_extended,axon_partially_extended,89524780025645397,864691135640672571,[179856 177904  20273],719.424,711.616,810.92
2930,2025-01-06 21:23:53.622755+00:00,,True,864691136489147922,True,True,dendrite_extended,axon_partially_extended,89594805373727621,864691136489147922,[180624 175696  21782],722.496,702.784,871.28
2932,2025-01-06 21:23:53.624153+00:00,,True,864691136210885820,True,True,dendrite_extended,axon_partially_extended,88187086691396240,864691136210885820,[170272 172880  20157],681.088,691.52,806.28
2933,2025-01-06 21:23:53.624843+00:00,,True,864691136010068652,True,True,dendrite_extended,axon_partially_extended,89875868100394742,864691136010068652,[182336 172400  22066],729.344,689.6,882.64
2934,2025-01-06 21:23:53.625777+00:00,,True,864691134949263100,True,True,dendrite_extended,axon_partially_extended,89032748773625470,864691134949263100,[176352 182000  21896],705.408,728.0,875.84
2936,2025-01-06 21:23:53.627112+00:00,,True,864691135360482392,True,True,dendrite_extended,axon_partially_extended,90298698772513259,864691135360482392,[185440 177104  20148],741.76,708.416,805.92
2938,2025-01-06 21:23:53.628429+00:00,,True,864691135585713528,True,True,dendrite_extended,axon_partially_extended,88327755728894062,864691135585713528,[171504 172496  22396],686.016,689.984,895.84
2940,2025-01-06 21:23:53.629745+00:00,,True,864691134941824611,True,True,dendrite_extended,axon_partially_extended,88538999266159984,864691134941824611,[172944 173568  21370],691.776,694.272,854.8
2941,2025-01-06 21:23:53.630403+00:00,,True,864691135324623260,True,True,dendrite_extended,axon_partially_extended,88188048898430922,864691135324623260,[170112 180352  21292],680.448,721.408,851.68
2942,2025-01-06 21:23:53.631066+00:00,,True,864691135339600102,True,True,dendrite_extended,axon_partially_extended,89524299056298442,864691135339600102,[180048 174288  20684],720.192,697.152,827.36
2946,2025-01-06 21:23:53.633920+00:00,,True,864691134966114591,True,True,dendrite_extended,axon_partially_extended,87691550410767750,864691134966114591,[166448 151008  19440],665.792,604.032,777.6
2947,2025-01-06 21:23:53.634581+00:00,,True,864691135662070512,True,True,dendrite_extended,axon_partially_extended,95715236648571819,864691135662070512,[225248 163504  20358],900.992,654.016,814.32
2949,2025-01-06 21:23:53.635907+00:00,,True,864691136664127454,True,True,dendrite_extended,axon_partially_extended,87129769224780233,864691136664127454,[162448 159440  23070],649.792,637.76,922.8
2950,2025-01-06 21:23:53.636555+00:00,,True,864691135890948233,True,True,dendrite_extended,axon_partially_extended,84246780614880519,864691135890948233,[141376 175376  20217],565.504,701.504,808.68
3267,2025-03-10 23:08:22.202907+00:00,,True,864691135396115189,True,True,dendrite_extended,axon_partially_extended,90164008799738216,864691135396115189,[184592 222160  21938],738.368,888.64,877.52
4730,2026-02-21 19:27:59.572762+00:00,,True,864691135347733151,True,True,dendrite_extended,axon_fully_extended,89521687917427817,864691135347733151,[180144 154848  22152],720.576,619.392,886.08
3269,2025-03-10 23:08:22.236867+00:00,,True,864691135955477512,True,True,dendrite_extended,axon_partially_extended,89952696341699527,864691135955477512,[183168 220608  21502],732.672,882.432,860.08
3270,2025-03-10 23:08:22.254475+00:00,,True,864691135465571653,True,True,dendrite_extended,axon_partially_extended,89741315230990350,864691135465571653,[181792 218640  21272],727.168,874.56,850.88
3271,2025-03-10 23:08:22.274273+00:00,,True,864691135388545921,True,True,dendrite_extended,axon_partially_extended,90797946039230986,864691135388545921,[189472 226656  22043],757.888,906.624,881.72
3272,2025-03-10 23:08:22.292874+00:00,,True,864691135742365803,True,True,dendrite_extended,axon_partially_extended,88615277818363591,864691135742365803,[173168 217792  20986],692.672,871.168,839.44
3273,2025-03-10 23:08:22.310792+00:00,,True,864691135465583685,True,True,dendrite_extended,axon_partially_extended,89672046199544062,864691135465583685,[180976 226640  22579],723.904,906.56,903.16
2972,2025-01-07 21:34:00.771875+00:00,,True,864691135384344043,True,True,dendrite_extended,axon_partially_extended,89521618728416752,864691135384344043,[180064 154512  18785],720.256,618.048,751.4
4731,2026-02-21 19:27:59.595008+00:00,,True,864691135490505018,True,True,dendrite_extended,axon_fully_extended,90859793434394918,864691135490505018,[189872 163472  21278],759.488,653.888,851.12
2974,2025-01-07 21:34:00.842661+00:00,,True,864691135368949241,True,True,dendrite_extended,axon_partially_extended,86565375558761034,864691135368949241,[158256 148864  18812],633.024,595.456,752.48
2978,2025-01-07 21:34:00.914284+00:00,,True,864691135395833333,True,True,dendrite_extended,axon_partially_extended,90783377375988057,864691135395833333,[189040 118352  21048],756.16,473.408,841.92
2984,2025-01-07 21:34:01.018780+00:00,,True,864691136924515300,True,True,dendrite_extended,axon_partially_extended,94653108214616288,864691136924515300,[217520 113904  18664],870.08,455.616,746.56
2985,2025-01-07 21:34:01.034882+00:00,,True,864691135489836346,True,True,dendrite_extended,axon_partially_extended,104718725655265723,864691135489836346,[290512 135840  24733],1162.048,543.36,989.32
2986,2025-01-07 21:34:01.051828+00:00,,True,864691135849426270,True,True,dendrite_extended,axon_partially_extended,98954054239158953,864691135849426270,[248592 177280  19566],994.368,709.12,782.64
2990,2025-01-07 21:34:01.123358+00:00,,True,864691135990134784,True,True,dendrite_clean,axon_partially_extended,89168744684965696,864691135990134784,[177552 147120  22175],710.208,588.48,887.0
2994,2025-01-07 21:34:01.188891+00:00,,True,864691136424640047,True,True,dendrite_extended,axon_partially_extended,90654390851161771,864691136424640047,[188240 205552  20655],752.96,822.208,826.2
2995,2025-01-07 21:34:01.204400+00:00,,True,864691134949350652,True,True,dendrite_clean,axon_partially_extended,91280013034772390,864691134949350652,[192720 148432  21414],770.88,593.728,856.56
2996,2025-01-07 21:34:01.219255+00:00,,True,864691134919403530,True,True,dendrite_clean,axon_partially_extended,90014131553636285,864691134919403530,[183600 154128  21236],734.4,616.512,849.44
2997,2025-01-07 21:34:01.232980+00:00,,True,864691136313406781,True,True,dendrite_extended,axon_partially_extended,87833181654556615,864691136313406781,[167504 157568  22162],670.016,630.272,886.48
3003,2025-01-07 21:34:01.315975+00:00,,True,864691135941435393,True,True,dendrite_clean,axon_partially_extended,90858418977449568,864691135941435393,[189872 153184  20514],759.488,612.736,820.56
3005,2025-01-07 21:34:01.342831+00:00,,True,864691136006393034,True,True,dendrite_extended,axon_partially_extended,89733481277827590,864691136006393034,[181680 160112  21810],726.72,640.448,872.4
4732,2026-02-21 19:27:59.616720+00:00,,True,864691135210358137,True,True,dendrite_extended,axon_fully_extended,90579692914004455,864691135210358137,[187888 173632  21521],751.552,694.528,860.84
3008,2025-01-07 21:34:01.387861+00:00,,True,864691134949221372,True,True,dendrite_extended,axon_partially_extended,86915776304724899,864691134949221372,[161168 138304  19698],644.672,553.216,787.92
3009,2025-01-07 21:34:01.403888+00:00,,True,864691135211756736,True,True,dendrite_extended,axon_partially_extended,91573445267568857,864691135211756736,[194976 237360  21952],779.904,949.44,878.08
4733,2026-02-21 19:27:59.636386+00:00,,True,864691135662825456,True,True,dendrite_extended,axon_fully_extended,88957913062102254,864691135662825456,[176032 148992  20310],704.128,595.968,812.4
4734,2026-02-21 19:27:59.656186+00:00,,True,864691135389195393,True,True,dendrite_extended,axon_fully_extended,88115000161884759,864691135389195393,[170016 160336  21960],680.064,641.344,878.4
3016,2025-01-09 02:29:42.490499+00:00,,True,864691135877954899,True,True,dendrite_extended,axon_partially_extended,88119535714331821,864691135877954899,[169824 194160  22359],679.296,776.64,894.36
3022,2025-01-09 02:29:42.608117+00:00,,True,864691135375107272,True,True,dendrite_extended,axon_partially_extended,88045661672913129,864691135375107272,[169376 168096  17779],677.504,672.384,711.16
3026,2025-01-09 02:29:42.669779+00:00,,True,864691135067181124,True,True,dendrite_extended,axon_partially_extended,89740146999659698,864691135067181124,[181568 210112  21032],726.272,840.448,841.28
3030,2025-01-09 02:29:42.724879+00:00,,True,864691135755384269,True,True,dendrite_extended,axon_partially_extended,88257524289547638,864691135755384269,[171008 173424  21462],684.032,693.696,858.48
3034,2025-01-09 02:29:42.780294+00:00,,True,864691135342823877,True,True,dendrite_extended,axon_partially_extended,88473646976727710,864691135342823877,[172144 210688  20905],688.576,842.752,836.2
3037,2025-01-09 02:29:42.823472+00:00,,True,864691136742470492,True,True,dendrite_extended,axon_partially_extended,89526566732225945,864691136742470492,[180080 191680  20393],720.32,766.72,815.72
4735,2026-02-21 19:27:59.676003+00:00,,True,864691135398868257,True,True,dendrite_extended,axon_fully_extended,88116237179086143,864691135398868257,[169696 169232  22054],678.784,676.928,882.16
3274,2025-03-10 23:08:22.328452+00:00,,True,864691136425073455,True,True,dendrite_extended,axon_partially_extended,88473715830302301,864691136425073455,[172480 211312  21821],689.92,845.248,872.84
3276,2025-03-10 23:08:22.368680+00:00,,True,864691136579434260,True,True,dendrite_extended,axon_partially_extended,88755534337255158,864691136579434260,[174608 214032  21278],698.432,856.128,851.12
3052,2025-01-12 03:00:00.740962+00:00,,True,864691135763975990,True,True,dendrite_extended,axon_partially_extended,89455579579677228,864691135763975990,[179504 186592  20783],718.016,746.368,831.32
3056,2025-01-12 03:00:00.822830+00:00,,True,864691135274195217,True,True,dendrite_clean,axon_partially_extended,89164415424929687,864691135274195217,[177200 114624  22615],708.8,458.496,904.6
3064,2025-01-12 03:00:00.972946+00:00,,True,864691135742247787,True,True,dendrite_clean,axon_partially_extended,90297324450184090,864691135742247787,[185600 166752  20750],742.4,667.008,830.0
3066,2025-01-12 03:00:01.012280+00:00,,True,864691135939049988,True,True,dendrite_clean,axon_partially_extended,90436206713993499,864691135939049988,[186720 153056  22293],746.88,612.224,891.72
3069,2025-01-24 21:05:07.098312+00:00,,True,864691135430859056,True,True,dendrite_extended,axon_partially_extended,90439642419588621,864691135430859056,[186768 178816  20405],747.072,715.264,816.2
3074,2025-01-24 21:05:07.101935+00:00,,True,864691135455875690,True,True,dendrite_extended,axon_partially_extended,91574751273059418,864691135455875690,[194992 247088  24417],779.968,988.352,976.68
3076,2025-01-24 21:05:07.103310+00:00,,True,864691136042688854,True,True,dendrite_extended,axon_partially_extended,91643883066646675,864691136042688854,[195120 237920  24406],780.48,951.68,976.24
3077,2025-01-24 21:05:07.104001+00:00,,True,864691135727278655,True,True,dendrite_extended,axon_partially_extended,90379582066215257,864691135727278655,[186256 255312  23591],745.024,1021.248,943.64
3117,2025-02-04 20:08:34.304501+00:00,,True,864691135817419343,True,True,dendrite_extended,axon_partially_extended,88896684343828546,864691135817419343,[175344 217120  22839],701.376,868.48,913.56
3121,2025-02-04 20:08:34.307593+00:00,,True,864691136579358228,True,True,dendrite_extended,axon_partially_extended,89037627990737034,864691136579358228,[176576 218448  22955],706.304,873.792,918.2
3123,2025-02-04 20:08:34.309033+00:00,,True,864691135778604640,True,True,dendrite_extended,axon_partially_extended,91012763392290136,864691135778604640,[190880 254192  24353],763.52,1016.768,974.12
3124,2025-02-04 20:08:34.309728+00:00,,True,864691135787093956,True,True,dendrite_extended,axon_partially_extended,91925495213754589,864691135787093956,[197440 238832  22224],789.76,955.328,888.96
3126,2025-02-04 20:08:34.311159+00:00,,True,864691135852558279,True,True,dendrite_extended,axon_partially_extended,90870101691691771,864691135852558279,[189984 240144  24063],759.936,960.576,962.52
3127,2025-02-04 20:08:34.311851+00:00,,True,864691136967985870,True,True,dendrite_extended,axon_partially_extended,89812989913933490,864691136967985870,[182208 228320  23518],728.832,913.28,940.72
3129,2025-02-04 20:08:34.313311+00:00,,True,864691136725353725,True,True,dendrite_extended,axon_partially_extended,91435388241450176,864691136725353725,[193632 257648  25021],774.528,1030.592,1000.84
3131,2025-02-04 20:15:51.240950+00:00,,True,864691136021997560,True,True,dendrite_extended,axon_partially_extended,90377382841787307,864691136021997560,[185968 238992  22196],743.872,955.968,887.84
3134,2025-02-04 20:15:51.293951+00:00,,True,864691135476581440,True,True,dendrite_extended,axon_partially_extended,89392976337783349,864691135476581440,[178896 244624  22415],715.584,978.496,896.6
3135,2025-02-04 20:15:51.310672+00:00,,True,864691135527713115,True,True,dendrite_extended,axon_partially_extended,90517639226984467,864691135527713115,[187392 235648  21906],749.568,942.592,876.24
3137,2025-02-04 20:15:51.343718+00:00,,True,864691135993615041,True,True,dendrite_extended,axon_partially_extended,90800213782402531,864691135993615041,[189056 243456  22415],756.224,973.824,896.6
3138,2025-02-04 20:15:51.360786+00:00,,True,864691136927119946,True,True,dendrite_extended,axon_partially_extended,91291832918895020,864691136927119946,[192752 236736  22366],771.008,946.944,894.64
3139,2025-02-04 20:15:51.378636+00:00,,True,864691135350420951,True,True,dendrite_extended,axon_partially_extended,88826933940808826,864691135350420951,[174880 221440  21882],699.52,885.76,875.28
3140,2025-02-04 20:15:51.396871+00:00,,True,864691135083577335,True,True,dendrite_extended,axon_partially_extended,88898196104952629,864691135083577335,[175216 228528  22110],700.864,914.112,884.4
3141,2025-02-04 20:15:51.414821+00:00,,True,864691135773640699,True,True,dendrite_extended,axon_partially_extended,88899570494627098,864691135773640699,[175616 238560  22234],702.464,954.24,889.36
3144,2025-02-04 20:15:51.473338+00:00,,True,864691136905458866,True,True,dendrite_extended,axon_partially_extended,90655284405674894,864691136905458866,[188112 212400  22149],752.448,849.6,885.96
3146,2025-02-04 20:15:51.511590+00:00,,True,864691135503293250,True,True,dendrite_extended,axon_partially_extended,88899089458137048,864691135503293250,[175408 235104  22108],701.632,940.416,884.32
3148,2025-02-04 20:15:51.549506+00:00,,True,864691135369002233,True,True,dendrite_extended,axon_partially_extended,90234377677713769,864691135369002233,[185104 222400  22620],740.416,889.6,904.8
3149,2025-02-04 20:15:51.567690+00:00,,True,864691135510846217,True,True,dendrite_extended,axon_partially_extended,89812027639804847,864691135510846217,[182064 221088  21879],728.256,884.352,875.16
3152,2025-02-04 20:15:51.622387+00:00,,True,864691135447540882,True,True,dendrite_extended,axon_partially_extended,90866390571315951,864691135447540882,[189904 212288  21834],759.616,849.152,873.36
3154,2025-02-04 20:15:51.660442+00:00,,True,864691135866223998,True,True,dendrite_extended,axon_partially_extended,90376352049592197,864691135866223998,[186192 231456  22143],744.768,925.824,885.72
3156,2025-02-04 20:15:51.699677+00:00,,True,864691135764062006,True,True,dendrite_extended,axon_partially_extended,90728814245883833,864691135764062006,[188864 236160  22245],755.456,944.64,889.8
3159,2025-02-04 20:15:51.753588+00:00,,True,864691136010928046,True,True,dendrite_extended,axon_partially_extended,91005066340934762,864691136010928046,[190928 197184  20620],763.712,788.736,824.8
3162,2025-02-04 20:15:51.805309+00:00,,True,864691135448127572,True,True,dendrite_extended,axon_partially_extended,88613766123653562,864691135448127572,[173376 206128  21613],693.504,824.512,864.52
3163,2025-02-04 20:15:51.820138+00:00,,True,864691136523472529,True,True,dendrite_extended,axon_partially_extended,91003210982548715,864691136523472529,[190928 183216  21500],763.712,732.864,860.0
3164,2025-02-04 20:15:51.836501+00:00,,True,864691135398243105,True,True,dendrite_extended,axon_partially_extended,89457503658101416,864691135398243105,[179680 201408  20426],718.72,805.632,817.04
3166,2025-02-04 20:15:51.870104+00:00,,True,864691135868919318,True,True,dendrite_extended,axon_partially_extended,88121184914484399,864691135868919318,[169888 206416  21665],679.552,825.664,866.6
3167,2025-02-04 20:15:51.887379+00:00,,True,864691135646292719,True,True,dendrite_extended,axon_partially_extended,88049579018705047,864691135646292719,[169200 196928  20410],676.8,787.712,816.4
3169,2025-02-04 20:15:51.922466+00:00,,True,864691135716679194,True,True,dendrite_extended,axon_partially_extended,88191553725618621,864691135716679194,[170096 206400  22081],680.384,825.6,883.24
3170,2025-02-04 20:15:51.939164+00:00,,True,864691136927176778,True,True,dendrite_extended,axon_partially_extended,88684341160399894,864691136927176778,[173872 207776  22584],695.488,831.104,903.36
3171,2025-02-04 20:15:51.956518+00:00,,True,864691136927187786,True,True,dendrite_extended,axon_partially_extended,88965541125270891,864691136927187786,[175968 205904  21793],703.872,823.616,871.72
3174,2025-02-04 20:15:52.009331+00:00,,True,864691136195652328,True,True,dendrite_extended,axon_partially_extended,88682416679757238,864691136195652328,[173648 193520  20245],694.592,774.08,809.8
3175,2025-02-04 20:15:52.027092+00:00,,True,864691135324705692,True,True,dendrite_extended,axon_partially_extended,90439436328259661,864691135324705692,[186448 177008  20879],745.792,708.032,835.16
4736,2026-02-21 19:27:59.698622+00:00,,True,864691136196265704,True,True,dendrite_extended,axon_fully_extended,89451181466267483,864691136196265704,[179664 154192  20456],718.656,616.768,818.24
3179,2025-02-04 20:15:52.096919+00:00,,True,864691135868684566,True,True,dendrite_extended,axon_partially_extended,88192034762490235,864691135868684566,[170208 210112  22512],680.832,840.448,900.48
3277,2025-03-10 23:08:22.385524+00:00,,True,864691135469215372,True,True,dendrite_extended,axon_partially_extended,89953521176298442,864691135469215372,[183008 226512  22630],732.032,906.048,905.2
3278,2025-03-10 23:08:22.402170+00:00,,True,864691136274695358,True,True,dendrite_extended,axon_partially_extended,88614315946914418,864691136274695358,[173104 210208  22429],692.416,840.832,897.16
3279,2025-03-10 23:08:22.420404+00:00,,True,864691135976425327,True,True,dendrite_extended,axon_partially_extended,88897234233461709,864691135976425327,[175248 220944  23561],700.992,883.776,942.44
3280,2025-03-10 23:08:22.438329+00:00,,True,864691135477839784,True,True,dendrite_extended,axon_partially_extended,89671564962230422,864691135477839784,[181280 223040  21399],725.12,892.16,855.96
3281,2025-03-10 23:08:22.458874+00:00,,True,864691135499283987,True,True,dendrite_extended,axon_partially_extended,89952284292717350,864691135499283987,[182960 217552  23049],731.84,870.208,921.96
3282,2025-03-10 23:08:22.478572+00:00,,True,864691135209715833,True,True,dendrite_extended,axon_partially_extended,90092540678119476,864691135209715833,[184208 213968  22940],736.832,855.872,917.6
3283,2025-03-10 23:08:22.495432+00:00,,True,864691135868957462,True,True,dendrite_extended,axon_partially_extended,88614728330451230,864691135868957462,[173456 213568  22560],693.824,854.272,902.4
3284,2025-03-10 23:08:22.512256+00:00,,True,864691136380718037,True,True,dendrite_extended,axon_partially_extended,90515715148473488,864691136380718037,[187024 221344  22212],748.096,885.376,888.48
3285,2025-03-10 23:08:22.528177+00:00,,True,864691136013161891,True,True,dendrite_extended,axon_partially_extended,90376901872451423,864691136013161891,[186208 235280  22602],744.832,941.12,904.08
3286,2025-03-10 23:08:22.543938+00:00,,True,864691135477841320,True,True,dendrite_extended,axon_partially_extended,88966503130996352,864691135477841320,[176112 212784  21458],704.448,851.136,858.32
3287,2025-03-10 23:08:22.561053+00:00,,True,864691135214643256,True,True,dendrite_extended,axon_partially_extended,89741246779911895,864691135214643256,[181312 217904  23251],725.248,871.616,930.04
3301,2025-03-12 23:44:49.678253+00:00,,True,864691134886792442,True,True,dendrite_extended,axon_partially_extended,90799045618193936,864691134886792442,[189184 234896  22722],756.736,939.584,908.88
3303,2025-03-12 23:44:49.714594+00:00,,True,864691135756630226,True,True,dendrite_extended,axon_partially_extended,86222396918442649,864691135756630226,[155872 215136  20540],623.488,860.544,821.6
3305,2025-03-12 23:44:49.752401+00:00,,True,864691135566500439,True,False,dendrite_extended,none,90656452435402060,864691135566500439,[188400 221168  20595],753.6,884.672,823.8
3307,2025-03-12 23:44:49.789843+00:00,,True,864691135764015926,True,True,dendrite_extended,axon_partially_extended,93392106622074585,864691135764015926,[208176 156000  24993],832.704,624.0,999.72
3308,2025-03-12 23:44:49.808766+00:00,,True,864691135839499155,True,True,dendrite_extended,axon_partially_extended,91150270864061892,864691135839499155,[191712 230256  22994],766.848,921.024,919.76
3309,2025-03-12 23:44:49.827705+00:00,,True,864691135989177347,True,True,dendrite_extended,axon_partially_extended,89182145184533568,864691135989177347,[177248 246560  23961],708.992,986.24,958.44
3314,2025-03-12 23:44:49.923687+00:00,,True,864691135777789357,True,True,dendrite_clean,axon_partially_extended,91066020449891254,864691135777789357,[191504 126816  20281],766.016,507.264,811.24
3316,2025-03-12 23:44:49.960520+00:00,,True,864691136022090744,True,True,dendrite_clean,axon_partially_extended,90714589112913735,864691136022090744,[188512 130000  20748],754.048,520.0,829.92
3319,2025-03-12 23:44:50.018070+00:00,,True,864691135214611512,True,True,dendrite_extended,axon_partially_extended,89392632807421346,864691135214611512,[179104 242208  22824],716.416,968.832,912.96
3320,2025-03-12 23:44:50.038877+00:00,,True,864691135756460754,True,True,dendrite_extended,axon_partially_extended,89111707854635096,864691135756460754,[177120 246240  24607],708.48,984.96,984.28
3321,2025-03-12 23:44:50.060192+00:00,,True,864691136913691121,True,True,dendrite_extended,axon_partially_extended,90940058118754743,864691136913691121,[190432 237008  23821],761.728,948.032,952.84
3325,2025-03-12 23:44:50.136856+00:00,,True,864691135211926464,True,True,dendrite_clean,axon_partially_extended,88326793387616101,864691135211926464,[171280 165280  20203],685.12,661.12,808.12
3326,2025-03-12 23:44:50.159845+00:00,,True,864691135503350082,True,True,dendrite_extended,axon_partially_extended,91925770158746107,864691135503350082,[197280 241040  22729],789.12,964.16,909.16
3327,2025-03-12 23:44:50.180304+00:00,,True,864691135473961522,True,True,dendrite_extended,axon_partially_extended,91083063282935716,864691135473961522,[191408 253760  23510],765.632,1015.04,940.4
3328,2025-03-12 23:44:50.199298+00:00,,True,864691135294767884,True,True,dendrite_extended,axon_partially_extended,90660713311839146,864691135294767884,[188112 252944  23036],752.448,1011.776,921.44
3331,2025-03-12 23:44:50.255104+00:00,,True,864691135455819114,True,True,dendrite_extended,axon_partially_extended,90014612858208416,864691135455819114,[183728 157456  23111],734.912,629.824,924.44
3332,2025-03-12 23:44:50.272066+00:00,,True,864691135405224174,True,True,dendrite_extended,axon_partially_extended,97120756642675717,864691135405224174,[235104 149344  24097],940.416,597.376,963.88
3333,2025-03-12 23:44:50.289309+00:00,,True,864691135866576604,True,True,dendrite_clean,axon_partially_extended,89732244394326884,864691135866576604,[181296 150944  22284],725.184,603.776,891.36
4737,2026-02-21 19:27:59.720493+00:00,,True,864691136196202472,True,True,dendrite_extended,axon_fully_extended,88745638799717492,864691136196202472,[174448 140192  21793],697.792,560.768,871.72
4738,2026-02-21 19:27:59.742203+00:00,,True,864691136299034139,True,True,dendrite_extended,axon_fully_extended,90790386628903013,864691136299034139,[189312 170352  20454],757.248,681.408,818.16
3336,2025-03-12 23:44:50.344341+00:00,,True,864691135388368001,True,True,dendrite_clean,axon_partially_extended,88679599516443530,864691135388368001,[173968 172672  22530],695.872,690.688,901.2
3337,2025-03-12 23:44:50.364787+00:00,,True,864691135891467401,True,True,dendrite_extended,axon_fully_extended,90441704137851347,864691135891467401,[186528 194000  21229],746.112,776.0,849.16
3338,2025-03-12 23:44:50.381907+00:00,,True,864691136424704815,True,True,dendrite_extended,axon_partially_extended,84738674562233835,864691136424704815,[145200 170368  19704],580.8,681.472,788.16
3339,2025-03-12 23:44:50.402354+00:00,,True,864691135492568551,True,True,dendrite_extended,axon_partially_extended,87410419500823316,864691135492568551,[164432 153776  22694],657.728,615.104,907.76
3340,2025-03-12 23:44:50.419199+00:00,,True,864691135375767369,True,True,dendrite_extended,axon_fully_extended,88964716424532152,864691135375767369,[175888 199648  21374],703.552,798.592,854.96
4739,2026-02-21 19:27:59.763186+00:00,,True,864691135464995134,True,True,dendrite_extended,axon_fully_extended,90087043052943561,864691135464995134,[184016 173104  22527],736.064,692.416,901.08
3342,2025-03-12 23:44:50.456899+00:00,,True,864691136210975676,True,True,dendrite_extended,axon_partially_extended,99231337998828043,864691136210975676,[250656 146048  24657],1002.624,584.192,986.28
3343,2025-03-12 23:44:50.473944+00:00,,True,864691135569866988,True,True,dendrite_extended,axon_partially_extended,84457199719900527,864691135569866988,[143296 170640  20870],573.184,682.56,834.8
3344,2025-03-12 23:44:50.490916+00:00,,True,864691136195834070,True,True,dendrite_extended,axon_partially_extended,90717200922686648,864691136195834070,[188464 149360  24226],753.856,597.44,969.04
3345,2025-03-12 23:44:50.509126+00:00,,True,864691136195796182,True,True,dendrite_extended,axon_partially_extended,91076740822148329,864691136195796182,[191024 206656  21021],764.096,826.624,840.84
3350,2025-03-12 23:44:50.612315+00:00,,True,864691135375361480,True,True,dendrite_clean,axon_partially_extended,90867283790442087,864691135375361480,[189888 219168  20920],759.552,876.672,836.8
3351,2025-03-12 23:44:50.629848+00:00,,True,864691135619463567,True,True,dendrite_extended,axon_partially_extended,96345531890546073,864691135619463567,[229648 140704  21936],918.592,562.816,877.44
3352,2025-03-12 23:44:50.646908+00:00,,True,864691135476528704,True,True,dendrite_extended,axon_partially_extended,90500871943007870,864691135476528704,[187184 110432  23895],748.736,441.728,955.8
3353,2025-03-12 23:44:50.663441+00:00,,True,864691135809663773,True,True,dendrite_extended,axon_partially_extended,90445964946838400,864691135809663773,[186544 225824  22828],746.176,903.296,913.12
3354,2025-03-12 23:44:50.682170+00:00,,True,864691136239387708,True,True,dendrite_extended,axon_partially_extended,90446927086824998,864691136239387708,[186480 232672  23527],745.92,930.688,941.08
3355,2025-03-12 23:44:50.700448+00:00,,True,864691136742623580,True,True,dendrite_extended,axon_partially_extended,91572758072851158,864691136742623580,[194816 232560  21991],779.264,930.24,879.64
3356,2025-03-12 23:44:50.719222+00:00,,True,864691136125840678,True,True,dendrite_extended,axon_partially_extended,90094464756406121,864691136125840678,[184000 228080  22483],736.0,912.32,899.32
3357,2025-03-12 23:44:50.736654+00:00,,True,864691135503287618,True,True,dendrite_clean,axon_partially_extended,89239182081413462,864691135503287618,[178128 147168  21609],712.512,588.672,864.36
3358,2025-03-12 23:44:50.753728+00:00,,True,864691135878061395,True,True,dendrite_extended,axon_fully_extended,90723729071520237,864691135878061395,[188832 198224  22608],755.328,792.896,904.32
4740,2026-02-21 19:27:59.783945+00:00,,True,864691135757040082,True,True,dendrite_extended,axon_fully_extended,91069800088142351,864691135757040082,[191136 154912  20725],764.544,619.648,829.0
3361,2025-03-12 23:44:50.806804+00:00,,True,864691135183646466,True,True,dendrite_extended,axon_partially_extended,91081895185814765,864691135183646466,[191424 245216  24295],765.696,980.864,971.8
3362,2025-03-12 23:44:50.824951+00:00,,True,864691135465503813,True,True,dendrite_extended,axon_partially_extended,90371403979164500,864691135465503813,[186272 194272  20412],745.088,777.088,816.48
3363,2025-03-12 23:44:50.842301+00:00,,True,864691135685087474,True,True,dendrite_extended,axon_partially_extended,88038309225634916,864691135685087474,[169008 113040  21735],676.032,452.16,869.4
3364,2025-03-12 23:44:50.861149+00:00,,True,864691135124146727,True,True,dendrite_extended,axon_partially_extended,88544703183987304,864691135124146727,[172768 215824  22832],691.072,863.296,913.28
3365,2025-03-12 23:44:50.879142+00:00,,True,864691136579408916,True,True,dendrite_extended,axon_partially_extended,97122680318624224,864691136579408916,[235552 163680  20813],942.208,654.72,832.52
3366,2025-03-12 23:44:50.896339+00:00,,True,864691135473954354,True,True,dendrite_extended,axon_partially_extended,90796228119641351,864691135473954354,[189104 214064  22710],756.416,856.256,908.4
3367,2025-03-12 23:44:50.914755+00:00,,True,864691135773694795,True,True,dendrite_extended,axon_partially_extended,89946030619279535,864691135773694795,[183312 171136  21746],733.248,684.544,869.84
3368,2025-03-12 23:44:50.932610+00:00,,True,864691135136735001,True,True,dendrite_clean,axon_partially_extended,90507674768271850,864691135136735001,[187136 161232  20563],748.544,644.928,822.52
3369,2025-03-12 23:44:50.950332+00:00,,True,864691136274655166,True,True,dendrite_clean,axon_partially_extended,88535494707130636,864691136274655166,[172624 147408  22420],690.496,589.632,896.8
3370,2025-03-12 23:44:50.968472+00:00,,True,864691136125956134,True,True,dendrite_extended,axon_partially_extended,90440192443462131,864691136125956134,[186800 182960  22134],747.2,731.84,885.36
3375,2025-03-22 02:28:41.412674+00:00,,True,864691136138335101,True,True,dendrite_extended,axon_partially_extended,89040858007048625,864691136138335101,[176448 242656  24120],705.792,970.624,964.8
3376,2025-03-22 02:28:41.413587+00:00,,True,864691135917047910,True,True,dendrite_extended,axon_partially_extended,88757390098646276,864691135917047910,[174560 227648  23825],698.24,910.592,953.0
3377,2025-03-22 02:28:41.414360+00:00,,True,864691135577208606,True,True,dendrite_extended,axon_partially_extended,90588970378986767,864691135577208606,[187904 242816  24146],751.616,971.264,965.84
3378,2025-03-22 02:28:41.415115+00:00,,True,864691135350606039,True,True,dendrite_extended,axon_partially_extended,91577225106817117,864691135350606039,[194928 265664  23642],779.712,1062.656,945.68
3379,2025-03-22 02:28:41.415931+00:00,,True,864691135309275718,True,True,dendrite_extended,axon_partially_extended,92421444013024372,864691135309275718,[201168 264272  24968],804.672,1057.088,998.72
3380,2025-03-22 02:28:41.416665+00:00,,True,864691135885694832,True,True,dendrite_extended,axon_partially_extended,91014412726876412,864691135885694832,[190800 266720  25040],763.2,1066.88,1001.6
3381,2025-03-22 02:28:41.417385+00:00,,True,864691135336422633,True,True,dendrite_extended,axon_partially_extended,89888375246781992,864691135336422633,[182560 265680  23866],730.24,1062.72,954.64
3382,2025-03-22 02:28:41.418119+00:00,,True,864691135343097029,True,True,dendrite_extended,axon_partially_extended,89674657607141917,864691135343097029,[180784 246464  23372],723.136,985.856,934.88
3383,2025-03-22 02:28:41.418827+00:00,,True,864691135101824288,True,True,dendrite_extended,axon_partially_extended,89111570147509576,864691135101824288,[176976 245088  22760],707.904,980.352,910.4
3384,2025-03-22 02:28:41.419508+00:00,,True,864691135592276491,True,True,dendrite_extended,axon_partially_extended,90379581999149815,864691135592276491,[185936 255504  23119],743.744,1022.016,924.76
3385,2025-03-22 02:28:41.420239+00:00,,True,864691135939209988,True,True,dendrite_extended,axon_partially_extended,91434769564579513,864691135939209988,[193840 253072  23233],775.36,1012.288,929.32
3386,2025-03-22 02:28:41.421019+00:00,,True,864691135849610334,True,True,dendrite_extended,axon_partially_extended,89535706959352429,864691135849610334,[180208 259328  24432],720.832,1037.312,977.28
3387,2025-03-22 02:28:41.421692+00:00,,True,864691135917058150,True,True,dendrite_extended,axon_partially_extended,90236164518783655,864691135917058150,[185264 235584  23985],741.056,942.336,959.4
3388,2025-03-22 02:28:41.422340+00:00,,True,864691136107964377,True,True,dendrite_extended,axon_partially_extended,92420000769915384,864691136107964377,[200832 253424  23995],803.328,1013.696,959.8
3389,2025-03-22 02:28:41.423002+00:00,,True,864691135562519009,True,True,dendrite_extended,axon_partially_extended,91783108525129788,864691135562519009,[196192 226576  22796],784.768,906.304,911.84
3390,2025-03-22 02:28:41.423675+00:00,,True,864691135619527311,True,True,dendrite_extended,axon_partially_extended,89887962929692305,864691135619527311,[182688 262752  23634],730.752,1051.008,945.36
3391,2025-03-22 02:28:41.424318+00:00,,True,864691135849634142,True,True,dendrite_extended,axon_partially_extended,90095426963037465,864691135849634142,[184160 235312  23262],736.64,941.248,930.48
3392,2025-03-22 02:28:41.424981+00:00,,True,864691135361780551,True,True,dendrite_extended,axon_partially_extended,90379994450277968,864691135361780551,[186208 258416  24192],744.832,1033.664,967.68
3393,2025-03-22 02:28:41.425612+00:00,,True,864691135592283403,True,True,dendrite_extended,axon_partially_extended,89393732318826551,864691135592283403,[178800 250336  22642],715.2,1001.344,905.68
3394,2025-03-22 02:28:41.426297+00:00,,True,864691136274712254,True,True,dendrite_extended,axon_partially_extended,89954208371187610,864691136274712254,[182912 232112  22720],731.648,928.448,908.8
3395,2025-03-22 02:28:41.427002+00:00,,True,864691135842794979,True,True,dendrite_extended,axon_partially_extended,90095770493296481,864691135842794979,[184208 238000  22757],736.832,952.0,910.28
3396,2025-03-22 02:28:41.427657+00:00,,True,864691135662408944,True,True,dendrite_extended,axon_partially_extended,88685097075006321,864691135662408944,[173952 213200  22869],695.808,852.8,914.76
3397,2025-03-22 02:28:41.428441+00:00,,True,864691135431088176,True,True,dendrite_extended,axon_partially_extended,90732387860153205,864691135431088176,[188672 262592  23984],754.688,1050.368,959.36
3398,2025-03-22 02:28:41.429117+00:00,,True,864691135577221406,True,True,dendrite_extended,axon_partially_extended,90443903362541865,864691135577221406,[186656 210512  22837],746.624,842.048,913.48
3399,2025-03-22 02:28:41.429761+00:00,,True,864691135476769344,True,True,dendrite_extended,axon_partially_extended,91363026363531527,864691135476769344,[193296 242464  22538],773.184,969.856,901.52
3401,2025-03-22 02:28:41.431052+00:00,,True,864691135503439170,True,True,dendrite_extended,axon_partially_extended,91083887916327130,864691135503439170,[191088 259824  23203],764.352,1039.296,928.12
3402,2025-03-22 02:28:41.431699+00:00,,True,864691135476793920,True,True,dendrite_extended,axon_partially_extended,91856363688383735,864691135476793920,[196688 248368  24116],786.752,993.472,964.64
3403,2025-03-22 02:28:41.432333+00:00,,True,864691135583913069,True,True,dendrite_extended,axon_partially_extended,89321851746546489,864691135583913069,[178272 238912  22989],713.088,955.648,919.56
3404,2025-03-22 02:28:41.432984+00:00,,True,864691135431109168,True,True,dendrite_extended,axon_partially_extended,89463963624412378,864691135431109168,[179424 249120  22926],717.696,996.48,917.04
3405,2025-03-22 02:28:41.433611+00:00,,True,864691135396312821,True,True,dendrite_extended,axon_partially_extended,89815876333055451,864691135396312821,[182288 249728  24885],729.152,998.912,995.4
3406,2025-03-22 02:30:20.015051+00:00,,True,864691135388675969,True,True,dendrite_extended,axon_partially_extended,90444453118345856,864691135388675969,[186768 214288  22811],747.072,857.152,912.44
3407,2025-03-22 02:30:20.059409+00:00,,True,864691135271696549,True,True,dendrite_extended,axon_partially_extended,90937996400257988,864691135271696549,[190320 221568  22817],761.28,886.272,912.68
3408,2025-03-22 02:30:20.077119+00:00,,True,864691135686055351,True,True,dendrite_extended,axon_partially_extended,90022171866704237,864691135686055351,[183440 213888  22339],733.76,855.552,893.56
3409,2025-03-22 02:30:20.096562+00:00,,True,864691135480311494,True,True,dendrite_extended,axon_partially_extended,88475090421070247,864691135480311494,[172464 221888  23253],689.856,887.552,930.12
3411,2025-03-22 02:30:20.127672+00:00,,True,864691135701272610,True,True,dendrite_extended,axon_partially_extended,91219952212160819,864691135701272610,[192240 224992  21472],768.96,899.968,858.88
3412,2025-03-22 02:30:20.143998+00:00,,True,864691135431089968,True,True,dendrite_extended,axon_partially_extended,90374909075043338,864691135431089968,[186240 220736  23377],744.96,882.944,935.08
3413,2025-03-22 02:30:20.163248+00:00,,True,864691136041000190,True,True,dendrite_extended,axon_partially_extended,89954208237242645,864691136041000190,[183184 232096  21938],732.736,928.384,877.52
3414,2025-03-22 02:30:20.181210+00:00,,True,864691135388660865,True,True,dendrite_extended,axon_partially_extended,89811684176217717,864691135388660865,[182208 218784  22551],728.832,875.136,902.04
3415,2025-03-22 02:30:20.198841+00:00,,True,864691134919529994,True,True,dendrite_extended,axon_partially_extended,89036734570519019,864691134919529994,[176416 211872  22512],705.664,847.488,900.48
3416,2025-03-22 02:30:20.223952+00:00,,True,864691135212078784,True,True,dendrite_extended,axon_partially_extended,88330710531955625,864691135212078784,[171232 194720  21159],684.928,778.88,846.36
3417,2025-03-22 02:30:20.239616+00:00,,True,864691135503448898,True,True,dendrite_extended,axon_partially_extended,89742552248623609,864691135503448898,[181680 227760  21700],726.72,911.04,868.0
3421,2025-03-24 20:10:47.032618+00:00,,True,864691135849640798,True,True,dendrite_clean,axon_partially_extended,89873050467637493,864691135849640798,[182336 151392  21018],729.344,605.568,840.72
3424,2025-03-24 20:10:47.076850+00:00,,True,864691135476790080,True,True,dendrite_extended,axon_partially_extended,89250314636650252,864691135476790080,[178000 230464  21610],712.0,921.856,864.4
3425,2025-03-24 20:10:47.098343+00:00,,True,864691135947876644,True,True,dendrite_extended,axon_partially_extended,89462864246543162,864691135947876644,[179744 240896  23595],718.976,963.584,943.8
3426,2025-03-24 20:10:47.112717+00:00,,True,864691135939462453,True,True,dendrite_extended,axon_partially_extended,90939370722524710,864691135939462453,[190384 231984  22176],761.536,927.936,887.04
3427,2025-03-24 20:10:47.127958+00:00,,True,864691135456207722,True,True,dendrite_extended,axon_partially_extended,89738016763137206,864691135456207722,[181632 193824  21686],726.528,775.296,867.44
3429,2025-03-24 20:10:47.155323+00:00,,True,864691136619096795,True,True,dendrite_extended,axon_partially_extended,88329267556959862,864691136619096795,[171328 183712  22050],685.312,734.848,882.0
3432,2025-03-24 20:49:59.367430+00:00,,True,864691136335553971,True,True,dendrite_extended,axon_fully_extended,91063959066607860,864691136335553971,[191248 111408  21575],764.992,445.632,863.0
3433,2025-03-24 20:49:59.386657+00:00,,True,864691135868916246,True,True,dendrite_extended,axon_partially_extended,87060500126712703,864691135868916246,[161904 168048  24326],647.616,672.192,973.04
3434,2025-03-24 20:49:59.401410+00:00,,True,864691136725343485,True,True,dendrite_extended,axon_partially_extended,98319154926905916,864691136725343485,[243952 165104  19442],975.808,660.416,777.68
3436,2025-03-24 20:49:59.429386+00:00,,True,864691135562474977,True,True,dendrite_extended,axon_partially_extended,88328305014564369,864691135562474977,[171104 176624  18476],684.416,706.496,739.04
3438,2025-03-24 20:49:59.457604+00:00,,True,864691134886828794,True,True,dendrite_clean,axon_interareal,110625507674057836,864691134886828794,[333436 104369  20076],1333.744,417.476,803.04
3439,2025-03-24 20:49:59.473584+00:00,,True,864691136058023640,True,True,dendrite_extended,axon_partially_extended,89461214777742409,864691136058023640,[179696 228992  22023],718.784,915.968,880.92
3441,2025-03-24 20:49:59.502473+00:00,,True,864691135741458324,True,True,dendrite_clean,axon_partially_extended,88178634329772691,864691135741458324,[170336 109808  21034],681.344,439.232,841.36
3443,2025-03-24 20:49:59.531958+00:00,,True,864691136006493898,True,True,dendrite_clean,axon_partially_extended,88185231466645409,864691136006493898,[170256 159232  21558],681.024,636.928,862.32
3445,2025-03-24 20:49:59.558980+00:00,,True,864691135655894978,True,True,dendrite_clean,axon_partially_extended,88887544384930048,864691135655894978,[175312 148848  20723],701.248,595.392,828.92
3450,2025-03-24 20:49:59.632994+00:00,,True,864691137055712630,True,True,dendrite_extended,axon_partially_extended,86495281893676576,864691137055712630,[157984 151216  20191],631.936,604.864,807.64
3452,2025-03-24 20:49:59.660985+00:00,,True,864691135342958789,True,True,dendrite_extended,axon_partially_extended,93039575505052682,864691135342958789,[205824 150848  23452],823.296,603.392,938.08
4741,2026-02-21 19:27:59.808103+00:00,,True,864691136211371452,True,True,dendrite_extended,axon_fully_extended,91000462203198157,864691136211371452,[190976 162720  21212],763.904,650.88,848.48
3454,2025-03-24 20:49:59.688488+00:00,,True,864691135396115445,True,True,dendrite_extended,axon_partially_extended,95714962374210032,864691135396115445,[225216 161104  24619],900.864,644.416,984.76
3455,2025-03-24 20:49:59.700907+00:00,,True,864691136196517452,True,True,dendrite_extended,axon_partially_extended,89521000991262063,864691136196517452,[179904 149920  24348],719.616,599.68,973.92
3456,2025-03-24 20:49:59.713454+00:00,,True,864691135324725404,True,True,dendrite_extended,axon_partially_extended,90720842518124669,864691135324725404,[188960 176432  20155],755.84,705.728,806.2
3457,2025-03-24 20:49:59.725291+00:00,,True,864691136195798504,True,True,dendrite_extended,axon_partially_extended,91146560011902989,864691136195798504,[192016 202448  22622],768.064,809.792,904.88
3458,2025-03-24 20:49:59.738753+00:00,,True,864691136006519498,True,True,dendrite_clean,axon_partially_extended,89240762696564988,864691136006519498,[178096 158944  22197],712.384,635.776,887.88
3459,2025-03-24 20:49:59.751255+00:00,,True,864691135809568029,True,True,dendrite_extended,axon_partially_extended,97896186413108456,864691135809568029,[241040 159440  18166],964.16,637.76,726.64
3460,2025-03-24 20:49:59.764479+00:00,,True,864691136905560754,True,True,dendrite_extended,axon_partially_extended,90721873578469059,864691136905560754,[188960 184416  22034],755.84,737.664,881.36
3461,2025-03-24 20:49:59.777152+00:00,,True,864691135293678006,True,True,dendrite_extended,axon_partially_extended,88891255303573839,864691135293678006,[175184 176816  21073],700.736,707.264,842.92
3462,2025-03-24 20:49:59.789378+00:00,,True,864691135493031519,True,True,dendrite_extended,axon_partially_extended,89876623746754967,864691135493031519,[182384 178144  20422],729.536,712.576,816.88
4742,2026-02-21 19:27:59.829583+00:00,,True,864691135448212882,True,True,dendrite_extended,axon_fully_extended,90368311870689341,864691135448212882,[186368 171696  22053],745.472,686.784,882.12
3470,2025-03-24 20:49:59.889186+00:00,,True,864691136025624889,True,True,dendrite_extended,axon_partially_extended,89886863351269240,864691136025624889,[182464 254352  23375],729.856,1017.408,935.0
3471,2025-03-24 20:49:59.901400+00:00,,True,864691135343081925,True,True,dendrite_extended,axon_partially_extended,89955513974312297,864691135343081925,[182976 241744  22363],731.904,966.976,894.52
3472,2025-03-24 20:49:59.915175+00:00,,True,864691135014600950,True,True,dendrite_extended,axon_partially_extended,89528353773943370,864691135014600950,[180016 204592  22798],720.064,818.368,911.92
3473,2025-03-24 20:49:59.928439+00:00,,True,864691135384404954,True,True,dendrite_extended,axon_partially_extended,91500533969484144,864691135384404954,[194512 218624  22133],778.048,874.496,885.32
3476,2025-03-24 20:49:59.967475+00:00,,True,864691136392254847,True,True,dendrite_extended,axon_partially_extended,91074816609731706,864691136392254847,[191312 192688  20556],765.248,770.752,822.24
3477,2025-03-24 20:49:59.980585+00:00,,True,864691135885663600,True,True,dendrite_extended,axon_partially_extended,89317590937649270,864691135885663600,[178304 207200  21460],713.216,828.8,858.4
3480,2025-03-24 20:50:00.020310+00:00,,True,864691135492991839,True,True,dendrite_extended,axon_partially_extended,89525536141152793,864691135492991839,[179872 183584  21726],719.488,734.336,869.04
3481,2025-03-28 15:50:18.397678+00:00,,True,864691135782923600,True,True,dendrite_extended,axon_partially_extended,91577499984735769,864691135782923600,[194960 267712  23652],779.84,1070.848,946.08
3482,2025-03-28 15:50:18.398596+00:00,,True,864691136195906774,True,True,dendrite_extended,axon_partially_extended,90381231535058816,864691136195906774,[186048 267776  25228],744.192,1071.104,1009.12
3483,2025-03-28 15:50:18.399337+00:00,,True,864691135492688871,True,True,dendrite_extended,axon_partially_extended,92140450139838331,864691135492688871,[199120 267648  25596],796.48,1070.592,1023.84
3484,2025-03-28 15:50:18.400086+00:00,,True,864691135619541903,True,True,dendrite_extended,axon_partially_extended,91014206635613152,864691135619541903,[190944 265184  25537],763.776,1060.736,1021.48
3486,2025-03-28 15:50:18.401516+00:00,,True,864691136033849019,True,True,dendrite_extended,axon_partially_extended,91506994002967564,864691136033849019,[194496 266752  25204],777.984,1067.008,1008.16
3487,2025-03-28 15:50:18.402231+00:00,,True,864691135727496511,True,True,dendrite_extended,axon_partially_extended,91717962595375646,864691135727496511,[195888 265648  23830],783.552,1062.592,953.2
3488,2025-03-28 15:50:18.402963+00:00,,True,864691136975583516,True,True,dendrite_extended,axon_partially_extended,91507268881070076,864691136975583516,[194576 268912  25481],778.304,1075.648,1019.24
3489,2025-03-28 15:50:18.403653+00:00,,True,864691135662460400,True,True,dendrite_extended,axon_partially_extended,90310656431528110,864691135662460400,[185424 266032  23985],741.696,1064.128,959.4
3490,2025-03-28 15:50:18.404354+00:00,,True,864691135782899536,True,True,dendrite_extended,axon_partially_extended,92915262172890410,864691135782899536,[204752 273328  25043],819.008,1093.312,1001.72
3492,2025-03-28 15:50:18.405845+00:00,,True,864691135782890064,True,True,dendrite_extended,axon_partially_extended,93126230966195906,864691135782890064,[206368 272128  24718],825.472,1088.512,988.72
3494,2025-03-28 15:50:18.407201+00:00,,True,864691135587260796,True,True,dendrite_extended,axon_partially_extended,92492018848169562,864691135587260796,[201280 265632  24091],805.12,1062.528,963.64
3495,2025-03-28 15:50:18.407878+00:00,,True,864691136392355711,True,True,dendrite_extended,axon_partially_extended,90661125829727188,864691136392355711,[188336 256128  24268],753.344,1024.512,970.72
3496,2025-03-28 15:50:18.408552+00:00,,True,864691136118346148,True,True,dendrite_extended,axon_partially_extended,91294169716317121,864691136118346148,[192672 254080  24636],770.688,1016.32,985.44
3497,2025-03-28 15:50:18.409247+00:00,,True,864691136991901845,True,True,dendrite_extended,axon_partially_extended,91504863498245500,864691136991901845,[194288 250688  24029],777.152,1002.752,961.16
3498,2025-03-28 15:50:18.409933+00:00,,True,864691135183693826,True,True,dendrite_extended,axon_partially_extended,91714732578520135,864691135183693826,[195744 241616  22156],782.976,966.464,886.24
3499,2025-03-28 15:51:16.769925+00:00,,True,864691136380816597,True,True,dendrite_extended,axon_partially_extended,88045730861895569,864691136380816597,[169168 168480  21133],676.672,673.92,845.32
3500,2025-03-28 15:51:16.795013+00:00,,True,864691136118337956,True,True,dendrite_extended,axon_partially_extended,88607100468587301,864691136118337956,[173104 156464  22608],692.416,625.856,904.32
3501,2025-03-28 15:51:16.812380+00:00,,True,864691136118359716,True,True,dendrite_extended,axon_partially_extended,90159679337994436,864691136118359716,[184720 190048  20499],738.88,760.192,819.96
3506,2025-03-28 16:07:37.660369+00:00,,True,864691135755605197,False,True,none,axon_fully_extended,115360348541846361,864691135755605197,[368129 254552  21556],1472.516,1018.208,862.24
3507,2025-03-28 16:07:37.679011+00:00,,True,864691135119335645,False,True,none,axon_fully_extended,115149379614095456,864691135119335645,[366182 255283  20564],1464.728,1021.132,822.56
3510,2025-03-28 16:07:37.739073+00:00,,True,864691135782873936,False,True,none,axon_fully_extended,79394704923600316,864691135782873936,[106443 200769  23388],425.772,803.076,935.52
3511,2025-03-28 16:07:37.756550+00:00,,True,864691134966249759,False,True,none,axon_fully_extended,99946775195947029,864691134966249759,[255638 233537  14850],1022.552,934.148,594.0
3512,2025-03-28 16:07:37.772438+00:00,,True,864691136927366986,False,True,none,axon_fully_extended,105365376266733456,864691136927366986,[295224 234930  27160],1180.896,939.72,1086.4
3513,2025-03-28 16:07:37.790511+00:00,,True,864691136091233847,False,True,none,axon_fully_extended,102128756021268579,864691136091233847,[271603 237429  14850],1086.412,949.716,594.0
3514,2025-03-28 16:07:37.809188+00:00,,True,864691135685030130,False,True,none,axon_fully_extended,100225844990969161,864691135685030130,[258033 215609  14850],1032.132,862.436,594.0
3517,2025-04-02 16:01:20.831689+00:00,,True,864691135493077855,True,True,dendrite_extended,axon_partially_extended,92914574977688139,864691135493077855,[204816 268048  24582],819.264,1072.192,983.28
3518,2025-04-02 16:01:20.832646+00:00,,True,864691135755693261,True,True,dendrite_extended,axon_partially_extended,90733143707295627,864691135755693261,[188576 268384  23475],754.304,1073.536,939.0
3519,2025-04-02 16:01:20.833395+00:00,,True,864691136620397965,True,True,dendrite_extended,axon_partially_extended,92000056248765421,864691136620397965,[198128 270400  25565],792.512,1081.6,1022.6
3520,2025-04-02 16:01:20.834129+00:00,,True,864691135119409885,True,True,dendrite_extended,axon_partially_extended,90310794071693960,864691135119409885,[185824 267072  25428],743.296,1068.288,1017.12
3521,2025-04-02 16:01:20.834836+00:00,,True,864691136274786494,True,True,dendrite_extended,axon_partially_extended,91506787844694886,864691136274786494,[194416 264944  25353],777.664,1059.776,1014.12
4743,2026-02-21 19:27:59.849056+00:00,,True,864691136211385020,True,True,dendrite_extended,axon_fully_extended,90646900562424056,864691136211385020,[188208 150128  21664],752.832,600.512,866.56
3529,2025-04-20 17:32:58.361811+00:00,,True,864691135441799752,True,True,dendrite_extended,axon_fully_extended,91346396048860133,864691135441799752,[193152 118976  21021],772.608,475.904,840.84
3530,2025-04-20 17:35:31.119866+00:00,,True,864691135952122147,True,True,dendrite_extended,axon_fully_extended,112175063088115757,864691135952122147,[344768 115350  19786],1379.072,461.4,791.44
3531,2025-04-20 17:38:03.270650+00:00,,True,864691136521831825,True,True,dendrite_extended,axon_fully_extended,109368765749515987,864691136521831825,[324588 177956  19221],1298.352,711.824,768.84
3532,2025-04-20 17:43:35.289669+00:00,,True,864691135855890478,True,True,dendrite_extended,axon_fully_extended,84591134382832426,864691135855890478,[144072 119965  24049],576.288,479.86,961.96
3533,2025-04-20 18:01:25.011988+00:00,,True,864691135082864887,True,True,dendrite_extended,axon_fully_extended,106552435166206532,864691135082864887,[303659 166262  17349],1214.636,665.048,693.96
3534,2025-04-20 18:04:44.565502+00:00,,True,864691135801604706,True,True,dendrite_extended,axon_fully_extended,111051637149688258,864691135801604706,[336825 133707  20386],1347.3,534.828,815.44
3535,2025-04-20 18:23:11.458689+00:00,,True,864691135779297981,True,True,dendrite_extended,axon_partially_extended,90580723706717010,864691135779297981,[187600 180944  22001],750.4,723.776,880.04
3536,2025-04-20 18:27:21.349732+00:00,,True,864691136967869902,True,True,dendrite_extended,axon_partially_extended,89320064972687098,864691136967869902,[178704 225616  22156],714.816,902.464,886.24
3537,2025-04-20 18:50:51.927470+00:00,,True,864691135388828033,True,True,dendrite_extended,axon_partially_extended,90444865435207129,864691135388828033,[186608 217536  22821],746.432,870.144,912.84
3538,2025-04-20 18:53:22.919516+00:00,,True,864691135350542039,True,True,dendrite_extended,axon_fully_extended,88473509805848805,864691135350542039,[172368 209936  22622],689.472,839.744,904.88
3539,2025-04-20 18:55:30.998928+00:00,,True,864691135773776459,True,True,dendrite_extended,axon_partially_extended,90939989331973993,864691135773776459,[190208 236352  23153],760.832,945.408,926.12
3540,2025-04-20 18:59:11.412809+00:00,,True,864691135577135390,True,True,dendrite_extended,axon_partially_extended,90728470648250812,864691135577135390,[188624 233168  22038],754.496,932.672,881.52
3542,2025-04-20 19:09:52.756113+00:00,,True,864691135503836253,True,True,dendrite_extended,axon_partially_extended,94237836752233945,864691135503836253,[214448 166000  21225],857.792,664.0,849.0
4744,2026-02-21 19:27:59.869253+00:00,,True,864691135277501669,True,True,dendrite_extended,axon_fully_extended,91281112613403048,864691135277501669,[192880 156384  21831],771.52,625.536,873.24
3546,2025-04-20 19:17:28.276424+00:00,,True,864691136390474359,True,True,dendrite_extended,axon_fully_extended,89941288908184714,864691136390474359,[182993 135610  21130],731.972,542.44,845.2
3547,2025-04-20 19:19:58.676107+00:00,,True,864691135878154067,True,True,dendrite_extended,axon_fully_extended,92974429306468481,864691135878154067,[205280 189984  22086],821.12,759.936,883.44
3548,2025-04-20 19:23:48.488896+00:00,,True,864691136380757461,True,True,dendrite_extended,axon_fully_extended,89595973605053445,864691136380757461,[180368 184256  21942],721.472,737.024,877.68
3549,2025-04-20 19:30:37.235141+00:00,,True,864691136022214648,True,True,dendrite_extended,axon_partially_extended,95855492765000540,864691136022214648,[225872 159536  17777],903.488,638.144,711.08
3550,2025-04-20 19:31:35.343150+00:00,,True,864691135569902316,True,True,dendrite_extended,axon_partially_extended,99372762614869031,864691135569902316,[251584 151072  24144],1006.336,604.288,965.76
3555,2025-04-21 16:29:39.064869+00:00,,True,864691135640929595,True,True,dendrite_extended,axon_partially_extended,91573720279725884,864691135640929595,[194928 239328  22970],779.712,957.312,918.8
3556,2025-04-21 16:29:39.122993+00:00,,True,864691135157619556,True,True,dendrite_extended,axon_partially_extended,84316255938722723,864691135157619556,[142272 169104  19714],569.088,676.416,788.56
3559,2025-04-21 16:29:39.199940+00:00,,True,864691135839577235,True,True,dendrite_extended,axon_partially_extended,91003966762268763,864691135839577235,[190864 188784  20152],763.456,755.136,806.08
3561,2025-04-21 16:29:39.245999+00:00,,True,864691136968109774,True,True,dendrite_extended,axon_partially_extended,89948504453494318,864691136968109774,[182848 189392  21379],731.392,757.568,855.16
3563,2025-04-21 16:29:39.288135+00:00,,True,864691135124209447,True,True,dendrite_extended,axon_partially_extended,90938683528110405,864691135124209447,[190352 226944  22497],761.408,907.776,899.88
4745,2026-02-21 19:27:59.888492+00:00,,True,864691136453419007,True,True,dendrite_extended,axon_fully_extended,90856357460463313,864691136453419007,[189888 137536  21190],759.552,550.144,847.6
4746,2026-02-21 19:27:59.907242+00:00,,True,864691136111478712,True,True,dendrite_extended,axon_fully_extended,88459696923033940,864691136111478712,[172256 107072  20992],689.024,428.288,839.68
3570,2025-04-21 16:29:39.461344+00:00,,True,864691135587371132,True,True,dendrite_clean,axon_partially_extended,88323082670416245,864691135587371132,[171248 137712  21493],684.992,550.848,859.72
3571,2025-04-21 16:29:39.487107+00:00,,True,864691135646481135,True,True,dendrite_extended,axon_partially_extended,93603075281328238,864691135646481135,[209808 155216  23901],839.232,620.864,956.04
3572,2025-04-21 16:29:39.512493+00:00,,True,864691135698016410,True,True,dendrite_extended,axon_partially_extended,98738756722982192,864691135698016410,[247040 146096  24550],988.16,584.384,982.0
3573,2025-04-21 16:29:39.530282+00:00,,True,864691136275894285,True,True,dendrite_clean,axon_partially_extended,88396475071099877,864691136275894285,[171728 159968  21088],686.912,639.872,843.52
3574,2025-04-21 16:29:39.549816+00:00,,True,864691135779305405,True,True,dendrite_extended,axon_partially_extended,90871544867350903,864691135779305405,[189504 250736  24176],758.016,1002.944,967.04
3575,2025-04-21 16:29:39.567804+00:00,,True,864691136067382936,True,True,dendrite_clean,axon_partially_extended,90016261723242258,864691136067382936,[183552 169792  20241],734.208,679.168,809.64
3576,2025-04-21 16:29:39.586419+00:00,,True,864691136067404440,True,True,dendrite_extended,axon_partially_extended,94522748038587389,864691136067404440,[216400 191344  24032],865.6,765.376,961.28
3578,2025-04-21 16:29:39.626666+00:00,,True,864691135584019053,True,True,dendrite_extended,axon_partially_extended,90295606396048401,864691135584019053,[185568 153872  20140],742.272,615.488,805.6
3579,2025-04-21 16:29:39.646983+00:00,,True,864691135750642473,True,True,dendrite_extended,axon_partially_extended,91570559116360958,864691135750642473,[194864 216128  22205],779.456,864.512,888.2
3580,2025-04-21 16:29:39.666760+00:00,,True,864691136335689907,True,True,dendrite_extended,axon_partially_extended,94729043571844833,864691136335689907,[217840 155616  21123],871.36,622.464,844.92
3582,2025-04-21 16:29:39.709648+00:00,,True,864691135941708033,True,True,dendrite_extended,axon_partially_extended,98389180140419119,864691135941708033,[244368 162704  19586],977.472,650.816,783.44
3583,2025-04-21 16:29:39.728980+00:00,,True,864691135866396798,True,True,dendrite_extended,axon_partially_extended,99020849570687634,864691135866396798,[249008 150288  19671],996.032,601.152,786.84
3584,2025-04-21 16:29:39.747651+00:00,,True,864691136953677535,True,True,dendrite_extended,axon_partially_extended,95714412484464067,864691136953677535,[225056 156944  23836],900.224,627.776,953.44
3585,2025-04-21 16:29:39.766681+00:00,,True,864691135339729126,True,True,dendrite_extended,axon_partially_extended,93108981639686411,864691135339729126,[205952 143984  19368],823.808,575.936,774.72
4747,2026-02-21 19:27:59.927062+00:00,,True,864691135886130288,True,True,dendrite_extended,axon_fully_extended,88253813571803522,864691135886130288,[170656 145840  22281],682.624,583.36,891.24
3589,2025-04-21 16:29:39.850683+00:00,,True,864691136813937267,True,True,dendrite_clean,axon_partially_extended,90783514681151430,864691136813937267,[189280 119376  20359],757.12,477.504,814.36
3590,2025-04-21 16:29:39.869715+00:00,,True,864691135309290822,True,True,dendrite_clean,axon_partially_extended,88393451548474329,864691135309290822,[171856 137824  22239],687.424,551.296,889.56
3591,2025-04-21 16:29:39.886805+00:00,,True,864691136913993713,True,True,dendrite_extended,axon_partially_extended,87763019136116567,864691136913993713,[167440 159344  22843],669.76,637.376,913.72
3592,2025-04-21 16:29:39.909243+00:00,,True,864691135584008045,True,True,dendrite_extended,axon_partially_extended,90505819275232161,864691135584008045,[187056 147616  20023],748.224,590.464,800.92
3594,2025-04-21 16:29:39.945610+00:00,,True,864691135405337326,True,True,dendrite_extended,axon_partially_extended,90999637301018902,864691135405337326,[190560 156720  19128],762.24,626.88,765.12
3595,2025-04-21 16:29:39.964175+00:00,,True,864691136118370724,True,True,dendrite_extended,axon_partially_extended,87902863338352452,864691136118370724,[168096 152432  23318],672.384,609.728,932.72
3596,2025-04-21 16:29:39.983104+00:00,,True,864691134887026938,True,True,dendrite_extended,axon_partially_extended,87974400380580497,864691134887026938,[168656 161344  23687],674.624,645.376,947.48
3600,2025-04-21 16:29:40.061446+00:00,,True,864691135339729894,True,True,dendrite_extended,axon_partially_extended,96558905932864387,864691135339729894,[231056 157584  22404],924.224,630.336,896.16
3602,2025-04-21 16:29:40.109080+00:00,,True,864691135867644805,True,True,dendrite_extended,axon_partially_extended,90861511488208084,864691135867644805,[189856 176016  21620],759.424,704.064,864.8
3605,2025-04-21 16:29:40.165425+00:00,,True,864691135809954845,True,True,dendrite_extended,axon_partially_extended,90931536635158678,864691135809954845,[190368 173424  21738],761.472,693.696,869.52
3606,2025-04-21 16:29:40.182730+00:00,,True,864691135493079135,True,True,dendrite_extended,axon_partially_extended,92348120130156658,864691135493079135,[200272 242176  23479],801.088,968.704,939.16
3607,2025-04-21 16:29:40.202738+00:00,,True,864691135993767617,True,True,dendrite_extended,axon_partially_extended,91293550973038486,864691135993767617,[192560 249424  22976],770.24,997.696,919.04
3608,2025-04-21 16:29:40.220901+00:00,,True,864691135566657623,True,True,dendrite_extended,axon_partially_extended,91505207162533384,864691135566657623,[194336 253536  24343],777.344,1014.144,973.72
3609,2025-04-21 16:29:40.238793+00:00,,True,864691135164434989,True,True,dendrite_extended,axon_partially_extended,89465269428261699,864691135164434989,[179648 258768  23597],718.592,1035.072,943.88
3610,2025-04-21 16:29:40.253388+00:00,,True,864691136968094158,True,True,dendrite_extended,axon_partially_extended,88967602776531000,864691136968094158,[176080 220928  22152],704.32,883.712,886.08
3611,2025-04-21 16:29:40.269220+00:00,,True,864691136664680926,True,True,dendrite_extended,axon_partially_extended,90586152477955835,864691136664680926,[187680 221552  21218],750.72,886.208,848.72
3612,2025-04-21 16:29:40.284580+00:00,,True,864691135566649431,True,True,dendrite_extended,axon_partially_extended,90447339269104531,864691135566649431,[186816 235856  22184],747.264,943.424,887.36
3613,2025-04-21 16:29:40.300403+00:00,,True,864691136177129478,True,True,dendrite_extended,axon_partially_extended,88119741872481362,864691136177129478,[170016 195360  22108],680.064,781.44,884.32
3614,2025-04-21 16:29:40.317714+00:00,,True,864691135750649129,True,True,dendrite_extended,axon_partially_extended,94236393643414314,864691135750649129,[214496 155024  21399],857.984,620.096,855.96
3616,2025-04-21 16:29:40.351322+00:00,,True,864691135212086720,True,True,dendrite_extended,axon_partially_extended,92068912963055303,864691135212086720,[198224 259040  23805],792.896,1036.16,952.2
3617,2025-04-21 16:29:40.366822+00:00,,True,864691136814025587,True,True,dendrite_extended,axon_partially_extended,92907840536110085,864691136814025587,[204528 217920  25116],818.112,871.68,1004.64
3618,2025-04-21 16:29:40.383525+00:00,,True,864691135732038329,True,True,dendrite_extended,axon_partially_extended,97965868230945368,864691135732038329,[241248 154608  20189],964.992,618.432,807.56
3619,2025-04-21 16:29:40.403683+00:00,,True,864691136372630152,True,True,dendrite_extended,axon_partially_extended,92560738325355215,864691136372630152,[202064 253296  24490],808.256,1013.184,979.6
3620,2025-04-21 16:29:40.422350+00:00,,True,864691136298624539,True,True,dendrite_extended,axon_partially_extended,90932292482047141,864691136298624539,[190448 178992  21020],761.792,715.968,840.8
3621,2025-04-21 16:29:40.441422+00:00,,True,864691135343499441,True,True,dendrite_extended,axon_partially_extended,91219539895062316,864691135343499441,[192240 222000  21244],768.96,888.0,849.76
3622,2025-04-21 16:29:40.461357+00:00,,True,864691136177127174,True,True,dendrite_extended,axon_partially_extended,89390914685996280,864691136177127174,[179216 229440  21542],716.864,917.76,861.68
4749,2026-02-21 19:27:59.969327+00:00,,True,864691136665051614,True,True,dendrite_extended,axon_fully_extended,90574126502259119,864691136665051614,[187920 132096  20564],751.68,528.384,822.56
3624,2025-04-21 16:29:40.500759+00:00,,True,864691135569900780,True,True,dendrite_extended,axon_partially_extended,92914231313641886,864691135569900780,[204640 265488  24438],818.56,1061.952,977.52
3625,2025-04-24 22:35:11.897285+00:00,,True,864691135280481697,True,True,dendrite_extended,axon_partially_extended,90088417442091280,864691135280481697,[184160 183312  22166],736.64,733.248,886.64
3626,2025-04-25 22:21:58.579348+00:00,,True,864691136390601335,True,True,dendrite_extended,axon_partially_extended,91925976250187518,864691136390601335,[197312 242448  22316],789.248,969.792,892.64
4750,2026-02-21 19:27:59.990591+00:00,,True,864691135409962953,True,True,dendrite_extended,axon_fully_extended,87970070852291569,864691135409962953,[168592 129152  22218],674.368,516.608,888.72
4751,2026-02-21 19:28:00.012270+00:00,,True,864691135464928318,True,True,dendrite_extended,axon_fully_extended,89376208517215013,864691135464928318,[179104 119680  20476],716.416,478.72,819.04
4752,2026-02-21 19:28:00.036161+00:00,,True,864691136336039091,True,True,dendrite_extended,axon_fully_extended,89942388352671324,864691136336039091,[182848 143920  20593],731.392,575.68,823.72
4753,2026-02-21 19:28:00.060874+00:00,,True,864691136484972332,True,True,dendrite_extended,axon_fully_extended,90222695366674932,864691136484972332,[185040 134992  22615],740.16,539.968,904.6
4754,2026-02-21 19:28:00.085471+00:00,,True,864691136026254649,True,True,dendrite_extended,axon_fully_extended,90646762989123863,864691136026254649,[188432 148736  20529],753.728,594.944,821.16
4755,2026-02-21 19:28:00.107278+00:00,,True,864691135448256146,True,True,dendrite_extended,axon_fully_extended,87904306312961552,864691135448256146,[168144 163072  22156],672.576,652.288,886.24
4756,2026-02-21 19:28:00.130064+00:00,,True,864691135504327861,True,True,dendrite_extended,axon_fully_extended,88040576833940680,864691135504327861,[169232 130208  20544],676.928,520.832,821.76
4758,2026-02-21 19:28:00.174994+00:00,,True,864691135843236323,True,True,dendrite_extended,axon_fully_extended,87905199599062539,864691135843236323,[168256 169840  21646],673.024,679.36,865.84
4759,2026-02-21 19:28:00.197815+00:00,,True,864691136381224149,True,True,dendrite_extended,axon_fully_extended,88038240305027727,864691136381224149,[169360 112336  20357],677.44,449.344,814.28
4760,2026-02-21 19:28:00.219346+00:00,,True,864691136102330485,True,True,dendrite_extended,axon_fully_extended,90078590288817549,864691136102330485,[184112 110128  20397],736.448,440.512,815.88
4761,2026-02-21 19:28:00.238212+00:00,,True,864691136604001745,True,True,dendrite_extended,axon_fully_extended,88321295896427784,864691136604001745,[171552 124528  20568],686.208,498.112,822.72
4763,2026-02-21 19:28:00.278685+00:00,,True,864691135866947804,True,True,dendrite_extended,axon_fully_extended,90361371002373602,864691135866947804,[186384 119648  20631],745.536,478.592,825.24
4764,2026-02-21 19:28:00.299435+00:00,,True,864691136814442867,True,True,dendrite_extended,axon_fully_extended,91063203219879884,864691136814442867,[191232 105888  22427],764.928,423.552,897.08
4765,2026-02-21 19:28:00.323199+00:00,,True,864691136484948012,True,True,dendrite_extended,axon_fully_extended,91273209873470619,864691136484948012,[193056  97824  21736],772.224,391.296,869.44
4766,2026-02-21 19:28:00.344452+00:00,,True,864691135976979567,True,True,dendrite_extended,axon_fully_extended,91274652982531404,864691135976979567,[192704 108528  21779],770.816,434.112,871.16
4767,2026-02-21 19:28:00.371260+00:00,,True,864691136126503206,True,True,dendrite_extended,axon_fully_extended,91134465250137874,864691136126503206,[191888 112464  21903],767.552,449.856,876.12
4769,2026-02-21 19:28:00.417532+00:00,,True,864691136364362466,True,True,dendrite_extended,axon_fully_extended,89097551038796790,864691136364362466,[176688 140640  20286],706.752,562.56,811.44
4770,2026-02-21 19:28:00.438341+00:00,,True,864691135817949519,True,True,dendrite_extended,axon_fully_extended,89376208584040586,864691135817949519,[179088 119536  20781],716.352,478.144,831.24
4771,2026-02-21 19:28:00.460513+00:00,,True,864691135277309669,True,True,dendrite_extended,axon_fully_extended,89306320808998073,864691135277309669,[178416 123344  20163],713.664,493.376,806.52
3631,2025-04-26 15:26:01.654156+00:00,,True,864691134942169955,True,True,dendrite_extended,axon_partially_extended,85930889099837045,864691134942169955,[154016 140256  22410],616.064,561.024,896.4
3632,2025-04-26 15:26:01.729407+00:00,,True,864691135875414414,True,True,dendrite_extended,axon_partially_extended,91076397359254228,864691135875414414,[191248 204224  22278],764.992,816.896,891.12
4772,2026-02-21 19:28:00.483801+00:00,,True,864691135928395278,True,True,dendrite_extended,axon_fully_extended,88467943461428633,864691135928395278,[172208 168272  22383],688.832,673.088,895.32
3635,2025-04-26 15:26:01.794586+00:00,,True,864691135778773856,True,True,dendrite_extended,axon_partially_extended,88468836747612860,864691135778773856,[172512 175280  21964],690.048,701.12,878.56
3636,2025-04-26 15:26:01.824500+00:00,,True,864691135857993774,True,True,dendrite_extended,axon_partially_extended,89102430457236078,864691135857993774,[177120 176864  22863],708.48,707.456,914.52
3638,2025-04-26 15:26:01.865414+00:00,,True,864691135571192966,True,True,dendrite_extended,axon_partially_extended,87907329701715670,864691135571192966,[168144 185744  20252],672.576,742.976,810.08
3640,2025-04-26 15:26:01.897693+00:00,,True,864691135447653010,True,True,dendrite_extended,axon_partially_extended,90299867070611957,864691135447653010,[185696 185984  20589],742.784,743.936,823.56
3641,2025-04-26 15:26:01.911083+00:00,,True,864691135849699166,True,True,dendrite_extended,axon_partially_extended,89736504934533504,864691135849699166,[181712 182736  21608],726.848,730.944,864.32
3642,2025-04-26 15:26:01.924637+00:00,,True,864691135396485877,True,True,dendrite_extended,axon_partially_extended,92065545708721615,864691135396485877,[198208 234032  23815],792.832,936.128,952.6
3643,2025-04-26 15:36:38.403644+00:00,,True,864691135646493679,True,True,dendrite_extended,axon_fully_extended,90158580028006378,864691135646493679,[184544 181792  22336],738.176,727.168,893.44
4773,2026-02-21 19:28:00.503499+00:00,,True,864691135853088967,True,True,dendrite_extended,axon_fully_extended,88327618155356358,864691135853088967,[171456 171424  21043],685.824,685.696,841.72
4774,2026-02-21 19:28:00.523705+00:00,,True,864691135295165196,True,True,dendrite_extended,axon_fully_extended,88609093132153288,864691135295165196,[173344 171472  21109],693.376,685.888,844.36
4775,2026-02-21 19:28:00.544210+00:00,,True,864691135493624415,True,True,dendrite_extended,axon_fully_extended,87975293264388067,864691135493624415,[168736 167680  20422],674.944,670.72,816.88
4776,2026-02-21 19:28:00.564064+00:00,,True,864691135124603687,True,True,dendrite_extended,axon_fully_extended,88396475205406121,864691135124603687,[172032 160176  22201],688.128,640.704,888.04
4777,2026-02-21 19:28:00.585448+00:00,,True,864691136026155577,True,True,dendrite_extended,axon_fully_extended,89102567761569102,864691136026155577,[177024 178288  21522],708.096,713.152,860.88
4778,2026-02-21 19:28:00.607426+00:00,,True,864691135732557241,True,True,dendrite_extended,axon_fully_extended,91071930593367306,864691135732557241,[191040 170864  22375],764.16,683.456,895.0
4779,2026-02-21 19:28:00.630177+00:00,,True,864691136239902780,True,True,dendrite_extended,axon_fully_extended,91210881240956787,864691136239902780,[192304 157696  21191],769.216,630.784,847.64
4780,2026-02-21 19:28:00.653297+00:00,,True,864691136026198585,True,True,dendrite_extended,axon_fully_extended,87905337104993543,864691136026198585,[168400 170800  22039],673.6,683.2,881.56
4781,2026-02-21 19:28:00.672307+00:00,,True,864691135490483514,True,True,dendrite_extended,axon_fully_extended,89030412445157392,864691135490483514,[176240 164608  22531],704.96,658.432,901.24
4782,2026-02-21 19:28:00.691251+00:00,,True,864691135102381856,True,True,dendrite_extended,axon_fully_extended,90643464655836537,864691135102381856,[187968 124368  22306],751.872,497.472,892.24
4783,2026-02-21 19:28:00.708090+00:00,,True,864691135850033758,True,True,dendrite_extended,axon_fully_extended,88533570494493324,864691135850033758,[172864 133024  21760],691.456,532.096,870.4
4784,2026-02-21 19:28:00.725239+00:00,,True,864691136968542926,True,True,dendrite_extended,axon_fully_extended,89799245615834818,864691136968542926,[182224 125968  20346],728.896,503.872,813.84
4785,2026-02-21 19:28:00.741916+00:00,,True,864691135405713902,True,True,dendrite_extended,axon_fully_extended,90998744350374241,864691135405713902,[190592 149760  22133],762.368,599.04,885.32
4786,2026-02-21 19:28:00.760171+00:00,,True,864691135994226881,True,True,dendrite_extended,axon_fully_extended,87897296993310090,864691135994226881,[168176 111280  22537],672.704,445.12,901.48
4787,2026-02-21 19:28:00.780050+00:00,,True,864691135493620831,True,True,dendrite_extended,axon_fully_extended,89516327730992048,864691135493620831,[180112 114928  21520],720.448,459.712,860.8
4788,2026-02-21 19:28:00.800181+00:00,,True,864691136620914829,True,True,dendrite_extended,axon_fully_extended,89169431879858301,864691136620914829,[177584 152000  22317],710.336,608.0,892.68
4789,2026-02-21 19:28:00.822236+00:00,,True,864691135717271834,True,True,dendrite_extended,axon_fully_extended,89589445053451911,864691135717271834,[180736 135840  20436],722.944,543.36,817.44
4790,2026-02-21 19:28:00.846099+00:00,,True,864691135470787666,True,True,dendrite_extended,axon_fully_extended,90081476707791607,864691135470787666,[183936 131280  21625],735.744,525.12,865.0
4791,2026-02-21 19:28:00.866896+00:00,,True,864691135464795710,True,True,dendrite_extended,axon_fully_extended,89656171665349924,864691135464795710,[181184 108528  20416],724.736,434.112,816.64
4792,2026-02-21 19:28:00.886418+00:00,,True,864691135280944545,True,True,dendrite_extended,axon_fully_extended,87905955446235423,864691135280944545,[168160 175632  21152],672.64,702.528,846.08
4793,2026-02-21 19:28:00.905035+00:00,,True,864691135336847849,True,True,dendrite_extended,axon_fully_extended,89375590041880542,864691135336847849,[179216 115136  20457],716.864,460.544,818.28
4794,2026-02-21 19:28:00.924298+00:00,,True,864691136314404669,True,True,dendrite_extended,axon_fully_extended,88249965012889400,864691136314404669,[170752 117072  20449],683.008,468.288,817.96
4795,2026-02-21 19:28:00.943109+00:00,,True,864691136137239691,True,True,dendrite_extended,axon_fully_extended,90782415370778176,864691136137239691,[189104 111200  21854],756.416,444.8,874.16
4796,2026-02-21 19:28:00.962069+00:00,,True,864691136968529870,True,True,dendrite_extended,axon_fully_extended,89167713825683031,864691136968529870,[177696 139408  21660],710.784,557.632,866.4
4797,2026-02-21 19:28:00.983004+00:00,,True,864691136196969548,True,True,dendrite_extended,axon_fully_extended,89093565309189306,864691136196969548,[176816 111120  20315],707.264,444.48,812.6
4798,2026-02-21 19:28:01.005465+00:00,,True,864691135764932662,True,True,dendrite_extended,axon_fully_extended,89515434512067690,864691135764932662,[180048 108416  22594],720.192,433.664,903.76
4799,2026-02-21 19:28:01.027891+00:00,,True,864691135351096279,True,True,dendrite_extended,axon_fully_extended,87976461629724231,864691135351096279,[168816 176656  21457],675.264,706.624,858.28
4800,2026-02-21 19:28:01.047035+00:00,,True,864691135389168001,True,True,dendrite_extended,axon_fully_extended,90292995123238941,864691135389168001,[185456 134720  20827],741.824,538.88,833.08
4801,2026-02-21 19:28:01.066099+00:00,,True,864691135520064650,True,True,dendrite_extended,axon_fully_extended,90012688511994079,864691135520064650,[183408 143504  21973],733.632,574.016,878.92
4802,2026-02-21 19:28:01.086487+00:00,,True,864691135656578242,True,True,dendrite_extended,axon_fully_extended,90149990093616639,864691135656578242,[184672 117600  22514],738.688,470.4,900.56
4803,2026-02-21 19:28:01.108272+00:00,,True,864691135214977920,True,True,dendrite_extended,axon_fully_extended,89171218518995616,864691135214977920,[177360 165072  21648],709.44,660.288,865.92
4804,2026-02-21 19:28:01.128672+00:00,,True,864691136011684526,True,True,dendrite_extended,axon_fully_extended,88671215471862556,864691136011684526,[173712 110096  20501],694.848,440.384,820.04
4805,2026-02-21 19:28:01.149026+00:00,,True,864691135784960307,True,True,dendrite_extended,axon_fully_extended,89095352350782638,864691135784960307,[176880 124240  22591],707.52,496.96,903.64
4806,2026-02-21 19:28:01.169309+00:00,,True,864691136968585678,True,True,dendrite_extended,axon_fully_extended,90572271277922317,864691136968585678,[187936 118400  22289],751.744,473.6,891.56
4808,2026-02-21 19:28:01.215599+00:00,,True,864691136596901026,True,True,dendrite_extended,axon_fully_extended,88043737997047516,864691136596901026,[169040 153744  21107],676.16,614.976,844.28
4809,2026-02-21 19:28:01.236997+00:00,,True,864691135571515270,True,True,dendrite_extended,axon_fully_extended,89380537844096167,864691135571515270,[178992 151872  20381],715.968,607.488,815.24
4810,2026-02-21 19:28:01.256913+00:00,,True,864691135954640675,True,True,dendrite_extended,axon_fully_extended,90995514535370826,864691135954640675,[190960 125888  22490],763.84,503.552,899.6
4910,2026-02-25 05:44:20.100054+00:00,,True,864691136314448701,True,True,dendrite_extended,axon_partially_extended,90297599663528282,864691136314448701,[185824 168912  23214],743.296,675.648,928.56
4811,2026-02-21 19:33:48.856346+00:00,,True,864691135351159255,False,True,none,axon_fully_extended,88053359528923325,864691135351159255,[169482 225282  27147],677.928,901.128,1085.88
4814,2026-02-25 04:14:19.790227+00:00,,True,864691136925094628,True,True,dendrite_extended,axon_fully_extended,90016949119193646,864691136925094628,[183568 174864  21668],734.272,699.456,866.72
4815,2026-02-25 04:14:19.841436+00:00,,True,864691135493149927,True,True,dendrite_extended,axon_fully_extended,89946580442098333,864691135493149927,[183312 175024  22160],733.248,700.096,886.4
4816,2026-02-25 04:14:19.860269+00:00,,True,864691135843242211,True,True,dendrite_extended,axon_fully_extended,89735542929239906,864691135843242211,[181760 175376  22339],727.04,701.504,893.56
4817,2026-02-25 04:14:19.878763+00:00,,True,864691135954680867,True,True,dendrite_extended,axon_fully_extended,90790386829757827,864691135954680867,[189088 170528  21593],756.352,682.112,863.72
4818,2026-02-25 04:14:19.899187+00:00,,True,864691135478316200,True,True,dendrite_extended,axon_fully_extended,91142092910740823,864691135478316200,[192000 169456  20327],768.0,677.824,813.08
4819,2026-02-25 04:14:19.918234+00:00,,True,864691135810492189,True,True,dendrite_extended,axon_fully_extended,90649511835591076,864691135810492189,[188336 169392  21278],753.344,677.568,851.12
4820,2026-02-25 04:14:19.937416+00:00,,True,864691136485007404,True,True,dendrite_extended,axon_fully_extended,89805086905413559,864691136485007404,[182192 169584  21253],728.768,678.336,850.12
4821,2026-02-25 04:14:19.957108+00:00,,True,864691135184104194,True,True,dendrite_extended,axon_fully_extended,91282761813925099,864691135184104194,[192640 169008  21493],770.56,676.032,859.72
4822,2026-02-25 04:14:19.976697+00:00,,True,864691136438666398,True,True,dendrite_extended,axon_fully_extended,88468286790511394,864691136438666398,[172432 171008  20481],689.728,684.032,819.24
4823,2026-02-25 04:14:19.994199+00:00,,True,864691135567059223,True,True,dendrite_extended,axon_fully_extended,90930918092675407,864691135567059223,[190368 169120  21150],761.472,676.48,846.0
4824,2026-02-25 04:14:20.013579+00:00,,True,864691135955909640,True,True,dendrite_extended,axon_fully_extended,89031992993240476,864691135955909640,[176480 176416  22599],705.92,705.664,903.96
4825,2026-02-25 04:14:20.032784+00:00,,True,864691135741998484,True,True,dendrite_extended,axon_fully_extended,89454686427795310,864691135741998484,[179664 179968  22345],718.656,719.872,893.8
4826,2026-02-25 04:14:20.051744+00:00,,True,864691135405733870,True,True,dendrite_extended,axon_fully_extended,91213492715268585,864691135405733870,[192224 177248  22213],768.896,708.992,888.52
4827,2026-02-25 04:14:20.070900+00:00,,True,864691136927761226,True,True,dendrite_extended,axon_fully_extended,90228261644288487,864691136927761226,[185024 176368  22629],740.096,705.472,905.16
4828,2026-02-25 04:14:20.088573+00:00,,True,864691135920800688,True,True,dendrite_extended,axon_fully_extended,90509805139531214,864691135920800688,[186928 177312  21444],747.712,709.248,857.76
3705,2025-06-06 14:42:00.817977+00:00,,True,864691135689015264,False,True,none,axon_fully_extended,95792409560019481,864691135689015264,[225553 214203  27154],902.212,856.812,1086.16
3706,2025-06-06 14:42:00.818778+00:00,,True,864691135294194358,False,True,none,axon_fully_extended,93614208305917568,864691135294194358,[209452 237942  27158],837.808,951.768,1086.32
4812,2026-02-21 19:39:14.122916+00:00,,True,864691135586022264,True,True,dendrite_extended,axon_fully_extended,86078635974701232,864691135586022264,[154944 192608  22327],619.776,770.432,893.08
3740,2025-06-21 16:34:34.394666+00:00,,True,864691136438216350,True,True,dendrite_extended,axon_fully_extended,91283380624351165,864691136438216350,[192640 173632  23652],770.56,694.528,946.08
4829,2026-02-25 04:14:20.105981+00:00,,True,864691135810466333,True,True,dendrite_extended,axon_fully_extended,90228605040471882,864691135810466333,[185040 179280  21184],740.16,717.12,847.36
4830,2026-02-25 04:14:20.126485+00:00,,True,864691135015154934,True,True,dendrite_extended,axon_fully_extended,89806255002282134,864691135015154934,[182048 178240  20186],728.192,712.96,807.44
4831,2026-02-25 04:14:20.147056+00:00,,True,864691135977045871,True,True,dendrite_extended,axon_fully_extended,88258073978133585,864691135977045871,[170688 177504  20864],682.752,710.016,834.56
4832,2026-02-25 04:14:20.166353+00:00,,True,864691136381301461,True,True,dendrite_extended,axon_fully_extended,88749899273041417,864691136381301461,[174224 171856  20744],696.896,687.424,829.76
3795,2025-06-28 00:54:27.455346+00:00,,True,864691135115058329,True,True,dendrite_extended,axon_fully_extended,91638178880255985,864691135115058329,[195440 195536  20747],781.76,782.144,829.88
4833,2026-02-25 04:14:20.185743+00:00,,True,864691135726881195,True,True,dendrite_extended,axon_fully_extended,90649443048708426,864691135726881195,[187952 168768  20517],751.808,675.072,820.68
4834,2026-02-25 04:14:20.205753+00:00,,True,864691136814655859,True,True,dendrite_extended,axon_fully_extended,90790111951845421,864691136814655859,[188976 168496  21579],755.904,673.984,863.16
4835,2026-02-25 04:14:20.226056+00:00,,True,864691136391027728,True,True,dendrite_extended,axon_fully_extended,88538999333301628,864691136391027728,[172960 173280  21905],691.84,693.12,876.2
4836,2026-02-25 04:14:20.245565+00:00,,True,864691135757083346,True,True,dendrite_extended,axon_fully_extended,90860686720599398,864691135757083346,[189936 170112  20867],759.744,680.448,834.68
4837,2026-02-25 04:14:20.265447+00:00,,True,864691135941975974,True,True,dendrite_extended,axon_fully_extended,89171836860021217,864691135941975974,[177616 169760  20588],710.464,679.04,823.52
4838,2026-02-25 04:14:20.283611+00:00,,True,864691135478400936,True,True,dendrite_extended,axon_fully_extended,89945687089226606,864691135478400936,[183200 168384  22438],732.8,673.536,897.52
4839,2026-02-25 04:14:20.300161+00:00,,True,864691135478429352,True,True,dendrite_extended,axon_fully_extended,88045593489998044,864691135478429352,[169360 167152  21606],677.44,668.608,864.24
4840,2026-02-25 04:14:20.317753+00:00,,True,864691135741982868,True,True,dendrite_extended,axon_fully_extended,89945961765712992,864691135741982868,[182896 170528  20800],731.584,682.112,832.0
3817,2025-07-22 18:09:14.681666+00:00,,True,864691135325071004,True,True,dendrite_extended,axon_fully_extended,88318684623440565,864691135325071004,[171408 104688  21097],685.632,418.752,843.88
3818,2025-07-22 18:10:07.755317+00:00,,True,864691135773910603,True,True,dendrite_extended,axon_fully_extended,84812479347583136,864691135773910603,[145840 196048  20425],583.36,784.192,817.0
3819,2025-07-22 18:26:29.525565+00:00,,True,864691136093003700,True,True,dendrite_extended,axon_fully_extended,91215210702268182,864691136093003700,[192080 190064  22297],768.32,760.256,891.88
3822,2025-07-22 18:26:29.672530+00:00,,True,864691135294190518,True,True,dendrite_extended,axon_interareal,89588483450533458,864691135294190518,[180485 128477  24033],721.94,513.908,961.32
3823,2025-07-22 18:26:29.689104+00:00,,True,864691135686283703,True,True,dendrite_clean,axon_partially_extended,90296980986886587,864691135686283703,[185744 164352  21652],742.976,657.408,866.08
3824,2025-07-22 18:26:29.705735+00:00,,True,864691135474179378,True,True,dendrite_extended,axon_fully_extended,88686746275324078,864691135474179378,[174032 225648  22347],696.128,902.592,893.88
3826,2025-07-22 18:26:29.742281+00:00,,True,864691136275919117,True,True,dendrite_clean,axon_interareal,105841119862378402,864691136275919117,[298880 109328  17242],1195.52,437.312,689.68
3827,2025-07-22 18:26:29.759282+00:00,,True,864691135387277397,False,True,none,axon_fully_extended,115853754519007833,864691135387277397,[371547 260689  22531],1486.188,1042.756,901.24
3828,2025-07-22 18:26:29.777493+00:00,,True,864691135503782210,True,True,dendrite_extended,axon_partially_extended,89106759650163756,864691135503782210,[176976 209584  21964],707.904,838.336,878.56
3829,2025-07-22 18:26:29.792843+00:00,,True,864691136274933950,True,True,dendrite_extended,axon_partially_extended,91218852700367385,864691136274933950,[192384 216944  21284],769.536,867.776,851.36
3830,2025-07-22 18:26:29.810677+00:00,,True,864691135852637127,True,True,dendrite_extended,axon_partially_extended,91783864439595349,864691135852637127,[196192 232352  22964],784.768,929.408,918.56
3832,2025-07-22 18:26:29.841471+00:00,,True,864691135465795653,True,True,dendrite_extended,axon_partially_extended,89109989733809218,864691135465795653,[177152 233216  23849],708.608,932.864,953.96
3840,2025-07-22 18:26:29.984430+00:00,,True,864691136975639836,True,True,dendrite_extended,axon_partially_extended,89239800355525240,864691136975639836,[178176 152192  20167],712.704,608.768,806.68
3841,2025-07-22 18:26:30.000624+00:00,,True,864691136120465944,False,True,none,axon_fully_extended,112123730578570271,864691136120465944,[344250 257048  27118],1377.0,1028.192,1084.72
3843,2025-07-22 18:26:30.033527+00:00,,True,864691135811335116,True,True,dendrite_extended,axon_partially_extended,90867558869367200,864691135811335116,[189616 221376  22214],758.464,885.504,888.56
3845,2025-07-22 18:26:30.067927+00:00,,True,864691135587532924,True,True,dendrite_extended,axon_partially_extended,97406766836928860,864691135587532924,[237584 183056  22519],950.336,732.224,900.76
3846,2025-07-22 18:26:30.087743+00:00,,True,864691135490326074,True,True,dendrite_clean,axon_partially_extended,90782415236377623,864691135490326074,[189296 110976  20651],757.184,443.904,826.04
3850,2025-07-22 18:26:30.156789+00:00,,True,864691135324963484,True,True,dendrite_extended,axon_partially_extended,89949329020077684,864691135324963484,[182864 195440  20817],731.456,781.76,832.68
3851,2025-07-22 18:26:30.173197+00:00,,True,864691135699301397,True,True,dendrite_extended,axon_partially_extended,89597623006289995,864691135699301397,[180544 196352  22612],722.176,785.408,904.48
3852,2025-07-22 18:26:30.190344+00:00,,True,864691136042982742,True,True,dendrite_extended,axon_fully_extended,88601327697499328,864691136042982742,[173104 113744  20436],692.416,454.976,817.44
3854,2025-07-22 18:26:30.225073+00:00,,True,864691135885911920,True,True,dendrite_extended,axon_partially_extended,90786676045362952,864691135885911920,[189152 142800  22311],756.608,571.2,892.44
3858,2025-07-22 18:26:30.290727+00:00,,True,864691136814180211,True,True,dendrite_clean,axon_partially_extended,89868446397156879,864691136814180211,[182400 117248  22250],729.6,468.992,890.0
3861,2025-07-22 18:26:30.342687+00:00,,True,864691135875460494,True,True,dendrite_extended,axon_partially_extended,91430577676457925,864691135875460494,[194032 221472  23195],776.128,885.888,927.8
3862,2025-07-22 18:26:30.359515+00:00,,True,864691135732210873,True,True,dendrite_clean,axon_partially_extended,90222351568226732,864691135732210873,[184944 132544  21307],739.776,530.176,852.28
3863,2025-07-22 18:26:30.376679+00:00,,True,864691135802341986,True,True,dendrite_clean,axon_partially_extended,88678843333891525,864691135802341986,[173696 166912  20570],694.784,667.648,822.8
3866,2025-07-22 18:26:30.426662+00:00,,True,864691136053350131,False,True,none,axon_fully_extended,119020348543971062,864691136053350131,[394525 260336  26778],1578.1,1041.344,1071.12
3867,2025-07-22 18:26:30.442352+00:00,,True,864691136579629844,True,True,dendrite_extended,axon_partially_extended,91003142329826665,864691136579629844,[190848 182704  21665],763.392,730.816,866.6
3868,2025-07-22 18:26:30.458928+00:00,,True,864691134966324767,True,True,dendrite_clean,axon_partially_extended,87973300466659506,864691134966324767,[168944 153056  20924],675.776,612.224,836.96
3873,2025-07-22 18:26:30.557962+00:00,,True,864691135954393891,True,True,dendrite_extended,axon_partially_extended,89313193025363909,864691135954393891,[178608 174752  22447],714.432,699.008,897.88
3875,2025-07-22 18:26:30.591011+00:00,,True,864691135106189901,True,True,dendrite_extended,axon_partially_extended,90588695232730561,864691135106189901,[187824 240512  22174],751.296,962.048,886.96
3879,2025-07-22 18:26:30.656788+00:00,,True,864691136211068860,True,True,dendrite_extended,axon_partially_extended,89105797442885535,864691136211068860,[176816 202320  20616],707.264,809.28,824.64
3880,2025-07-22 18:26:30.672309+00:00,,True,864691136330880234,True,True,dendrite_extended,axon_partially_extended,88817588091910167,864691136330880234,[174720 152224  21821],698.88,608.896,872.84
3885,2025-07-22 18:26:30.750812+00:00,,True,864691135585989240,True,True,dendrite_extended,axon_partially_extended,91992358929112516,864691135585989240,[198144 213008  19717],792.576,852.032,788.68
3887,2025-07-22 18:26:30.782918+00:00,,True,864691135592502539,True,False,dendrite_extended,none,90865359577787738,864691135592502539,[189584 204784  20258],758.336,819.136,810.32
3888,2025-07-22 18:26:30.797608+00:00,,True,864691135616048587,True,True,dendrite_extended,axon_partially_extended,95364148707243280,864691135616048587,[222736 169120  18967],890.944,676.48,758.68
3892,2025-07-22 18:26:30.859306+00:00,,True,864691135802215266,True,True,dendrite_extended,axon_partially_extended,90729226563050171,864691135802215266,[188560 239216  22498],754.24,956.864,899.92
4842,2026-02-25 04:14:20.357753+00:00,,True,864691135511486985,True,True,dendrite_extended,axon_fully_extended,89875455716551167,864691135511486985,[182336 169600  21633],729.344,678.4,865.32
4843,2026-02-25 04:14:20.377327+00:00,,True,864691135274830353,True,True,dendrite_extended,axon_fully_extended,88117611569097314,864691135274830353,[169648 179488  22476],678.592,717.952,899.04
4844,2026-02-25 04:14:20.395888+00:00,,True,864691135701746978,True,True,dendrite_extended,axon_fully_extended,90509049359389970,864691135701746978,[187152 171296  22343],748.608,685.184,893.72
4845,2026-02-25 04:14:20.417056+00:00,,True,864691135858298670,True,True,dendrite_extended,axon_fully_extended,90087386515838744,864691135858298670,[184240 175712  21233],736.96,702.848,849.32
4912,2026-02-25 05:44:20.131827+00:00,,True,864691135717386266,True,True,dendrite_clean,axon_partially_extended,88323975956240146,864691135717386266,[171392 144368  20761],685.568,577.472,830.44
4913,2026-02-25 05:44:20.151046+00:00,,True,864691135779716797,True,True,dendrite_clean,axon_partially_extended,88960249725252307,864691135779716797,[175824 166464  21524],703.296,665.856,860.96
3893,2025-07-22 18:26:30.877677+00:00,,True,864691136484732972,True,True,dendrite_extended,axon_partially_extended,90155556505148244,864691136484732972,[184624 159408  23235],738.496,637.632,929.4
3896,2025-07-22 18:26:30.923308+00:00,,True,864691135474086450,True,True,dendrite_extended,axon_partially_extended,101419640412536494,864691135474086450,[266288 196928  20478],1065.152,787.712,819.12
3897,2025-07-22 18:26:30.939306+00:00,,True,864691135115049881,True,True,dendrite_extended,axon_partially_extended,100986982452356620,864691135115049881,[263648 119232  19076],1054.592,476.928,763.04
3898,2025-07-22 18:26:30.953450+00:00,,True,864691135885921648,True,True,dendrite_clean,axon_partially_extended,89167851331589544,864691135885921648,[177312 140240  22062],709.248,560.96,882.48
3900,2025-07-22 18:26:30.980639+00:00,,True,864691135941829121,True,True,dendrite_extended,axon_partially_extended,90090753703164786,864691135941829121,[184192 200784  20797],736.768,803.136,831.88
3901,2025-07-22 18:26:30.995716+00:00,,True,864691135920571056,True,True,dendrite_extended,axon_fully_extended,88960180871942348,864691135920571056,[176144 165856  20821],704.576,663.424,832.84
3902,2025-07-22 18:26:31.010307+00:00,,True,864691135587519868,True,True,dendrite_extended,axon_partially_extended,89173348755958966,864691135587519868,[177232 181264  21414],708.928,725.056,856.56
3906,2025-07-22 18:26:31.074354+00:00,,True,864691135294187190,True,True,dendrite_extended,axon_partially_extended,91280631710937604,864691135294187190,[192880 153120  22550],771.52,612.48,902.0
3907,2025-07-22 18:26:31.090551+00:00,,True,864691135866427006,True,True,dendrite_extended,axon_partially_extended,88541610606117817,864691135866427006,[172656 192784  21221],690.624,771.136,848.84
3910,2025-07-22 18:26:31.139957+00:00,,True,864691135760635214,True,True,dendrite_extended,axon_partially_extended,88686265171688496,864691135760635214,[174112 222384  21682],696.448,889.536,867.28
4846,2026-02-25 05:44:18.984083+00:00,,True,864691135566966807,True,True,dendrite_clean,axon_partially_extended,88954271063892547,864691135566966807,[175696 121744  21198],702.784,486.976,847.92
3912,2025-07-22 18:26:31.170970+00:00,,True,864691136372759688,True,True,dendrite_extended,axon_partially_extended,89529934389098311,864691136372759688,[179808 216672  23361],719.232,866.688,934.44
3913,2025-07-22 18:26:31.188367+00:00,,True,864691136814271603,True,True,dendrite_extended,axon_partially_extended,89389952546629218,864691136814271603,[178880 221920  21415],715.52,887.68,856.6
3914,2025-07-22 18:26:31.205658+00:00,,True,864691135701340194,True,True,dendrite_extended,axon_partially_extended,85801559111812105,864691135701340194,[153088 225264  23022],612.352,901.056,920.88
3915,2025-07-22 18:26:31.222047+00:00,,True,864691136975624220,True,True,dendrite_extended,axon_partially_extended,87973850423757514,864691136975624220,[168752 157248  22441],675.008,628.992,897.64
3916,2025-07-22 18:26:31.238035+00:00,,True,864691135659566210,True,True,dendrite_clean,axon_partially_extended,88396131540864276,864691135659566210,[171952 157568  21637],687.808,630.272,865.48
3918,2025-07-22 18:26:31.278975+00:00,,True,864691136453183487,True,True,dendrite_extended,axon_partially_extended,89529796883025209,864691136453183487,[179792 215664  22864],719.168,862.656,914.56
3919,2025-07-22 18:26:31.297222+00:00,,True,864691136042989910,True,True,dendrite_extended,axon_partially_extended,88395925248322467,864691136042989910,[171712 156048  20707],686.848,624.192,828.28
3922,2025-07-22 18:26:31.348636+00:00,,True,864691136905758130,True,True,dendrite_clean,axon_partially_extended,91140581417423431,864691136905758130,[191728 157904  22608],766.912,631.616,904.32
3923,2025-07-22 18:26:31.366274+00:00,,True,864691136927566154,True,True,dendrite_extended,axon_partially_extended,88678568724548705,864691136927566154,[173920 164768  22719],695.68,659.072,908.76
3924,2025-07-22 18:26:31.383732+00:00,,True,864691135546797608,True,True,dendrite_extended,axon_partially_extended,90440673345651363,864691135546797608,[186656 186400  21142],746.624,745.6,845.68
3925,2025-07-22 18:26:31.400960+00:00,,True,864691136675427975,True,True,dendrite_extended,axon_partially_extended,90299248595568184,864691136675427975,[185792 181056  20756],743.168,724.224,830.24
3926,2025-07-22 18:26:31.417999+00:00,,True,864691135209947769,True,True,dendrite_extended,axon_partially_extended,88118161324609768,864691135209947769,[169696 184000  22201],678.784,736.0,888.04
3927,2025-07-22 18:26:31.435717+00:00,,True,864691135350717399,True,True,dendrite_extended,axon_partially_extended,91144979330014807,864691135350717399,[191728 190720  21861],766.912,762.88,874.44
3928,2025-07-22 18:26:31.454186+00:00,,True,864691136211175612,True,True,dendrite_extended,axon_partially_extended,90724553437195992,864691136211175612,[188576 204144  20882],754.304,816.576,835.28
3929,2025-07-22 18:26:31.471683+00:00,,True,864691135584068717,True,True,dendrite_extended,axon_partially_extended,90365356933278098,864691135584068717,[186352 149232  22124],745.408,596.928,884.96
3930,2025-07-22 18:26:31.491153+00:00,,True,864691135496262032,True,True,dendrite_extended,axon_partially_extended,88742890087722824,864691135496262032,[174448 119904  22272],697.792,479.616,890.88
4847,2026-02-25 05:44:19.072167+00:00,,True,864691135774368763,True,True,dendrite_clean,axon_partially_extended,90432701752255117,864691135774368763,[186528 126944  20248],746.112,507.776,809.92
3932,2025-07-22 18:26:31.525166+00:00,,True,864691135779377341,True,True,dendrite_extended,axon_partially_extended,90858487563187046,864691135779377341,[189536 153312  19923],758.144,613.248,796.92
3933,2025-07-22 18:26:31.540514+00:00,,True,864691135360809560,True,True,dendrite_extended,axon_partially_extended,88467050309236669,864691135360809560,[172256 161584  23641],689.024,646.336,945.64
3935,2025-07-22 18:26:31.575794+00:00,,True,864691135689048288,True,True,dendrite_extended,axon_partially_extended,92915124599600192,864691135689048288,[204672 272096  23898],818.688,1088.384,955.92
3936,2025-07-22 18:26:31.595210+00:00,,True,864691136453186559,True,True,dendrite_extended,axon_fully_extended,91709234886114180,864691136453186559,[195696 200832  21084],782.784,803.328,843.36
3937,2025-07-22 18:26:31.615278+00:00,,True,864691135442591048,True,True,dendrite_extended,axon_fully_extended,87700209601167814,864691135442591048,[166608 215680  23067],666.432,862.72,922.68
3939,2025-07-22 18:26:31.650491+00:00,,True,864691136011458734,True,True,dendrite_extended,axon_fully_extended,87481543958187412,864691136011458734,[164944 159008  21409],659.776,636.032,856.36
4848,2026-02-25 05:44:19.089759+00:00,,True,864691135496440208,True,True,dendrite_clean,axon_partially_extended,88956538672714596,864691135496440208,[176000 138896  20458],704.0,555.584,818.32
3943,2025-07-22 18:26:31.732261+00:00,,True,864691135106209101,True,True,dendrite_extended,axon_fully_extended,88957775488975557,864691135106209101,[175744 148128  19338],702.976,592.512,773.52
4849,2026-02-25 05:44:19.106869+00:00,,True,864691135398892065,True,True,dendrite_clean,axon_partially_extended,90573095777456657,864691135398892065,[187888 124512  21300],751.552,498.048,852.0
3945,2025-07-22 18:26:31.769489+00:00,,True,864691135499624723,True,True,dendrite_extended,axon_fully_extended,89872431791448093,864691135499624723,[182784 146896  19849],731.136,587.584,793.96
3948,2025-07-22 18:26:31.828085+00:00,,True,864691135920591792,True,True,dendrite_extended,axon_fully_extended,91701881902051755,864691135920591792,[196128 145744  21051],784.512,582.976,842.04
3949,2025-07-22 18:26:31.844990+00:00,,True,864691135405480430,True,True,dendrite_extended,axon_fully_extended,87549851386364541,864691135405480430,[165904 143920  23334],663.616,575.68,933.36
3952,2025-07-22 18:26:31.898190+00:00,,True,864691135732257721,True,True,dendrite_extended,axon_fully_extended,93325860777708092,864691135732257721,[207824 186992  22677],831.296,747.968,907.08
4851,2026-02-25 05:44:19.146683+00:00,,True,864691136275166398,True,True,dendrite_clean,axon_partially_extended,89728052506249438,864691136275166398,[181328 119504  22321],725.312,478.016,892.84
3955,2025-07-22 18:26:31.952504+00:00,,True,864691135388984961,True,True,dendrite_extended,axon_fully_extended,91989267089479318,864691135388984961,[197888 189952  23749],791.552,759.808,949.96
3957,2025-07-22 18:26:31.987748+00:00,,True,864691135134565280,True,True,dendrite_extended,axon_fully_extended,92551667287070485,864691135134565280,[202000 185744  23747],808.0,742.976,949.88
3958,2025-07-22 18:26:32.003890+00:00,,True,864691135499616019,True,True,dendrite_extended,axon_fully_extended,91563068425095341,864691135499616019,[195072 160160  20233],780.288,640.64,809.32
4852,2026-02-25 05:44:19.162857+00:00,,True,864691135577574430,True,True,dendrite_clean,axon_partially_extended,90570827967759697,864691135577574430,[187936 107488  20888],751.744,429.952,835.52
3960,2025-07-22 18:26:32.039936+00:00,,True,864691135685250546,True,True,dendrite_extended,axon_fully_extended,93040881040579454,864691135685250546,[205648 160928  22158],822.592,643.712,886.32
3961,2025-07-22 18:26:32.057752+00:00,,True,864691135778116013,True,True,dendrite_extended,axon_fully_extended,87554317951005838,864691135778116013,[165520 177104  21775],662.08,708.416,871.0
4853,2026-02-25 05:44:19.177985+00:00,,True,864691136118771108,True,True,dendrite_extended,axon_partially_extended,91213973684426061,864691136118771108,[192048 180656  21639],768.192,722.624,865.56
3963,2025-07-22 18:26:32.090031+00:00,,True,864691136742921308,True,True,dendrite_extended,axon_fully_extended,90721049213342540,864691136742921308,[188864 178272  24214],755.456,713.088,968.56
3964,2025-07-22 18:26:32.106618+00:00,,True,864691135492888039,True,True,dendrite_extended,axon_fully_extended,89524230202937092,864691135492888039,[180096 173952  19945],720.384,695.808,797.8
3965,2025-07-22 18:26:32.126177+00:00,,True,864691135891690121,True,True,dendrite_extended,axon_fully_extended,90088074046228484,864691135891690121,[184192 180656  23855],736.768,722.624,954.2
3966,2025-07-22 18:26:32.145148+00:00,,True,864691135885917808,True,True,dendrite_extended,axon_fully_extended,92269504981637063,864691135885917808,[199856 180704  22947],799.424,722.816,917.88
3967,2025-07-22 18:26:32.161749+00:00,,True,864691135442598728,True,True,dendrite_extended,axon_fully_extended,91916286938502678,864691135442598728,[197376 170672  23551],789.504,682.688,942.04
3968,2025-07-22 18:26:32.177503+00:00,,True,864691135810098717,True,True,dendrite_extended,axon_fully_extended,87559403259060255,864691135810098717,[165808 214944  22023],663.232,859.776,880.92
4854,2026-02-25 05:44:19.194776+00:00,,True,864691136011686318,True,True,dendrite_clean,axon_partially_extended,89307351869365118,864691136011686318,[178320 131264  22063],713.28,525.056,882.52
4855,2026-02-25 05:44:19.210131+00:00,,True,864691136438496158,True,True,dendrite_extended,axon_partially_extended,90363226361177973,864691136438496158,[185936 133408  20157],743.744,533.632,806.28
4856,2026-02-25 05:44:19.226823+00:00,,True,864691136421279639,True,True,dendrite_clean,axon_partially_extended,90572683527737052,864691136421279639,[187824 121040  21834],751.296,484.16,873.36
3972,2025-07-22 18:26:32.254826+00:00,,True,864691136312057178,True,True,dendrite_extended,axon_fully_extended,87201718248983586,864691136312057178,[163296 171280  21461],653.184,685.12,858.44
3974,2025-07-22 18:26:32.295087+00:00,,True,864691136523889553,True,True,dendrite_extended,axon_fully_extended,89382462459285946,864691136523889553,[178896 166176  24030],715.584,664.704,961.2
4857,2026-02-25 05:44:19.243496+00:00,,True,864691134919972106,True,True,dendrite_clean,axon_partially_extended,90571721320546579,864691134919972106,[187840 114048  20544],751.36,456.192,821.76
4858,2026-02-25 05:44:19.260934+00:00,,True,864691136177731846,True,True,dendrite_clean,axon_partially_extended,91134259158791688,864691136177731846,[191792 111008  22383],767.168,444.032,895.32
3979,2025-07-22 18:26:32.390714+00:00,,True,864691135941789606,True,True,dendrite_extended,axon_fully_extended,92689518423415808,864691135941789606,[202976 164384  22930],811.904,657.536,917.2
3981,2025-07-22 18:26:32.427037+00:00,,True,864691135741641876,True,True,dendrite_extended,axon_fully_extended,88397024625699063,864691135741641876,[171824 164304  19644],687.296,657.216,785.76
3982,2025-07-22 18:26:32.446105+00:00,,True,864691135912137641,True,True,dendrite_extended,axon_fully_extended,93327716002343651,864691135912137641,[207504 200624  21252],830.016,802.496,850.08
3983,2025-07-22 18:26:32.466841+00:00,,True,864691135990520064,True,True,dendrite_extended,axon_fully_extended,90993865468868693,864691135990520064,[190512 113552  23696],762.048,454.208,947.84
5094,2026-02-25 15:21:55.645396+00:00,,True,864691137056345206,True,False,dendrite_extended,none,87903481545222522,864691137056345206,[168176 157328  21304],672.704,629.312,852.16
3986,2025-07-22 18:26:32.527421+00:00,,True,864691136007059658,True,True,dendrite_extended,axon_fully_extended,93033321898015624,864691136007059658,[205408 104592  22075],821.632,418.368,883.0
3989,2025-07-22 18:26:32.579502+00:00,,True,864691136390677264,True,True,dendrite_extended,axon_fully_extended,92554553437982837,864691136390677264,[202240 207232  23237],808.96,828.928,929.48
3991,2025-07-22 18:26:32.611775+00:00,,True,864691135566824983,True,True,dendrite_extended,axon_fully_extended,88883558923997340,864691135566824983,[175536 119296  23004],702.144,477.184,920.16
3992,2025-07-22 18:26:32.628803+00:00,,True,864691135943389556,True,True,dendrite_extended,axon_fully_extended,92471059206665397,864691135943389556,[201728 109344  22735],806.912,437.376,909.4
3993,2025-07-22 18:26:32.644631+00:00,,True,864691134990847098,True,True,dendrite_extended,axon_fully_extended,92202022119669888,864691134990847098,[199648 202176  20152],798.592,808.704,806.08
3994,2025-07-22 18:26:32.660082+00:00,,True,864691135492600167,True,True,dendrite_extended,axon_fully_extended,93047271884953546,864691135492600167,[205696 208208  21790],822.784,832.832,871.6
3995,2025-07-22 18:26:32.676448+00:00,,True,864691135566825495,True,True,dendrite_extended,axon_fully_extended,93188009306340203,864691135566825495,[206416 208272  21410],825.664,833.088,856.4
3996,2025-07-22 18:26:32.692898+00:00,,True,864691136390675216,True,True,dendrite_extended,axon_fully_extended,87827615444091119,864691136390675216,[167472 115920  22692],669.888,463.68,907.68
4859,2026-02-25 05:44:19.277102+00:00,,True,864691135701629474,True,True,dendrite_clean,axon_partially_extended,90149302965492552,864691135701629474,[184416 112704  22591],737.664,450.816,903.64
3998,2025-07-22 18:26:32.732018+00:00,,True,864691136312076122,True,True,dendrite_extended,axon_fully_extended,90934972877275944,864691136312076122,[190080 199008  23676],760.32,796.032,947.04
4860,2026-02-25 05:44:19.298175+00:00,,True,864691136138988157,True,True,dendrite_extended,axon_partially_extended,89813470950171544,864691136138988157,[181936 231632  23445],727.744,926.528,937.8
4000,2025-07-22 18:26:32.763822+00:00,,True,864691135464595518,True,True,dendrite_extended,axon_fully_extended,93115716349687539,864691135464595518,[206288 194112  20873],825.152,776.448,834.92
4001,2025-07-22 18:26:32.778146+00:00,,True,864691136445968259,True,True,dendrite_extended,axon_fully_extended,87556654547246989,864691136445968259,[165696 194752  22637],662.784,779.008,905.48
4861,2026-02-25 05:44:19.314738+00:00,,True,864691135928366606,True,True,dendrite_clean,axon_partially_extended,88249896561494434,864691135928366606,[170864 116832  22166],683.456,467.328,886.64
4862,2026-02-25 05:44:19.328850+00:00,,True,864691135102353696,True,True,dendrite_clean,axon_partially_extended,89233340993163084,864691135102353696,[178048 104048  22251],712.192,416.192,890.04
4863,2026-02-25 05:44:19.344606+00:00,,True,864691136137293195,True,True,dendrite_extended,axon_partially_extended,89655965775362211,864691136137293195,[180848 106784  22495],723.392,427.136,899.8
4864,2026-02-25 05:44:19.358696+00:00,,True,864691135164887853,True,True,dendrite_clean,axon_partially_extended,89728945658014978,864691135164887853,[181792 126416  20682],727.168,505.664,827.28
4865,2026-02-25 05:44:19.379240+00:00,,True,864691135325263004,True,True,dendrite_clean,axon_partially_extended,89588620553651755,864691135325263004,[180640 129520  21202],722.56,518.08,848.08
4866,2026-02-25 05:44:19.396040+00:00,,True,864691135015652246,True,True,dendrite_clean,axon_partially_extended,90010764299362175,864691135015652246,[183728 129008  21304],734.912,516.032,852.16
4867,2026-02-25 05:44:19.413397+00:00,,True,864691135567047191,True,True,dendrite_extended,axon_partially_extended,89376827126485917,864691135567047191,[178976 124432  21326],715.904,497.728,853.04
4868,2026-02-25 05:44:19.428801+00:00,,True,864691135214986368,True,True,dendrite_clean,axon_partially_extended,91279325839844437,864691135214986368,[192704 143360  21243],770.816,573.44,849.72
4012,2025-07-23 00:42:24.676611+00:00,,True,864691136619199963,True,True,dendrite_clean,axon_partially_extended,78750596261322508,864691136619199963,[101712 120464  15401],406.848,481.856,616.04
4050,2025-07-23 02:32:47.967793+00:00,,True,864691135885797232,False,True,none,axon_partially_extended,80365367733902709,864691135885797232,[113290  92515  24917],453.16,370.06,996.68
4051,2025-07-23 02:32:47.968626+00:00,,True,864691135976536687,False,True,none,axon_partially_extended,76637266461878575,864691135976536687,[ 86218 103420  17660],344.872,413.68,706.4
4052,2025-07-23 02:32:47.969435+00:00,,True,864691135469461644,False,True,none,axon_partially_extended,76145715776485479,864691135469461644,[ 82967 110891  15640],331.868,443.564,625.6
4053,2025-07-23 02:32:47.970268+00:00,,True,864691136725416701,False,True,none,axon_partially_extended,78539008925294510,864691136725416701,[100001 116524  14899],400.004,466.096,595.96
4054,2025-07-23 02:32:47.971091+00:00,,True,864691135646342383,False,True,none,axon_partially_extended,79664496515572583,864691135646342383,[108339 113409  15183],433.356,453.636,607.32
4055,2025-07-23 02:32:47.972047+00:00,,True,864691135465734469,False,True,none,axon_partially_extended,96761008974318986,864691135465734469,[232727  90562  15207],930.908,362.248,608.28
4056,2025-07-23 02:32:47.972794+00:00,,True,864691135656043714,False,True,none,axon_partially_extended,93664921803508767,864691135656043714,[210037  91508  16056],840.148,366.032,642.24
4057,2025-07-23 02:32:47.973534+00:00,,True,864691135448241748,False,True,none,axon_partially_extended,90780765432360831,864691135448241748,[189392  98963  16878],757.568,395.852,675.12
4058,2025-07-23 02:32:47.974325+00:00,,True,864691135493244255,False,True,none,axon_partially_extended,93245939489372621,864691135493244255,[207122 115703  18576],828.488,462.812,743.04
4061,2025-07-23 02:32:47.976578+00:00,,True,864691136680554614,False,True,none,axon_partially_extended,100138846871993459,864691136680554614,[257556  91540  20805],1030.224,366.16,832.2
4062,2025-07-23 02:32:47.977399+00:00,,True,864691136603705041,False,True,none,axon_partially_extended,107039656658925177,864691136603705041,[307355 126627  20460],1229.42,506.508,818.4
4869,2026-02-25 05:44:19.446858+00:00,,True,864691135577644574,True,True,dendrite_clean,axon_partially_extended,90994964779484105,864691135577644574,[190656 121840  22429],762.624,487.36,897.16
4064,2025-07-23 02:32:47.978968+00:00,,True,864691136484596012,False,True,none,axon_partially_extended,89168401087524026,864691136484596012,[177432 144240  22165],709.728,576.96,886.6
4065,2025-07-25 23:48:49.713396+00:00,,True,864691134884943610,True,False,dendrite_clean,none,79947346217332216,864691134884943610,[110272 123920  17664],441.088,495.68,706.56
4066,2025-07-25 23:48:49.744763+00:00,,True,864691136136757387,True,False,dendrite_clean,none,78186752954927476,864691136136757387,[ 97504 113504  15610],390.016,454.016,624.4
4067,2025-07-25 23:48:49.761805+00:00,,True,864691135493257823,True,False,dendrite_clean,none,100351601767770727,864691135493257823,[259024 103792  15973],1036.096,415.168,638.92
4069,2025-07-29 02:55:37.282704+00:00,,True,864691135442606920,True,True,dendrite_clean,axon_partially_extended,89516190158116270,864691135442606920,[179840 114080  20750],719.36,456.32,830.0
4870,2026-02-25 05:44:19.462133+00:00,,True,864691136336027827,True,True,dendrite_clean,axon_partially_extended,88603526988740876,864691136381353685,[173456 130208  22133],693.824,520.832,885.32
4074,2025-07-29 02:55:37.397117+00:00,,True,864691136034011579,True,True,dendrite_extended,axon_fully_extended,89869202244320518,864691136034011579,[182592 122624  21768],730.368,490.496,870.72
4871,2026-02-25 05:44:19.475289+00:00,,True,864691134919927050,True,True,dendrite_extended,axon_partially_extended,90233552842988398,864691134919927050,[185312 216224  21353],741.248,864.896,854.12
4077,2025-07-29 02:55:37.461739+00:00,,True,864691135741659540,False,True,none,axon_partially_extended,110711062751354443,864691135741659540,[334053 217766  14860],1336.212,871.064,594.4
4078,2025-07-29 02:55:37.482673+00:00,,True,864691135398570017,False,True,none,axon_partially_extended,95512307362214475,864691135398570017,[223489 224445  14904],893.956,897.78,596.16
4079,2025-07-29 02:55:37.499946+00:00,,True,864691135571307654,False,True,none,axon_partially_extended,102760837768297160,864691135571307654,[276195 228125  14867],1104.78,912.5,594.68
4872,2026-02-25 05:44:19.491930+00:00,,True,864691135942120449,True,True,dendrite_extended,axon_partially_extended,88828102373231043,864691135942120449,[174880 230288  23385],699.52,921.152,935.4
4085,2025-07-29 02:55:37.611994+00:00,,True,864691135014966262,True,True,dendrite_extended,axon_partially_extended,88962586187765743,864691135014966262,[175776 184000  21791],703.104,736.0,871.64
4086,2025-07-29 02:55:37.628045+00:00,,True,864691135196201514,True,True,dendrite_clean,axon_partially_extended,113790658791407488,864691135196201514,[356544  93536  25879],1426.176,374.144,1035.16
4087,2025-07-29 02:55:37.643493+00:00,,True,864691135309486662,True,True,dendrite_extended,axon_fully_extended,92054825269160958,864691135309486662,[198192 154032  22391],792.768,616.128,895.64
4088,2025-07-29 02:55:37.663605+00:00,,True,864691135760577870,True,True,dendrite_clean,axon_partially_extended,105911214936673765,864691135760577870,[299168 107328  26523],1196.672,429.312,1060.92
4089,2025-07-29 02:55:37.681343+00:00,,True,864691135857976366,True,True,dendrite_clean,axon_partially_extended,109710026939149203,864691135857976366,[327088  99376  21049],1308.352,397.504,841.96
4090,2025-07-29 02:55:37.699920+00:00,,True,864691135503466818,True,True,dendrite_clean,axon_partially_extended,108935902838947159,864691135503466818,[321296  98544  27143],1285.184,394.176,1085.72
4092,2025-07-29 02:55:37.735108+00:00,,True,864691135755707597,True,True,dendrite_clean,axon_partially_extended,98590872475653051,864691135755707597,[246112  92720  24648],984.448,370.88,985.92
4093,2025-07-29 02:55:37.752009+00:00,,True,864691136118430628,True,True,dendrite_clean,axon_partially_extended,104087605376835418,864691136118430628,[285984 152096  20033],1143.936,608.384,801.32
4094,2025-07-29 02:55:37.769978+00:00,,True,864691135134585248,True,True,dendrite_clean,axon_partially_extended,93175502025833232,864691135134585248,[206624 114896  18657],826.496,459.584,746.28
4095,2025-07-29 02:55:37.789308+00:00,,True,864691136053263859,True,True,dendrite_clean,axon_partially_extended,82843734924356185,864691136053263859,[131120 208032  19402],524.48,832.128,776.08
4096,2025-07-29 02:55:37.807162+00:00,,True,864691135470235986,True,True,dendrite_clean,axon_partially_extended,84674078254074696,864691135470235986,[144576 213456  19697],578.304,853.824,787.88
4097,2025-07-29 02:55:37.825950+00:00,,True,864691135993770945,True,True,dendrite_clean,axon_partially_extended,107608103901757522,864691135993770945,[311568 167216  18125],1246.272,668.864,725.0
4098,2025-07-29 02:55:37.843515+00:00,,True,864691135764274742,True,True,dendrite_clean,axon_partially_extended,103378007389197912,864691135764274742,[280976 108224  15156],1123.904,432.896,606.24
4100,2025-07-29 02:55:37.879062+00:00,,True,864691136814060915,True,True,dendrite_clean,axon_partially_extended,97114570682278096,864691136814060915,[235552 103488  15304],942.208,413.952,612.16
4102,2025-07-29 02:55:37.915083+00:00,,True,864691135361778503,True,True,dendrite_clean,axon_partially_extended,83181010652693431,864691135361778503,[133904  99312  23184],535.616,397.248,927.36
4103,2025-07-29 02:55:37.931782+00:00,,True,864691135996891050,True,True,dendrite_clean,axon_partially_extended,107812132229449571,864691135996891050,[313056 114704  19619],1252.224,458.816,784.76
4104,2025-07-29 02:55:37.948575+00:00,,True,864691135577349150,True,True,dendrite_clean,axon_partially_extended,93103208800942893,864691135577349150,[206032 101024  16262],824.128,404.096,650.48
4105,2025-07-29 02:55:37.966466+00:00,,True,864691136275890189,True,True,dendrite_clean,axon_partially_extended,80016684907364853,864691136275890189,[111120 115984  23104],444.48,463.936,924.16
4873,2026-02-25 05:44:19.509521+00:00,,True,864691136381294805,True,True,dendrite_extended,axon_partially_extended,90300279454589805,864691136381294805,[185808 189072  21088],743.232,756.288,843.52
4107,2025-07-29 02:55:38.000438+00:00,,True,864691135417948090,True,True,dendrite_clean,axon_partially_extended,114286743687194341,864691135417948090,[360288 119808  18040],1441.152,479.232,721.6
4874,2026-02-25 05:44:19.527289+00:00,,True,864691135977801539,True,True,dendrite_extended,axon_partially_extended,96416450524775690,864691135977801539,[230048 144848  22947],920.192,579.392,917.88
4109,2025-07-29 02:55:38.033488+00:00,,True,864691135447820946,True,True,dendrite_clean,axon_partially_extended,107533475691198607,864691135447820946,[311296 135424  27107],1245.184,541.696,1084.28
4110,2025-07-29 02:55:38.050362+00:00,,True,864691135727686463,True,True,dendrite_clean,axon_partially_extended,107108582025562738,864691135727686463,[308128 115440  18306],1232.512,461.76,732.24
4112,2025-07-29 02:55:38.085793+00:00,,True,864691136335899059,True,True,dendrite_clean,axon_partially_extended,113304055505422594,864691136335899059,[353136 138064  20605],1412.544,552.256,824.2
4113,2025-07-29 02:55:38.101469+00:00,,True,864691136675339655,True,True,dendrite_clean,axon_partially_extended,114153566012445426,864691136675339655,[358992 176160  23236],1435.968,704.64,929.44
4115,2025-07-29 02:55:38.136602+00:00,,True,864691135375655880,True,True,dendrite_extended,axon_partially_extended,91144773037179520,864691135375655880,[192016 189408  20661],768.064,757.632,826.44
4116,2025-07-29 02:55:38.156970+00:00,,True,864691135702887291,True,True,dendrite_extended,axon_partially_extended,89880747250804048,864691135702887291,[182384 208608  22961],729.536,834.432,918.44
4875,2026-02-25 05:44:19.545910+00:00,,True,864691135212492992,True,True,dendrite_extended,axon_partially_extended,91219540029456410,864691135212492992,[192144 222048  22435],768.576,888.192,897.4
4119,2025-07-29 03:15:28.064033+00:00,,True,864691135928029966,False,True,none,axon_partially_extended,100512544191989396,864691135928029966,[259619 254158  27114],1038.476,1016.632,1084.56
4120,2025-08-01 00:05:46.880729+00:00,,True,864691135866821340,False,True,none,axon_partially_extended,120216135890289736,864691135866821340,[403371 256938  24844],1613.484,1027.752,993.76
4876,2026-02-25 05:44:19.563742+00:00,,True,864691135478268840,True,True,dendrite_extended,axon_partially_extended,93883656904691127,864691135478268840,[211984 148208  23805],847.936,592.832,952.2
4877,2026-02-25 05:44:19.580390+00:00,,True,864691135573315053,True,True,dendrite_extended,axon_partially_extended,89740696890114847,864691135573315053,[181456 214096  22429],725.824,856.384,897.16
4879,2026-02-25 05:44:19.611940+00:00,,True,864691135778542509,True,True,dendrite_extended,axon_partially_extended,90579898938462137,864691135778542509,[187552 174880  20710],750.208,699.52,828.4
4880,2026-02-25 05:44:19.625244+00:00,,True,864691135778618029,True,True,dendrite_extended,axon_partially_extended,91419101322898200,864691135778618029,[193872 136256  21970],775.488,545.024,878.8
4881,2026-02-25 05:44:19.643350+00:00,,True,864691135656579010,True,True,dendrite_extended,axon_fully_extended,90652123041674381,864691135656579010,[188448 188784  20445],753.792,755.136,817.8
4882,2026-02-25 05:44:19.658055+00:00,,True,864691136953976287,True,True,dendrite_extended,axon_fully_extended,92060872314208771,864691136953976287,[198416 198976  19972],793.664,795.904,798.88
4883,2026-02-25 05:44:19.673020+00:00,,True,864691135765006134,True,True,dendrite_extended,axon_partially_extended,88887956634402694,864691135765006134,[175280 151904  19981],701.12,607.616,799.24
4884,2026-02-25 05:44:19.689390+00:00,,True,864691135115269785,True,True,dendrite_extended,axon_partially_extended,90098588059097277,864691135115269785,[184192 258896  23434],736.768,1035.584,937.36
4885,2026-02-25 05:44:19.704306+00:00,,True,864691135751110185,True,True,dendrite_clean,axon_partially_extended,89521962661190141,864691135751110185,[180016 157312  21177],720.064,629.248,847.08
4886,2026-02-25 05:44:19.721152+00:00,,True,864691136111402424,True,True,dendrite_extended,axon_partially_extended,91994489568355075,864691136111402424,[197936 228688  22200],791.744,914.752,888.0
4136,2025-08-16 00:58:47.884435+00:00,,True,864691136137064075,True,True,dendrite_extended,axon_fully_extended,90018254520792548,864691136137064075,[183408 184992  19611],733.632,739.968,784.44
4887,2026-02-25 05:44:19.739147+00:00,,True,864691135325309084,True,True,dendrite_extended,axon_partially_extended,91008915034465390,864691135325309084,[190896 225568  23837],763.584,902.272,953.48
4152,2025-10-07 23:17:42.534365+00:00,,True,864691135465900101,True,True,dendrite_extended,axon_partially_extended,87263703283587453,864691135465900101,[163792 108864  21526],655.168,435.456,861.04
4888,2026-02-25 05:44:19.754853+00:00,,True,864691136954028511,True,True,dendrite_extended,axon_partially_extended,92618118282955590,864691136954028511,[202720 156704  18175],810.88,626.816,727.0
4156,2025-10-07 23:17:42.537228+00:00,,True,864691136239793212,True,True,dendrite_extended,axon_partially_extended,91498816184312819,864691136239793212,[194272 205680  23973],777.088,822.72,958.92
4157,2025-10-07 23:17:42.537895+00:00,,True,864691135106309709,True,True,dendrite_extended,axon_partially_extended,88615621817909239,864691135106309709,[173408 220304  23610],693.632,881.216,944.4
4159,2025-10-07 23:17:42.539272+00:00,,True,864691135480585158,True,True,dendrite_extended,axon_partially_extended,87263840722871519,864691135480585158,[163504 109824  21821],654.016,439.296,872.84
4163,2025-10-07 23:17:42.542049+00:00,,True,864691136314078013,True,True,dendrite_extended,axon_partially_extended,88529859777014481,864691136314078013,[172784 105264  22835],691.136,421.056,913.4
4164,2025-10-07 23:17:42.542709+00:00,,True,864691135954480163,True,True,dendrite_extended,axon_fully_extended,92266000019431735,864691135954480163,[199840 154496  20513],799.36,617.984,820.52
4165,2025-10-07 23:17:42.543376+00:00,,True,864691135409760457,True,True,dendrite_extended,axon_partially_extended,88389328514092381,864691135409760457,[171856 107072  23252],687.424,428.288,930.08
4166,2025-10-07 23:17:42.544022+00:00,,True,864691136523971473,True,True,dendrite_extended,axon_partially_extended,86630247147119171,864691136523971473,[159024 107872  21597],636.096,431.488,863.88
4170,2025-10-07 23:17:42.546829+00:00,,True,864691136314126653,True,True,dendrite_extended,axon_partially_extended,92330459090183713,864691136314126653,[200464 110352  22266],801.856,441.408,890.64
4171,2025-10-07 23:17:42.547625+00:00,,True,864691135742733163,True,True,dendrite_extended,axon_partially_extended,86487791738982621,864691135742733163,[157760  94928  22128],631.04,379.712,885.12
4172,2025-10-07 23:17:42.548292+00:00,,True,864691135592678411,True,True,dendrite_extended,axon_partially_extended,92260708687359479,864691135592678411,[199984 115392  21476],799.936,461.568,859.04
4173,2025-10-07 23:17:42.548946+00:00,,True,864691135015425942,True,True,dendrite_extended,axon_partially_extended,89313742445431551,864691135015425942,[178656 178848  19695],714.624,715.392,787.8
4175,2025-10-07 23:17:42.550256+00:00,,True,864691135431579440,True,True,dendrite_extended,axon_partially_extended,91345571616834652,864691135431579440,[193568 112416  22884],774.272,449.664,915.36
4176,2025-10-07 23:17:42.550897+00:00,,True,864691135592789259,True,True,dendrite_extended,axon_partially_extended,90992834676864781,864691135592789259,[190800 106000  23794],763.2,424.0,951.76
4177,2025-10-07 23:17:42.551556+00:00,,True,864691136314114621,True,True,dendrite_extended,axon_partially_extended,90640922169104624,864691136314114621,[188128 105440  23058],752.512,421.76,922.32
4184,2025-10-07 23:17:42.556320+00:00,,True,864691135875763086,True,True,dendrite_extended,axon_partially_extended,87896403707466308,864691135875763086,[168480 104288  23260],673.92,417.152,930.4
4185,2025-10-07 23:17:42.556951+00:00,,True,864691135115194009,True,True,dendrite_extended,axon_partially_extended,90442460387732827,864691135115194009,[186768 199680  23845],747.072,798.72,953.8
4186,2025-10-07 23:17:42.557604+00:00,,True,864691136314178365,True,True,dendrite_extended,axon_partially_extended,92609460098360374,864691136314178365,[202768  92064  21537],811.072,368.256,861.48
4187,2025-10-07 23:17:42.558248+00:00,,True,864691135464678206,True,True,dendrite_extended,axon_partially_extended,91147178554225061,864691135464678206,[191920 207200  23062],767.68,828.8,922.48
4188,2025-10-07 23:17:42.558872+00:00,,True,864691135703016059,True,True,dendrite_extended,axon_fully_extended,92337606050129088,864691135703016059,[200432 163792  23404],801.728,655.168,936.16
4190,2025-10-07 23:17:42.560160+00:00,,True,864691135119630813,True,True,dendrite_extended,axon_partially_extended,91697414934954259,864691135119630813,[196080 112832  19708],784.32,451.328,788.32
4191,2025-10-07 23:17:42.560790+00:00,,True,864691135456493418,True,True,dendrite_extended,axon_partially_extended,91568841330956662,864691135456493418,[194896 203376  23880],779.584,813.504,955.2
4193,2025-10-07 23:17:42.562216+00:00,,True,864691135742677867,True,True,dendrite_extended,axon_partially_extended,89234646327622894,864691135742677867,[177904 113744  19669],711.616,454.976,786.76
4198,2025-10-07 23:17:42.565395+00:00,,True,864691135742824555,True,True,dendrite_extended,axon_partially_extended,89381843447119068,864691135742824555,[178880 161584  19940],715.52,646.336,797.6
4200,2025-10-07 23:17:42.566641+00:00,,True,864691135839843475,True,True,dendrite_extended,axon_partially_extended,89452006569200425,864691135839843475,[179280 160080  23569],717.12,640.32,942.76
4202,2025-10-07 23:17:42.567898+00:00,,True,864691136145572404,True,True,dendrite_extended,axon_partially_extended,89447470480229938,864691136145572404,[179376 126528  19341],717.504,506.112,773.64
4203,2025-10-07 23:17:42.568574+00:00,,True,864691135659824514,True,True,dendrite_extended,axon_partially_extended,90721598969191565,864691135659824514,[188736 182336  24235],754.944,729.344,969.4
4204,2025-10-07 23:17:42.569391+00:00,,True,864691135742826603,True,True,dendrite_extended,axon_partially_extended,92338842665240245,864691135742826603,[200352 172784  20928],801.408,691.136,837.12
4205,2025-10-07 23:17:42.570037+00:00,,True,864691136314250813,True,True,dendrite_extended,axon_partially_extended,88328580563694327,864691136314250813,[171376 178880  23698],685.504,715.52,947.92
4206,2025-10-07 23:17:42.570682+00:00,,True,864691135528046939,True,True,dendrite_extended,axon_fully_extended,91985624957099186,864691135528046939,[197808 162640  23665],791.232,650.56,946.6
4207,2025-10-17 23:26:24.615764+00:00,,True,864691135511324169,True,True,dendrite_extended,axon_partially_extended,91629932543246755,864691135511324169,[195408 133840  20949],781.632,535.36,837.96
4210,2025-10-17 23:26:24.618945+00:00,,True,864691136025992761,True,True,dendrite_extended,axon_partially_extended,87132723894073419,864691136025992761,[162448 181600  21210],649.792,726.4,848.4
4212,2025-10-17 23:26:24.620534+00:00,,True,864691135616235979,True,True,dendrite_extended,axon_partially_extended,91492562443439832,864691135616235979,[194304 159264  21916],777.216,637.056,876.64
4214,2025-10-17 23:26:24.622016+00:00,,True,864691135325165724,True,True,dendrite_extended,axon_partially_extended,92475869368894712,864691135325165724,[201488 145216  21358],805.952,580.864,854.32
4215,2025-10-17 23:26:24.622747+00:00,,True,864691135566902039,True,True,dendrite_extended,axon_partially_extended,86985114524918998,864691135566902039,[161712 130416  21536],646.848,521.664,861.44
4218,2025-10-17 23:27:50.574884+00:00,,True,864691135939776309,True,True,dendrite_extended,axon_fully_extended,90714589381406150,864691135939776309,[188576 130240  22845],754.304,520.96,913.8
4219,2025-10-29 18:05:33.428876+00:00,,True,864691135447979922,True,True,dendrite_extended,axon_fully_extended,91486308903591898,864691135447979922,[194432 112416  21103],777.728,449.664,844.12
4220,2025-10-29 18:06:44.038354+00:00,,True,864691135866751870,True,True,dendrite_extended,axon_fully_extended,89667235500834329,864691135866751870,[181072 190672  20169],724.288,762.688,806.76
4225,2025-10-29 18:15:41.126516+00:00,,True,864691136177629702,True,True,dendrite_clean,axon_partially_extended,90994689767351820,864691136177629702,[190944 119728  21397],763.776,478.912,855.88
4226,2025-10-29 18:15:41.150439+00:00,,True,864691135464671550,True,True,dendrite_clean,axon_partially_extended,88601327898256679,864691135464671550,[173360 113488  21523],693.44,453.952,860.92
4227,2025-10-29 18:15:41.172139+00:00,,True,864691136111251896,True,True,dendrite_clean,axon_partially_extended,89728877140222276,864691136111251896,[181376 125680  22521],725.504,502.72,900.84
4229,2025-10-29 18:15:41.214831+00:00,,True,864691136603811281,True,True,dendrite_clean,axon_partially_extended,89797390323831708,864691136603811281,[182080 112288  21095],728.32,449.152,843.8
4233,2025-10-29 18:15:41.298014+00:00,,True,864691135477104960,False,True,none,axon_fully_extended,103535649868532306,864691135477104960,[281908 233925  14894],1127.632,935.7,595.76
4235,2025-10-29 18:15:41.343827+00:00,,True,864691135493051879,True,True,dendrite_clean,axon_partially_extended,89870370542667010,864691135493051879,[182368 131488  22376],729.472,525.952,895.04
4237,2025-10-29 18:15:41.388148+00:00,,True,864691135375745736,True,True,dendrite_clean,axon_partially_extended,88529516112574765,864691135375745736,[172640 102976  22379],690.56,411.904,895.16
4240,2025-10-29 18:15:41.452277+00:00,,True,864691135977654851,True,True,dendrite_extended,axon_partially_extended,90720842652149836,864691135977654851,[188960 176800  21049],755.84,707.2,841.96
4241,2025-10-29 18:15:41.472370+00:00,,True,864691135447994514,True,True,dendrite_clean,axon_partially_extended,89587589895595217,864691135447994514,[180768 121968  22131],723.072,487.872,885.24
4242,2025-10-29 18:15:41.493279+00:00,,True,864691135540272498,True,True,dendrite_extended,axon_partially_extended,90571584016011523,864691135540272498,[187568 113216  21732],750.272,452.864,869.28
4890,2026-02-25 05:44:19.784501+00:00,,True,864691135920776624,True,True,dendrite_extended,axon_partially_extended,91144635799441694,864691135920776624,[191904 188112  22101],767.616,752.448,884.04
4245,2025-10-29 18:15:41.558843+00:00,,True,864691135465932357,True,True,dendrite_clean,axon_partially_extended,89307489040220487,864691135465932357,[178720 132192  20263],714.88,528.768,810.52
4248,2025-10-29 18:15:41.624352+00:00,,True,864691135431591728,True,True,dendrite_extended,axon_partially_extended,90447614214204483,864691135431591728,[186880 237824  22771],747.52,951.296,910.84
4252,2025-10-29 18:15:41.719550+00:00,,True,864691135779629245,True,True,dendrite_extended,axon_partially_extended,89938540263655019,864691135779629245,[183328 115392  22480],733.312,461.568,899.2
4257,2025-10-29 18:15:41.828151+00:00,,True,864691135702946683,True,True,dendrite_extended,axon_partially_extended,91363438613853756,864691135702946683,[193344 245712  22517],773.376,982.848,900.68
4262,2025-10-29 18:15:41.937866+00:00,,True,864691135698211994,True,True,dendrite_extended,axon_fully_extended,89660913577302088,864691135698211994,[181147 143788  22167],724.588,575.152,886.68
4264,2025-10-29 18:15:41.985311+00:00,,True,864691135570135020,True,True,dendrite_extended,axon_partially_extended,88331054129432794,864691135570135020,[171440 196976  21279],685.76,787.904,851.16
4265,2025-10-29 18:15:42.009389+00:00,,True,864691135277186789,True,True,dendrite_clean,axon_partially_extended,88111976370229530,864691135277186789,[169728 137648  20522],678.912,550.592,820.88
4266,2025-10-29 18:15:42.029042+00:00,,True,864691135742664043,True,True,dendrite_extended,axon_partially_extended,89377308296970511,864691135742664043,[179216 127792  22302],716.864,511.168,892.08
4267,2025-10-29 18:15:42.050636+00:00,,True,864691135573191405,True,True,dendrite_extended,axon_partially_extended,88038652823071807,864691135573191405,[169472 115888  21788],677.888,463.552,871.52
4268,2025-10-29 18:15:42.072233+00:00,,True,864691136138779517,True,True,dendrite_extended,axon_fully_extended,88953240204708144,864691136138779517,[176112 114336  20769],704.448,457.344,830.76
4271,2025-10-29 18:15:42.191174+00:00,,True,864691135562798817,True,True,dendrite_extended,axon_fully_extended,89941082884044534,864691135562798817,[183160 134087  22234],732.64,536.348,889.36
4273,2025-10-29 18:15:42.248766+00:00,,True,864691135362104647,True,True,dendrite_extended,axon_partially_extended,89596660665540389,864691135362104647,[180336 189568  20921],721.344,758.272,836.84
4891,2026-02-25 05:44:19.797868+00:00,,True,864691135520105354,True,True,dendrite_clean,axon_partially_extended,88887475732370468,864691135520105354,[175312 148544  21082],701.248,594.176,843.28
4274,2025-10-29 18:15:42.271600+00:00,,True,864691135646778863,True,True,dendrite_extended,axon_partially_extended,90519632225831700,864691135646778863,[187248 250144  22787],748.992,1000.576,911.48
4275,2025-10-29 18:15:42.295438+00:00,,True,864691135717163802,True,True,dendrite_clean,axon_partially_extended,88391252391222587,864691135717163802,[172016 121168  21400],688.064,484.672,856.0
4276,2025-10-29 18:15:42.318697+00:00,,True,864691136022520056,True,True,dendrite_clean,axon_partially_extended,89950566104965703,864691136022520056,[183168 204576  21936],732.672,818.304,877.44
4279,2025-10-29 18:15:42.384612+00:00,,True,864691135340055782,True,True,dendrite_extended,axon_partially_extended,89455236183519285,864691135340055782,[179680 184112  22243],718.72,736.448,889.72
4280,2025-10-29 18:15:42.408716+00:00,,True,864691135867984005,True,True,dendrite_clean,axon_partially_extended,90154731535731595,864691135867984005,[184864 153120  20561],739.456,612.48,822.44
4281,2025-10-29 18:15:42.433141+00:00,,True,864691135994134977,True,True,dendrite_extended,axon_partially_extended,89664555508456413,864691135994134977,[180912 170736  20810],723.648,682.944,832.4
4283,2025-10-29 18:15:42.481547+00:00,,True,864691135196385578,True,True,dendrite_clean,axon_partially_extended,89379919502953833,864691135196385578,[178816 147440  21340],715.264,589.76,853.6
4284,2025-10-29 18:15:42.504501+00:00,,True,864691135994077377,True,True,dendrite_extended,axon_partially_extended,90236576700876324,864691135994077377,[185136 238336  22536],740.544,953.344,901.44
4285,2025-10-29 18:15:42.532089+00:00,,True,864691135387513685,True,True,dendrite_clean,axon_partially_extended,88957775824433915,864691135387513685,[175872 148112  21814],703.488,592.448,872.56
4286,2025-10-29 18:15:42.554727+00:00,,True,864691135646775791,True,True,dendrite_clean,axon_partially_extended,90081888957765952,864691135646775791,[184048 134544  21291],736.192,538.176,851.64
4289,2025-10-29 18:15:42.626809+00:00,,True,864691134919869706,True,True,dendrite_extended,axon_partially_extended,91984662347789343,864691134919869706,[198128 155392  19801],792.512,621.568,792.04
4290,2025-10-29 18:15:42.650251+00:00,,True,864691136229186129,True,True,dendrite_extended,axon_fully_extended,89094527515872019,864691136229186129,[176848 118336  21168],707.392,473.344,846.72
4291,2025-10-29 18:15:42.672522+00:00,,True,864691135210061689,True,True,dendrite_extended,axon_partially_extended,90027051150590433,864691135210061689,[183808 250528  23624],735.232,1002.112,944.96
4294,2025-10-29 18:15:42.742369+00:00,,True,864691135778954848,True,True,dendrite_clean,axon_partially_extended,89170256379033022,864691135778954848,[177408 157968  21002],709.632,631.872,840.08
4296,2025-10-29 18:15:42.830254+00:00,,True,864691135499707667,True,True,dendrite_extended,axon_partially_extended,90858556685100080,864691135499707667,[189520 154144  22784],758.08,616.576,911.36
4302,2025-10-29 18:15:42.988593+00:00,,True,864691135742756203,True,True,dendrite_clean,axon_partially_extended,88464026384178323,864691135742756203,[172304 139008  21894],689.216,556.032,875.76
4304,2025-10-29 18:15:43.035696+00:00,,True,864691135592830731,True,True,dendrite_extended,axon_partially_extended,92407562343100153,864691135592830731,[200912 160832  22294],803.648,643.328,891.76
4305,2025-10-29 18:15:43.062503+00:00,,True,864691135990701056,True,True,dendrite_clean,axon_partially_extended,89310787642426168,864691135990701056,[178416 156640  20968],713.664,626.56,838.72
4307,2025-10-29 18:15:43.111366+00:00,,True,864691135727799359,True,True,dendrite_clean,axon_partially_extended,88256768509561483,864691135727799359,[171040 168096  22526],684.16,672.384,901.04
4308,2025-10-29 18:15:43.134572+00:00,,True,864691136053465587,True,True,dendrite_clean,axon_partially_extended,90926932296047772,864691136053465587,[190432 139120  20760],761.728,556.48,830.4
4309,2025-10-29 18:15:43.228923+00:00,,True,864691135764631862,True,True,dendrite_extended,axon_partially_extended,90786538472268843,864691135764631862,[189072 142016  21337],756.288,568.064,853.48
4310,2025-10-29 18:15:43.256071+00:00,,True,864691136091532855,True,True,dendrite_extended,axon_partially_extended,90433114203028288,864691136091532855,[186848 130128  21012],747.392,520.512,840.48
4312,2025-10-29 18:15:43.302797+00:00,,True,864691135469637516,True,True,dendrite_clean,axon_partially_extended,91278226462236139,864691135102434592,[192912 134880  22119],771.648,539.52,884.76
4315,2025-10-29 18:15:43.377557+00:00,,True,864691136390788215,True,True,dendrite_extended,axon_partially_extended,87478726124257274,864691136390788215,[164960 138320  18943],659.84,553.28,757.72
4316,2025-10-29 18:15:43.400728+00:00,,True,864691136620636045,True,True,dendrite_clean,axon_partially_extended,89729495413849922,864691136620636045,[181440 130432  20695],725.76,521.728,827.8
4317,2025-10-29 18:15:43.426947+00:00,,True,864691135774053371,True,True,dendrite_clean,axon_partially_extended,88884727087844075,864691135774053371,[175328 127936  22400],701.312,511.744,896.0
4318,2025-10-29 18:15:43.455150+00:00,,True,864691135939477508,True,True,dendrite_clean,axon_partially_extended,89236364649948938,864691135939477508,[178192 126320  22102],712.768,505.28,884.08
4322,2025-10-29 18:15:43.603160+00:00,,True,864691135060727707,True,True,dendrite_clean,axon_partially_extended,89163453285353743,864691135060727707,[177232 107696  22292],708.928,430.784,891.68
4323,2025-10-29 18:15:43.640469+00:00,,True,864691135448698196,True,True,dendrite_extended,axon_partially_extended,90509599048261937,864691135448698196,[187344 175424  21966],749.376,701.696,878.64
4324,2025-10-29 18:15:43.664560+00:00,,True,864691135343818161,True,True,dendrite_clean,axon_partially_extended,90291620666751536,864691135343818161,[185872 124320  20463],743.488,497.28,818.52
4326,2025-10-29 18:15:43.721618+00:00,,True,864691135387535957,True,True,dendrite_clean,axon_partially_extended,90504857404304935,864691135387535957,[187392 140192  21954],749.568,560.768,878.16
4328,2025-10-29 18:15:43.765187+00:00,,True,864691135866910428,True,True,dendrite_extended,axon_partially_extended,90025264444461196,864691135866910428,[183360 236832  23859],733.44,947.328,954.36
4329,2025-10-29 18:15:43.789775+00:00,,True,864691136118686884,True,True,dendrite_clean,axon_partially_extended,90506850134886584,864691136118686884,[187088 154912  20886],748.352,619.648,835.44
4330,2025-10-29 18:15:43.818634+00:00,,True,864691135546902056,True,True,dendrite_extended,axon_fully_extended,89025052393080867,864691135546902056,[176304 124640  23045],705.216,498.56,921.8
4332,2025-10-29 18:15:43.863368+00:00,,True,864691136177632518,True,True,dendrite_extended,axon_partially_extended,89882533822646469,864691136177632518,[182384 221984  21630],729.536,887.936,865.2
4334,2025-10-29 18:15:43.927646+00:00,,True,864691135518173395,True,True,dendrite_clean,axon_partially_extended,89523268264453192,864691135518173395,[179920 167104  20924],719.68,668.416,836.96
4335,2025-10-29 18:15:43.951734+00:00,,True,864691135891796617,True,True,dendrite_extended,axon_fully_extended,87617952320375226,864691135891796617,[166192 126896  22558],664.768,507.584,902.32
4336,2025-10-29 18:15:43.982868+00:00,,True,864691135465955397,True,True,dendrite_extended,axon_fully_extended,89450563124843868,864691135465955397,[179456 149584  21162],717.824,598.336,846.48
4337,2025-10-29 18:15:44.019870+00:00,,True,864691136011600302,True,True,dendrite_extended,axon_fully_extended,87557204302938390,864691136011600302,[165600 198736  22538],662.4,794.944,901.52
4339,2025-10-29 18:15:44.134126+00:00,,True,864691136138695549,True,True,dendrite_extended,axon_fully_extended,87908704493685863,864691136138695549,[168400 196272  23141],673.6,785.088,925.64
4340,2025-10-29 18:15:44.163808+00:00,,True,864691135274708753,True,True,dendrite_extended,axon_fully_extended,88533020939800518,864691135274708753,[172992 129088  23134],691.968,516.352,925.36
4341,2025-10-29 18:15:44.185696+00:00,,True,864691135294361782,True,True,dendrite_clean,axon_partially_extended,89026220288670277,864691135294361782,[176272 133792  20486],705.088,535.168,819.44
4342,2025-10-29 18:15:44.216421+00:00,,True,864691135764583990,True,True,dendrite_extended,axon_fully_extended,90924527114284243,864691135764583990,[190027 121508  20685],760.108,486.032,827.4
4343,2025-10-29 18:15:44.260411+00:00,,True,864691136138756221,True,True,dendrite_extended,axon_partially_extended,91699408269373020,864691136138756221,[195648 127584  23133],782.592,510.336,925.32
4344,2025-10-29 18:15:44.288935+00:00,,True,864691135511316745,True,True,dendrite_clean,axon_partially_extended,89305496443724604,864691135511316745,[178272 117216  22234],713.088,468.864,889.36
4345,2025-10-29 18:15:44.313700+00:00,,True,864691135764644150,True,True,dendrite_extended,axon_partially_extended,91696934435216136,864691135764644150,[195664 108912  23581],782.656,435.648,943.24
4346,2025-10-29 18:15:44.338219+00:00,,True,864691135941956865,True,True,dendrite_extended,axon_fully_extended,90303784617586571,864691135941956865,[185616 214784  24630],742.464,859.136,985.2
4349,2025-10-29 18:15:44.414683+00:00,,True,864691135686399415,True,True,dendrite_extended,axon_partially_extended,92049190003350794,864691135686399415,[198688 112048  20090],794.752,448.192,803.6
4350,2025-10-29 18:15:44.439864+00:00,,True,864691135587622268,True,True,dendrite_extended,axon_partially_extended,92548162191205435,864691135587622268,[202192 159696  20760],808.768,638.784,830.4
4892,2026-02-25 05:44:19.813872+00:00,,True,864691137056393846,True,True,dendrite_clean,axon_partially_extended,89169225520073388,864691137056393846,[177360 150528  20753],709.44,602.112,830.12
4354,2025-10-29 18:15:44.557638+00:00,,True,864691135339982310,True,True,dendrite_extended,axon_fully_extended,91354779691313295,864691135339982310,[193520 181024  20425],774.08,724.096,817.0
4355,2025-10-29 18:15:44.582488+00:00,,True,864691136138583677,True,True,dendrite_extended,axon_partially_extended,89165583387831328,864691136138583677,[177376 123408  20764],709.504,493.632,830.56
4356,2025-10-29 18:15:44.610925+00:00,,True,864691135742609771,True,True,dendrite_extended,axon_fully_extended,90793272913857427,864691135742609771,[189280 191920  20838],757.12,767.68,833.52
4357,2025-10-29 18:15:44.638246+00:00,,True,864691135562780385,True,True,dendrite_extended,axon_fully_extended,89867484324205391,864691135562780385,[182608 110144  22029],730.432,440.576,881.16
4358,2025-10-29 18:15:44.662586+00:00,,True,864691135756844242,True,True,dendrite_extended,axon_fully_extended,91146353920730090,864691135756844242,[191536 200928  23247],766.144,803.712,929.88
4359,2025-10-29 18:15:44.685914+00:00,,True,864691135447888274,True,True,dendrite_extended,axon_fully_extended,90865772297465767,864691135447888274,[189936 207872  23495],759.744,831.488,939.8
4360,2025-10-29 18:15:44.708999+00:00,,True,864691135060651419,True,True,dendrite_extended,axon_fully_extended,89305839907142592,864691135060651419,[178448 119968  21422],713.792,479.872,856.88
4361,2025-10-29 18:15:44.732012+00:00,,True,864691135492665959,True,True,dendrite_extended,axon_partially_extended,89021959681198257,864691135492665959,[176480 101824  20540],705.92,407.296,821.6
4362,2025-10-29 18:15:44.758551+00:00,,True,864691135875777166,True,True,dendrite_extended,axon_partially_extended,90791348969779331,864691135875777166,[189456 177392  22310],757.824,709.568,892.4
4363,2025-10-29 18:15:44.782654+00:00,,True,864691135990564864,True,True,dendrite_extended,axon_partially_extended,88176641599308314,864691135990564864,[170240  95424  22188],680.96,381.696,887.52
4364,2025-10-29 18:15:44.808423+00:00,,True,864691136968306126,True,False,dendrite_extended,none,90725171845400214,864691136968306126,[188752 208832  20434],755.008,835.328,817.36
4365,2025-10-29 18:15:44.832794+00:00,,True,864691135727790911,True,True,dendrite_extended,axon_partially_extended,90505063495624451,864691135727790911,[186944 141984  21399],747.776,567.936,855.96
4367,2025-10-29 18:15:44.875562+00:00,,True,864691136619344859,True,True,dendrite_extended,axon_fully_extended,87478520435131567,864691136619344859,[165248 136752  22163],660.992,547.008,886.52
4368,2025-10-29 18:15:44.905499+00:00,,True,864691135866640766,False,True,none,axon_partially_extended,108316876181877129,864691135866640766,[316540 205472  14865],1266.16,821.888,594.6
4369,2025-10-29 18:15:44.930061+00:00,,True,864691136484824108,True,True,dendrite_clean,axon_partially_extended,107739702840382745,864691136484824108,[312752  99376  26692],1251.008,397.504,1067.68
4370,2025-10-29 18:15:44.956063+00:00,,True,864691135867965317,True,True,dendrite_extended,axon_partially_extended,90017498740738953,864691135867965317,[183792 179168  20589],735.168,716.672,823.56
4371,2025-10-29 18:15:44.979663+00:00,,True,864691136118667428,True,True,dendrite_extended,axon_partially_extended,90501971186083575,864691136118667428,[187280 118848  21755],749.12,475.392,870.2
4372,2025-10-29 18:15:45.002556+00:00,,True,864691135595810859,True,True,dendrite_extended,axon_fully_extended,87625648835152958,864691135595810859,[166272 184352  22479],665.088,737.408,899.16
4374,2025-10-29 18:15:45.046420+00:00,,True,864691136145537844,True,True,dendrite_clean,axon_partially_extended,100633146202351882,864691136145537844,[260960 104256  21765],1043.84,417.024,870.6
4375,2025-10-29 18:15:45.070782+00:00,,True,864691136011549614,True,True,dendrite_extended,axon_fully_extended,90992422293134112,864691136011549614,[190544 102608  23513],762.176,410.432,940.52
4377,2025-10-29 18:15:45.112115+00:00,,True,864691136312150874,True,True,dendrite_clean,axon_partially_extended,88742958807397049,864691136312150874,[174368 120240  22427],697.472,480.96,897.08
4379,2025-10-29 18:15:45.155734+00:00,,True,864691136298913563,True,True,dendrite_extended,axon_fully_extended,87056445140994052,864691136298913563,[162208 137792  20451],648.832,551.168,818.04
4380,2025-10-29 18:15:45.178002+00:00,,True,864691135742793835,True,True,dendrite_extended,axon_fully_extended,91287915573286477,864691135742793835,[192912 207152  19902],771.648,828.608,796.08
4381,2025-10-29 18:15:45.201935+00:00,,True,864691136390905207,True,True,dendrite_extended,axon_fully_extended,91356223202454120,864691136390905207,[193168 192000  23066],772.672,768.0,922.64
4384,2025-10-29 18:15:45.270008+00:00,,True,864691135720572977,True,True,dendrite_extended,axon_fully_extended,90932430256736676,864691135720572977,[190352 180016  23742],761.408,720.064,949.68
4385,2025-10-29 18:15:45.290974+00:00,,True,864691136814345075,True,True,dendrite_extended,axon_fully_extended,92898219205853542,864691136814345075,[204672 146576  20892],818.688,586.304,835.68
4389,2025-10-29 18:15:45.382065+00:00,,True,864691137056216950,True,True,dendrite_extended,axon_fully_extended,90648893159013727,864691137056216950,[188144 164560  19802],752.576,658.24,792.08
4390,2025-10-29 18:15:45.402107+00:00,,True,864691135271967397,True,True,dendrite_extended,axon_fully_extended,92342897114131858,864691135271967397,[200656 203440  20727],802.624,813.76,829.08
4393,2025-10-29 18:15:45.471694+00:00,,True,864691135994158785,True,True,dendrite_extended,axon_fully_extended,91988167175286970,864691135994158785,[197680 181600  20790],790.72,726.4,831.6
4394,2025-10-29 18:15:45.494279+00:00,,True,864691136484876588,True,True,dendrite_extended,axon_fully_extended,87698010578027379,864691136484876588,[166720 198880  23164],666.88,795.52,926.56
4395,2025-10-29 18:15:45.521361+00:00,,True,864691134966495519,True,True,dendrite_clean,axon_partially_extended,89518320461596830,864691134966495519,[179760 129744  20501],719.04,518.976,820.04
4396,2025-10-29 18:15:45.549319+00:00,,True,864691135732318393,True,True,dendrite_clean,axon_partially_extended,88530752996020251,864691135732318393,[172624 111984  21833],690.496,447.936,873.32
4893,2026-02-25 05:44:19.831627+00:00,,True,864691135325487004,True,True,dendrite_extended,axon_partially_extended,89591712930219679,864691135325487004,[180368 152672  21321],721.472,610.688,852.84
4397,2025-10-29 18:15:45.574264+00:00,,True,864691135990672896,True,True,dendrite_extended,axon_fully_extended,91850866063376575,864691135990672896,[196800 207152  23786],787.2,828.608,951.44
4398,2025-10-29 18:15:45.600604+00:00,,True,864691136390828919,True,True,dendrite_extended,axon_fully_extended,93607129461875675,864691136390828919,[209584 185536  21726],838.336,742.144,869.04
4399,2025-10-29 18:15:45.628832+00:00,,True,864691136041321982,True,True,dendrite_extended,axon_fully_extended,91358078225916337,864691136041321982,[193104 205568  20188],772.416,822.272,807.52
4400,2025-10-29 18:15:45.651228+00:00,,True,864691135466025285,True,True,dendrite_extended,axon_fully_extended,89668128787009835,864691135466025285,[181264 197504  19769],725.056,790.016,790.76
4403,2025-10-29 18:15:45.734405+00:00,,True,864691135309628742,True,True,dendrite_extended,axon_fully_extended,91214592092442360,864691135309628742,[192240 185440  20997],768.96,741.76,839.88
4406,2025-10-29 18:15:45.810723+00:00,,True,864691136013367715,True,True,dendrite_extended,axon_partially_extended,92757962552607747,864691136013367715,[203744 149856  19437],814.976,599.424,777.48
4407,2025-10-29 18:15:45.834367+00:00,,True,864691135742668395,True,True,dendrite_extended,axon_fully_extended,93117847123185394,864691135742668395,[206014 209727  24421],824.056,838.908,976.84
4408,2025-10-29 18:15:45.855724+00:00,,True,864691135431616048,True,True,dendrite_extended,axon_fully_extended,88754572197488214,864691135431616048,[174592 206608  20768],698.368,826.432,830.72
4409,2025-10-29 18:15:45.884323+00:00,,True,864691136953873631,True,True,dendrite_extended,axon_interareal,87484017859149629,864691136953873631,[164935 177785  21218],659.74,711.14,848.72
4414,2025-10-29 18:15:46.013765+00:00,,True,864691135215023416,True,True,dendrite_clean,axon_partially_extended,90015643381895624,864691135215023416,[183776 165504  21045],735.104,662.016,841.8
4416,2025-10-29 18:15:46.059360+00:00,,True,864691136392622207,True,True,dendrite_extended,axon_partially_extended,88124689943682269,864691136392622207,[169968 232176  24558],679.872,928.704,982.32
4417,2025-10-29 18:15:46.080972+00:00,,True,864691135470556242,True,True,dendrite_extended,axon_partially_extended,88532745726627869,864691135470556242,[172624 126960  20812],690.496,507.84,832.48
4418,2025-10-29 18:15:46.099527+00:00,,True,864691136905941426,True,True,dendrite_extended,axon_fully_extended,89023678003715706,864691136905941426,[176288 114544  23150],705.152,458.176,926.0
4420,2025-10-29 18:15:46.139371+00:00,,True,864691136034181307,True,True,dendrite_clean,axon_partially_extended,89662494058008468,864691136034181307,[180832 155424  21522],723.328,621.696,860.88
4421,2025-10-29 18:15:46.167257+00:00,,True,864691135106357069,True,False,dendrite_extended,none,88050953609507873,864691135106357069,[169088 207456  21920],676.352,829.824,876.8
4422,2025-10-29 18:15:46.186117+00:00,,True,864691135119636189,True,True,dendrite_extended,axon_partially_extended,89598172963348959,864691135119636189,[180704 200624  24097],722.816,802.496,963.88
4423,2025-10-29 18:15:46.206642+00:00,,True,864691136145574196,True,True,dendrite_clean,axon_fully_extended,89305771321490796,864691136145574196,[178560 119232  22114],714.24,476.928,884.56
4426,2025-10-29 18:15:46.280884+00:00,,True,864691135347633055,True,True,dendrite_clean,axon_partially_extended,88673414696959245,864691135347633055,[173712 126464  22478],694.848,505.856,899.12
4894,2026-02-25 05:44:19.850196+00:00,,True,864691135886132080,True,True,dendrite_extended,axon_partially_extended,88820749254611228,864691135886132080,[175056 175536  22074],700.224,702.144,882.96
4430,2025-10-29 18:15:46.373071+00:00,,True,864691135592837899,True,True,dendrite_extended,axon_fully_extended,90582029108031261,864691135592837899,[187888 190896  19711],751.552,763.584,788.44
4431,2025-10-29 18:15:46.394092+00:00,,True,864691135305383591,True,True,dendrite_extended,axon_partially_extended,90990772757131586,864691135305383591,[190512  90448  21434],762.048,361.792,857.36
4432,2025-10-29 18:15:46.415889+00:00,,True,864691135571356038,True,True,dendrite_extended,axon_partially_extended,90293820025094730,864691135571356038,[185760 140784  22627],743.04,563.136,905.08
4433,2025-10-29 18:15:46.444818+00:00,,True,864691135885996912,True,True,dendrite_extended,axon_partially_extended,90294919201574839,864691135885996912,[185552 148944  20382],742.208,595.776,815.28
4435,2025-10-29 18:15:46.492866+00:00,,True,864691136034084795,True,True,dendrite_extended,axon_partially_extended,88956264264348323,864691136034084795,[175728 136496  23850],702.912,545.984,954.0
4436,2025-10-29 18:15:46.519760+00:00,,True,864691135503854658,False,True,none,axon_partially_extended,107666997298429364,864691135503854658,[312046  81788  24120],1248.184,327.152,964.8
4438,2025-10-29 18:15:46.677470+00:00,,True,864691136013392035,False,True,none,axon_partially_extended,81914166226592921,864691136013392035,[124638  97704  16489],498.552,390.816,659.56
4440,2025-10-29 18:15:46.727644+00:00,,True,864691135465985605,False,True,none,axon_partially_extended,93739001600798073,864691135465985605,[210736 119234  17610],842.944,476.936,704.4
4441,2025-10-29 18:15:46.747775+00:00,,True,864691135616183499,True,True,dendrite_extended,axon_partially_extended,88400392081211401,864691135616183499,[171712 189168  21053],686.848,756.672,842.12
4442,2025-10-29 18:15:46.769393+00:00,,True,864691135689296608,True,True,dendrite_extended,axon_partially_extended,89943625504555626,864691135689296608,[183072 152832  22141],732.288,611.328,885.64
4443,2025-10-29 18:15:46.794504+00:00,,True,864691135164772653,True,True,dendrite_extended,axon_fully_extended,88881909522236355,864691135164772653,[175280 107184  21940],701.12,428.736,877.6
4444,2025-10-29 18:15:46.820411+00:00,,True,864691135280682401,True,True,dendrite_clean,axon_partially_extended,90718300099050675,864691135280682401,[188592 157600  21926],754.368,630.4,877.04
4446,2025-10-29 18:15:46.867391+00:00,,True,864691135878407251,True,True,dendrite_extended,axon_partially_extended,86783560299730233,864691135878407251,[160256 201472  21622],641.024,805.888,864.88
4447,2025-10-29 18:15:46.892625+00:00,,True,864691135405626862,True,True,dendrite_clean,axon_partially_extended,90290727514762113,864691135405626862,[185552 117744  21870],742.208,470.976,874.8
4448,2025-10-29 18:15:46.915069+00:00,,True,864691135336669673,True,True,dendrite_extended,axon_partially_extended,91641958787065738,864691135336669673,[195424 223792  23343],781.696,895.168,933.72
4452,2025-10-29 18:15:47.013574+00:00,,True,864691135478095016,True,True,dendrite_extended,axon_partially_extended,88254569418806111,864691135478095016,[170608 151712  21647],682.432,606.848,865.88
4455,2025-10-29 18:15:47.077718+00:00,,True,864691136524014993,True,True,dendrite_extended,axon_fully_extended,92339392353566844,864691136524014993,[200592 176992  20095],802.368,707.968,803.8
4457,2025-10-29 18:15:47.116503+00:00,,True,864691135271970725,True,True,dendrite_extended,axon_fully_extended,90650130042491950,864691135271970725,[188432 173856  19295],753.728,695.424,771.8
4458,2025-10-29 18:15:47.142115+00:00,,True,864691135387529301,True,True,dendrite_extended,axon_fully_extended,91634811491782233,864691135387529301,[195152 170368  19792],780.608,681.472,791.68
4460,2025-10-29 18:15:47.186542+00:00,,True,864691135015437462,True,True,dendrite_extended,axon_fully_extended,86702127719919273,864691135015437462,[159744 119360  21687],638.976,477.44,867.48
4464,2025-10-29 18:15:47.270280+00:00,,True,864691135389004929,True,True,dendrite_extended,axon_fully_extended,92343584443356753,864691135389004929,[200256 208576  21982],801.024,834.304,879.28
4465,2025-10-29 18:15:47.290761+00:00,,True,864691135817803599,True,True,dendrite_extended,axon_fully_extended,89871195310210159,864691135817803599,[182400 137856  23073],729.6,551.424,922.92
4466,2025-10-29 18:15:47.311267+00:00,,True,864691136145494068,True,True,dendrite_extended,axon_fully_extended,91068837881224279,864691136145494068,[191024 147792  19680],764.096,591.168,787.2
4468,2025-10-29 18:15:47.356516+00:00,,True,864691135611702023,True,True,dendrite_extended,axon_fully_extended,91774174792041702,864691135611702023,[196288 160384  21470],785.152,641.536,858.8
4469,2025-10-29 18:15:47.379814+00:00,,True,864691136011485614,True,True,dendrite_extended,axon_fully_extended,87132930119564965,864691136011485614,[162768 183056  21709],651.072,732.224,868.36
4470,2025-10-29 18:15:47.405121+00:00,,True,864691136138622333,True,True,dendrite_extended,axon_partially_extended,91137763852205616,864691136138622333,[191712 136928  22487],766.848,547.712,899.48
4472,2025-10-29 18:15:47.451620+00:00,,True,864691135584316781,True,True,dendrite_extended,axon_fully_extended,87616509077581939,864691135584316781,[166352 116416  21869],665.408,465.664,874.76
4473,2025-10-29 18:15:47.477975+00:00,,True,864691136314120765,True,True,dendrite_extended,axon_fully_extended,88322670621707531,864691136314120765,[171104 134752  23302],684.416,539.008,932.08
4476,2025-10-31 21:56:25.401618+00:00,,True,864691135164804909,True,True,dendrite_extended,axon_partially_extended,87406502557877300,864691135164804909,[164736 124448  23316],658.944,497.792,932.64
4477,2025-10-31 21:56:25.402345+00:00,,True,864691135584471405,True,True,dendrite_extended,axon_partially_extended,86557679513878691,864691135584471405,[158640  91344  22590],634.56,365.376,903.6
4478,2025-10-31 21:56:25.403187+00:00,,True,864691136196240342,True,True,dendrite_extended,axon_partially_extended,89383630690011297,864691136196240342,[179216 174848  23701],716.864,699.392,948.04
4479,2025-10-31 21:56:25.403865+00:00,,True,864691135774127611,True,True,dendrite_extended,axon_partially_extended,89167850996268921,864691135774127611,[177456 140432  19677],709.824,561.728,787.08
4481,2025-10-31 21:56:25.405283+00:00,,True,864691135398762529,True,True,dendrite_extended,axon_partially_extended,87970277145284515,864691135398762529,[168992 130400  23516],675.968,521.6,940.64
4482,2025-10-31 21:56:25.405991+00:00,,True,864691136108370905,True,True,dendrite_extended,axon_partially_extended,92403576680763779,864691136108370905,[201184 131248  22976],804.736,524.992,919.04
4483,2025-10-31 21:56:25.406673+00:00,,True,864691135742895723,True,True,dendrite_extended,axon_partially_extended,87054727287725333,864691135742895723,[162160 124624  20998],648.64,498.496,839.92
4484,2025-10-31 21:56:25.407349+00:00,,True,864691135941886118,True,True,dendrite_extended,axon_partially_extended,88250927018332913,864691135941886118,[170704 124480  19827],682.816,497.92,793.08
4485,2025-10-31 21:56:25.408011+00:00,,True,864691136137168779,True,True,dendrite_extended,axon_partially_extended,89871126121437592,864691136137168779,[182528 137072  19865],730.112,548.288,794.6
4486,2025-10-31 21:56:25.408664+00:00,,True,864691135343506885,True,True,dendrite_extended,axon_partially_extended,87545384217553736,864691135343506885,[165616 110560  20113],662.464,442.24,804.52
4488,2025-10-31 21:56:25.409997+00:00,,True,864691135396720885,True,True,dendrite_extended,axon_partially_extended,92338636640651475,864691135396720885,[200272 171584  21611],801.088,686.336,864.44
4489,2025-10-31 21:56:25.410737+00:00,,True,864691136034199739,True,True,dendrite_extended,axon_partially_extended,93184092363245177,864691136034199739,[206736 179248  21893],826.944,716.992,875.72
4490,2025-10-31 21:56:25.411393+00:00,,True,864691135274713617,True,True,dendrite_extended,axon_partially_extended,91214454452450247,864691135274713617,[192288 184464  19694],769.152,737.856,787.76
4491,2025-10-31 21:56:25.412053+00:00,,True,864691135347627423,True,True,dendrite_extended,axon_partially_extended,92545963436499565,864691135347627423,[202064 143136  22914],808.256,572.544,916.56
4492,2025-10-31 21:57:11.385147+00:00,,True,864691136364187874,True,True,dendrite_extended,axon_fully_extended,87622899988962466,864691136364187874,[166048 163632  21954],664.192,654.528,878.16
4493,2025-10-31 21:57:11.409791+00:00,,True,864691135571440006,True,True,dendrite_extended,axon_fully_extended,90432083679684232,864691135571440006,[186880 122336  23378],747.52,489.344,935.12
4494,2025-10-31 21:57:11.426843+00:00,,True,864691135398746401,True,True,dendrite_extended,axon_fully_extended,91984181378518882,864691135398746401,[197984 151776  20217],791.936,607.104,808.68
4495,2025-10-31 21:57:11.445261+00:00,,True,864691135271915173,True,True,dendrite_extended,axon_fully_extended,89880747451874676,864691135271915173,[182464 208704  24245],729.856,834.816,969.8
4496,2025-10-31 21:57:11.460769+00:00,,True,864691136025913913,True,True,dendrite_extended,axon_fully_extended,86910691332113873,864691136025913913,[161008 100080  21990],644.032,400.32,879.6
4497,2025-10-31 21:57:11.476467+00:00,,True,864691135948823905,True,True,dendrite_extended,axon_fully_extended,90641953028409416,864691135948823905,[188144 113152  23603],752.576,452.608,944.12
4498,2025-10-31 21:57:11.491420+00:00,,True,864691135990793216,True,True,dendrite_extended,axon_fully_extended,87407533148714380,864691135990793216,[164640 132048  21781],658.56,528.192,871.24
4499,2025-10-31 21:57:11.506472+00:00,,True,864691135235206489,True,True,dendrite_extended,axon_fully_extended,92967213761568608,864691135235206489,[205056 136320  22215],820.224,545.28,888.6
4500,2025-10-31 21:57:11.522108+00:00,,True,864691135456535658,True,True,dendrite_extended,axon_fully_extended,90720361951898368,864691135456535658,[188640 172816  24046],754.56,691.264,961.84
4501,2025-10-31 21:57:11.537811+00:00,,True,864691135350977751,True,True,dendrite_extended,axon_fully_extended,90712046358071457,864691135350977751,[188560 111184  19746],754.24,444.736,789.84
4502,2025-10-31 21:57:11.553678+00:00,,True,864691135499752723,True,True,dendrite_extended,axon_fully_extended,89103049066404472,864691135499752723,[176912 181488  23609],707.648,725.952,944.36
4504,2025-10-31 21:57:11.591414+00:00,,True,864691135774221643,True,True,dendrite_extended,axon_fully_extended,90862679517886955,864691135774221643,[189792 185024  19987],759.168,740.096,799.48
4505,2025-10-31 21:57:11.609200+00:00,,True,864691136007128778,True,True,dendrite_extended,axon_fully_extended,91634124364110292,864691136007128778,[195568 165328  20310],782.272,661.312,812.4
4507,2025-11-05 02:38:37.709931+00:00,,True,864691135499797523,True,True,dendrite_extended,axon_partially_extended,88822123308786630,864691135499797523,[175056 185744  19662],700.224,742.976,786.48
4508,2025-11-05 02:40:44.041390+00:00,,True,864691136664950750,True,True,dendrite_clean,axon_partially_extended,90852509237063649,864691136664950750,[189648 108816  21882],758.592,435.264,875.28
4510,2025-11-05 02:40:44.101081+00:00,,True,864691135619756943,True,True,dendrite_clean,axon_partially_extended,89518732845960346,864691135619756943,[179840 132976  21342],719.36,531.904,853.68
4514,2025-11-05 02:40:44.220797+00:00,,True,864691135210134905,True,True,dendrite_extended,axon_partially_extended,90362539435193614,864691135210134905,[186048 128336  22528],744.192,513.344,901.12
4515,2025-11-05 02:40:44.253421+00:00,,True,864691135464991645,False,True,none,axon_fully_extended,97902851799390606,864691135464991645,[240828 209174  14857],963.312,836.696,594.28
4516,2025-11-05 02:40:44.283644+00:00,,True,864691135579134981,True,True,dendrite_extended,axon_fully_extended,87547033551994027,864691135579134981,[165504 122624  20534],662.016,490.496,821.36
4517,2025-11-05 02:40:44.313391+00:00,,True,864691135686442423,True,True,dendrite_extended,axon_partially_extended,89251895386110647,864691135686442423,[178016 241936  23290],712.064,967.744,931.6
4518,2025-11-05 02:40:44.344479+00:00,,True,864691135860969064,True,True,dendrite_extended,axon_partially_extended,97685836497431636,864691135860969064,[239248 165328  21190],956.992,661.312,847.6
4519,2025-11-05 02:40:44.372045+00:00,,True,864691135409856713,True,True,dendrite_extended,axon_fully_extended,91699201909615821,864691135409856713,[195648 126144  21606],782.592,504.576,864.24
4520,2025-11-05 02:40:44.399012+00:00,,True,864691135215078712,True,True,dendrite_extended,axon_partially_extended,89939433750592233,864691135215078712,[182976 121696  23054],731.904,486.784,922.16
4521,2025-11-05 02:40:44.426690+00:00,,True,864691135997140906,True,True,dendrite_extended,axon_fully_extended,92189790119768675,864691135997140906,[199376 110928  20511],797.504,443.712,820.44
4522,2025-11-05 02:40:44.452832+00:00,,True,864691135695057855,True,True,dendrite_extended,axon_partially_extended,88257868020786170,864691135695057855,[171008 176320  22163],684.032,705.28,886.52
4523,2025-11-05 02:40:44.479402+00:00,,True,864691135499765267,True,True,dendrite_extended,axon_partially_extended,88676713231585599,864691135499765267,[173744 151152  22254],694.976,604.608,890.16
4524,2025-11-05 02:40:44.505490+00:00,,True,864691135448017554,True,True,dendrite_extended,axon_partially_extended,90643327015847356,864691135448017554,[188048 123136  20983],752.192,492.544,839.32
4525,2025-11-05 02:40:44.532294+00:00,,True,864691136111294648,True,True,dendrite_clean,axon_partially_extended,90930780586520462,864691136111294648,[190128 167680  20565],760.512,670.72,822.6
4526,2025-11-05 02:40:44.556700+00:00,,True,864691135750958889,True,True,dendrite_clean,axon_partially_extended,89803300132195636,864691135750958889,[181856 156096  20986],727.424,624.384,839.44
4527,2025-11-05 02:40:44.582743+00:00,,True,864691136111294392,True,True,dendrite_clean,axon_partially_extended,90999775008327105,864691136111294392,[190688 157856  21116],762.752,631.424,844.64
4531,2025-11-05 02:40:44.691238+00:00,,True,864691135387558997,True,True,dendrite_clean,axon_partially_extended,88813808453597919,864691135387558997,[174896 123888  21342],699.584,495.552,853.68
4532,2025-11-05 02:40:44.714844+00:00,,True,864691135659857026,True,True,dendrite_extended,axon_partially_extended,91504038864310487,864691135659857026,[194176 244784  23822],776.704,979.136,952.88
4533,2025-11-05 02:40:44.739009+00:00,,True,864691135409859785,True,True,dendrite_extended,axon_fully_extended,91073579860478663,864691135409859785,[191104 183312  22101],764.416,733.248,884.04
4536,2025-11-05 02:40:44.823715+00:00,,True,864691136484883756,True,True,dendrite_extended,axon_fully_extended,92271772791543513,864691136484883756,[200096 197552  23523],800.384,790.208,940.92
4537,2025-11-05 02:40:44.854498+00:00,,True,864691136364183266,True,True,dendrite_extended,axon_fully_extended,93819403992763776,864691136364183266,[211344 194208  22416],845.376,776.832,896.64
4538,2025-11-05 02:40:44.879703+00:00,,True,864691135977666883,True,True,dendrite_extended,axon_partially_extended,88894141588921425,864691135977666883,[175264 198256  21776],701.056,793.024,871.04
4540,2025-11-05 02:40:44.932935+00:00,,True,864691136438410654,True,True,dendrite_extended,axon_partially_extended,89037009716383929,864691136438410654,[176400 213728  24161],705.6,854.912,966.44
4541,2025-11-05 02:40:44.957492+00:00,,True,864691136438372254,True,True,dendrite_extended,axon_fully_extended,92118459638645192,864691136438372254,[198928 103968  23228],795.712,415.872,929.12
4542,2025-11-05 02:40:44.980947+00:00,,True,864691135376096329,True,True,dendrite_extended,axon_partially_extended,90016468015990302,864691135376096329,[183344 171360  21368],733.376,685.44,854.72
4544,2025-11-05 02:40:45.032979+00:00,,True,864691135295103500,True,True,dendrite_extended,axon_partially_extended,86847607254704844,864691135295103500,[160416 154368  24683],641.664,617.472,987.32
4545,2025-11-05 02:40:45.059396+00:00,,True,864691136026013497,True,True,dendrite_extended,axon_partially_extended,90080652141322068,864691136026013497,[184032 125632  22246],736.128,502.528,889.84
4546,2025-11-05 02:40:45.086203+00:00,,True,864691136058602712,False,True,none,axon_fully_extended,107465991620921643,864691136058602712,[310497 157206  14850],1241.988,628.824,594.0
4547,2025-11-05 02:40:45.112221+00:00,,True,864691135343509701,True,True,dendrite_extended,axon_fully_extended,91077565858716080,864691135343509701,[191440 213120  24266],765.76,852.48,970.64
4548,2025-11-05 02:40:45.140610+00:00,,True,864691135409856969,True,True,dendrite_extended,axon_fully_extended,90162497172376539,864691135409856969,[184688 210768  23289],738.752,843.072,931.56
4549,2025-11-05 02:40:45.163477+00:00,,True,864691135641196091,True,True,dendrite_extended,axon_fully_extended,92203327789919806,864691135641196091,[199360 211728  20339],797.44,846.912,813.56
4551,2025-11-05 02:40:45.211209+00:00,,True,864691135258509487,True,True,dendrite_clean,axon_partially_extended,89872088395183272,864691135258509487,[182656 144512  21184],730.624,578.048,847.36
4553,2025-11-05 02:40:45.257031+00:00,,True,864691135774179147,True,True,dendrite_clean,axon_partially_extended,88602564714895205,864691135774179147,[173600 122832  20719],694.4,491.328,828.76
4555,2025-11-05 02:40:45.311669+00:00,,True,864691135686414775,True,True,dendrite_clean,axon_interareal,105843387672360686,864691135686414775,[298635 126619  17900],1194.54,506.476,716.0
4556,2025-11-05 02:40:45.337965+00:00,,True,864691136108378073,True,True,dendrite_extended,axon_partially_extended,90014131419471437,864691136108378073,[183824 154256  20271],735.296,617.024,810.84
4557,2025-11-05 02:40:45.364961+00:00,,True,864691135928151310,True,True,dendrite_extended,axon_partially_extended,91856638432435790,864691135928151310,[196752 250416  23397],787.008,1001.664,935.88
4560,2025-11-05 02:40:45.451279+00:00,,True,864691135695042751,True,True,dendrite_extended,axon_partially_extended,89388372132727995,864691135695042751,[178816 210528  22322],715.264,842.112,892.88
4561,2025-11-05 02:40:45.478908+00:00,,True,864691136102207349,True,True,dendrite_extended,axon_partially_extended,90855258082965395,864691136102207349,[189680 129712  22145],758.72,518.848,885.8
4562,2025-11-05 02:40:45.505114+00:00,,True,864691136925008100,True,True,dendrite_extended,axon_fully_extended,89518045516561214,864691136925008100,[179968 128128  19978],719.872,512.512,799.12
4563,2025-11-05 02:40:45.530394+00:00,,True,864691136364166370,True,True,dendrite_extended,axon_partially_extended,87895441567692670,864691136364166370,[168272  97360  22766],673.088,389.44,910.64
4564,2025-11-05 02:40:45.559120+00:00,,True,864691135384716762,True,True,dendrite_extended,axon_fully_extended,90158923222835521,864691135384716762,[184672 184144  19344],738.688,736.576,773.76
4565,2025-11-05 02:40:45.586946+00:00,,True,864691135350976727,True,True,dendrite_extended,axon_fully_extended,92472089797753385,864691135350976727,[201680 117024  21465],806.72,468.096,858.6
4566,2025-11-05 02:40:45.615152+00:00,,True,864691136392682879,True,True,dendrite_extended,axon_fully_extended,92834310428050863,864691136392682879,[204032 194272  23462],816.128,777.088,938.48
4567,2025-11-05 02:40:45.641165+00:00,,True,864691135566979927,True,True,dendrite_extended,axon_fully_extended,92342484998864620,864691135566979927,[200736 200176  22496],802.944,800.704,899.84
4568,2025-11-05 02:40:45.666733+00:00,,True,864691135810297885,True,True,dendrite_extended,axon_fully_extended,90863573274180921,864691135810297885,[189696 191424  23460],758.784,765.696,938.4
4570,2025-11-05 02:40:45.716902+00:00,,True,864691135465001373,True,True,dendrite_extended,axon_fully_extended,91075022633889493,864691135465001373,[191504 193776  19488],766.016,775.104,779.52
4572,2025-11-05 02:40:45.767118+00:00,,True,864691135764678198,True,True,dendrite_extended,axon_fully_extended,91640515409408821,864691135764678198,[195600 213072  21130],782.4,852.288,845.2
4573,2025-11-05 02:40:45.790913+00:00,,True,864691135941898918,True,True,dendrite_extended,axon_fully_extended,89025189899482397,864691135941898918,[176640 126032  23789],706.56,504.128,951.56
4576,2025-11-05 02:40:45.860087+00:00,,True,864691135102151968,True,True,dendrite_clean,axon_partially_extended,89801032523422064,864691135102151968,[182176 139408  21783],728.704,557.632,871.32
4577,2025-11-05 02:40:45.884306+00:00,,True,864691136603935441,True,True,dendrite_extended,axon_fully_extended,92265588038094865,864691136603935441,[199920 151248  23050],799.68,604.992,922.0
4578,2025-11-05 02:40:45.909206+00:00,,True,864691136196262102,True,True,dendrite_extended,axon_fully_extended,88951866083486311,864691136196262102,[175920 104016  22682],703.68,416.064,907.28
4581,2025-11-05 02:40:45.987488+00:00,,True,864691135389122689,True,True,dendrite_extended,axon_fully_extended,91497922562240799,864691135389122689,[194288 198976  21603],777.152,795.904,864.12
4582,2025-11-05 02:40:46.012131+00:00,,True,864691135387551061,True,True,dendrite_extended,axon_fully_extended,92823589988305884,864691135387551061,[203856 114432  21908],815.424,457.728,876.32
4895,2026-02-25 05:44:19.865442+00:00,,True,864691136111478968,True,True,dendrite_extended,axon_partially_extended,90515027819429359,864691136111478968,[187040 215984  21112],748.16,863.936,844.48
4896,2026-02-25 05:44:19.880171+00:00,,True,864691136086630764,True,True,dendrite_extended,axon_partially_extended,90435725274986319,864691136086630764,[186832 149360  19211],747.328,597.44,768.44
4897,2026-02-25 05:44:19.895074+00:00,,True,864691136299026971,True,True,dendrite_clean,axon_partially_extended,89305702535201237,864691136299026971,[178384 118928  21884],713.536,475.712,875.36
4898,2026-02-25 05:44:19.909558+00:00,,True,864691135570301676,True,True,dendrite_clean,axon_partially_extended,88890568175880563,864691135570301676,[175440 171232  21557],701.76,684.928,862.28
4899,2026-02-25 05:44:19.924430+00:00,,True,864691135689417440,True,True,dendrite_extended,axon_fully_extended,89665998751768317,864691135689417440,[181169 181492  21889],724.676,725.968,875.56
4900,2026-02-25 05:44:19.938764+00:00,,True,864691135409937097,True,True,dendrite_extended,axon_fully_extended,90078659075490625,864691135409937097,[183952 110448  20934],735.808,441.792,837.36
4901,2026-02-25 05:44:19.953507+00:00,,True,864691136139027581,True,True,dendrite_clean,axon_partially_extended,88539892619408179,864691136139027581,[172752 180384  21397],691.008,721.536,855.88
4902,2026-02-25 05:44:19.967056+00:00,,True,864691136675875719,True,True,dendrite_extended,axon_partially_extended,84806431832155675,864691136675875719,[145472 151152  18745],581.888,604.608,749.8
4903,2026-02-25 05:44:19.984157+00:00,,True,864691135584625773,True,True,dendrite_clean,axon_partially_extended,89309688331936148,864691135584625773,[178672 148256  22345],714.688,593.024,893.8
4904,2026-02-25 05:44:20.000178+00:00,,True,864691135587758716,True,True,dendrite_clean,axon_partially_extended,90011726237969974,864691135587758716,[183584 136144  20422],734.336,544.576,816.88
4905,2026-02-25 05:44:20.015250+00:00,,True,864691135662774512,True,True,dendrite_clean,axon_partially_extended,88817450451561934,864691135662774512,[175024 151040  20249],700.096,604.16,809.96
4906,2026-02-25 05:44:20.029664+00:00,,True,864691135448130450,True,True,dendrite_clean,axon_partially_extended,88956126422782743,864691135448130450,[175888 135536  20806],703.552,542.144,832.24
4907,2026-02-25 05:44:20.043121+00:00,,True,864691135214931072,True,True,dendrite_extended,axon_partially_extended,87342180590492186,864691135214931072,[164320 169440  18985],657.28,677.76,759.4
4908,2026-02-25 05:44:20.059231+00:00,,True,864691135134945184,True,True,dendrite_extended,axon_partially_extended,90296911730678715,864691135134945184,[185536 163856  17696],742.144,655.424,707.84
4914,2026-02-25 05:44:20.167912+00:00,,True,864691135015605910,True,True,dendrite_extended,axon_fully_extended,91419926023312842,864691135015605910,[193972 142203  22166],775.888,568.812,886.64
4915,2026-02-25 05:44:20.184137+00:00,,True,864691135466283333,True,True,dendrite_extended,axon_partially_extended,97967311876627972,864691135466283333,[241232 165328  24119],964.928,661.312,964.76
4916,2026-02-25 05:44:20.198775+00:00,,True,864691135977010031,True,True,dendrite_extended,axon_partially_extended,88257661661152795,864691135977010031,[170640 174448  20747],682.56,697.792,829.88
4917,2026-02-25 05:44:20.213679+00:00,,True,864691136091634487,True,True,dendrite_extended,axon_partially_extended,88673551934622228,864691136091634487,[173808 127488  20965],695.232,509.952,838.6
4918,2026-02-25 05:44:20.228727+00:00,,True,864691135577617694,True,True,dendrite_clean,axon_partially_extended,91135839505279120,864691135577617694,[191648 122832  20723],766.592,491.328,828.92
4919,2026-02-25 05:44:20.242679+00:00,,True,864691136041575422,True,True,dendrite_clean,axon_partially_extended,90294919335597425,864691136041575422,[185568 148912  21272],742.272,595.648,850.88
4920,2026-02-25 05:44:20.255901+00:00,,True,864691135493546591,True,True,dendrite_clean,axon_partially_extended,90013581931765078,864691135493546591,[183360 150080  22047],733.44,600.32,881.88
4921,2026-02-25 05:44:20.269660+00:00,,True,864691135779049568,True,True,dendrite_extended,axon_partially_extended,90517776867205659,864691135779049568,[187392 236240  23393],749.568,944.96,935.72
4922,2026-02-25 05:44:20.283600+00:00,,True,864691135858273326,True,True,dendrite_extended,axon_partially_extended,85231668356509233,864691135858273326,[149008 173568  21529],596.032,694.272,861.16
4923,2026-02-25 05:44:20.298131+00:00,,True,864691135939925813,True,True,dendrite_extended,axon_partially_extended,91012488312925151,864691135939925813,[190720 252560  22724],762.88,1010.24,908.96
4924,2026-02-25 05:44:20.311224+00:00,,True,864691137199765313,True,True,dendrite_extended,axon_partially_extended,88118023952683422,864691137199765313,[169920 182624  22621],679.68,730.496,904.84
4926,2026-02-25 05:44:20.339232+00:00,,True,864691135504168285,True,True,dendrite_extended,axon_partially_extended,90578112232378099,864691135504168285,[187728 161520  20934],750.912,646.08,837.36
4927,2026-02-25 05:44:20.354026+00:00,,True,864691135977768259,True,True,dendrite_extended,axon_partially_extended,90163459177995331,864691135977768259,[184384 218256  22840],737.536,873.024,913.6
4928,2026-02-25 05:44:20.368843+00:00,,True,864691135892176009,True,True,dendrite_extended,axon_partially_extended,89249352362824046,864691135892176009,[178160 223344  20216],712.64,893.376,808.64
4929,2026-02-25 05:44:20.387015+00:00,,True,864691135272069285,True,True,dendrite_extended,axon_partially_extended,90444315746294521,864691135272069285,[186720 213216  23160],746.88,852.864,926.4
4930,2026-02-25 05:44:20.402513+00:00,,True,864691136058745048,True,True,dendrite_extended,axon_fully_extended,90507881127926748,864691136058745048,[187280 162544  22042],749.12,650.176,881.68
4931,2026-02-25 05:44:20.417188+00:00,,True,864691135878586963,False,True,none,axon_fully_extended,115501017243605199,864691135878586963,[368712 254054  21013],1474.848,1016.216,840.52
4932,2026-02-25 05:44:20.431411+00:00,,True,864691135573245165,True,True,dendrite_extended,axon_partially_extended,88038446530355858,864691135573245165,[169104 114144  20711],676.416,456.576,828.44
4933,2026-02-25 05:44:20.445953+00:00,,True,864691135448811860,True,True,dendrite_extended,axon_fully_extended,92693435299439783,864691135448811860,[203184 193408  21970],812.736,773.632,878.8
4934,2026-02-25 05:44:20.460896+00:00,,True,864691135384843738,True,True,dendrite_extended,axon_partially_extended,90580242535818979,864691135384843738,[187904 177792  20682],751.616,711.168,827.28
4935,2026-02-25 05:44:20.476362+00:00,,True,864691135741780116,True,True,dendrite_clean,axon_partially_extended,88181932864912744,864691135741780116,[170080 134848  21253],680.32,539.392,850.12
4936,2026-02-25 05:44:20.493191+00:00,,True,864691136137210507,True,True,dendrite_extended,axon_partially_extended,91137076321452032,864691136137210507,[191808 131792  19544],767.232,527.168,781.76
4937,2026-02-25 05:44:20.509694+00:00,,True,864691135689555680,True,True,dendrite_extended,axon_partially_extended,90503207801397355,864691135689555680,[187392 127776  19418],749.568,511.104,776.72
4938,2026-02-25 05:44:20.524022+00:00,,True,864691136372954248,True,True,dendrite_extended,axon_partially_extended,87337988971057645,864691136372954248,[163904 138272  21189],655.616,553.088,847.56
4939,2026-02-25 05:44:20.539158+00:00,,True,864691136446104451,True,True,dendrite_extended,axon_partially_extended,88882596515370338,864691136446104451,[175312 112032  20105],701.248,448.128,804.2
4940,2026-02-25 05:44:20.555245+00:00,,True,864691136043508822,True,True,dendrite_clean,axon_partially_extended,89096314155289439,864691136043508822,[176720 131456  20771],706.88,525.824,830.84
4941,2026-02-25 05:44:20.571549+00:00,,True,864691135570303724,True,True,dendrite_clean,axon_partially_extended,88607581371011067,864691135570303724,[173136 160032  21832],692.544,640.128,873.28
4942,2026-02-25 05:44:20.587777+00:00,,True,864691135562950369,True,True,dendrite_extended,axon_partially_extended,89515365793060645,864691135562950369,[179936 108176  22997],719.744,432.704,919.88
4943,2026-02-25 05:44:20.601145+00:00,,True,864691135343601093,True,True,dendrite_extended,axon_fully_extended,88613766324850794,864691135343601093,[173392 206192  23061],693.568,824.768,922.44
4944,2026-02-25 05:44:20.615894+00:00,,True,864691135196576298,True,True,dendrite_extended,axon_fully_extended,88117817593324117,864691135196576298,[169856 181328  21421],679.424,725.312,856.84
4945,2026-02-25 05:44:20.630321+00:00,,True,864691135739131780,True,True,dendrite_extended,axon_fully_extended,88468012315189087,864691135739131780,[172208 169024  23453],688.832,676.096,938.12
4946,2026-02-25 05:44:20.646414+00:00,,True,864691135060784027,False,True,none,axon_fully_extended,96355907658588636,864691135060784027,[229906 218065  14865],919.624,872.26,594.6
4947,2026-02-25 05:44:20.660241+00:00,,True,864691135528193883,True,True,dendrite_extended,axon_partially_extended,90923221712647119,864691135528193883,[190128 111664  22725],760.512,446.656,909.0
4948,2026-02-25 05:44:20.675914+00:00,,True,864691136288755395,False,True,none,axon_fully_extended,100723856649524055,864691136288755395,[261596 255911  27160],1046.384,1023.644,1086.4
4949,2026-02-25 05:44:20.690443+00:00,,True,864691135997428394,False,True,none,axon_fully_extended,89673763179741039,864691135997428394,[180984 239473  14858],723.936,957.892,594.32
4950,2026-02-25 05:44:20.704510+00:00,,True,864691136034433723,True,True,dendrite_extended,axon_fully_extended,88957638183881414,864691136034433723,[176096 146816  20043],704.384,587.264,801.72
4951,2026-02-25 05:44:20.717651+00:00,,True,864691135577749022,True,True,dendrite_clean,axon_partially_extended,88109365164752245,864691135577749022,[169968 118256  21919],679.872,473.024,876.76
4952,2026-02-25 05:44:20.731792+00:00,,True,864691135732578745,True,True,dendrite_extended,axon_partially_extended,92123750904021428,864691135732578745,[199040 143376  22133],796.16,573.504,885.32
4953,2026-02-25 05:44:20.745749+00:00,,True,864691135839999379,True,True,dendrite_extended,axon_partially_extended,90639959626892865,864691135839999379,[187952  98400  19700],751.808,393.6,788.0
4954,2026-02-25 05:44:20.760356+00:00,,True,864691136336204979,True,True,dendrite_extended,axon_partially_extended,90991391299446236,864691136336204979,[190896  95424  21808],763.584,381.696,872.32
4955,2026-02-25 05:44:20.774655+00:00,,True,864691136914542577,True,True,dendrite_extended,axon_fully_extended,92832798464951614,864691136914542577,[204224 183264  22115],816.896,733.056,884.6
4956,2026-02-25 05:44:20.788062+00:00,,True,864691136314473021,True,True,dendrite_extended,axon_partially_extended,92692404238397081,864691136314473021,[202880 185696  19520],811.52,742.784,780.8
4957,2026-02-25 05:44:20.802888+00:00,,True,864691135618505065,True,True,dendrite_extended,axon_partially_extended,94312190823576552,864691135618505065,[214608 195728  18318],858.432,782.912,732.72
4958,2026-02-25 05:44:20.818117+00:00,,True,864691135258563503,True,True,dendrite_extended,axon_partially_extended,91703462383124252,864691135258563503,[195888 157664  20721],783.552,630.656,828.84
4959,2026-02-25 05:44:20.833072+00:00,,True,864691135102390816,True,True,dendrite_extended,axon_fully_extended,90371472832430555,864691135102390816,[186176 195264  21030],744.704,781.056,841.2
4960,2026-02-25 05:44:20.848094+00:00,,True,864691135431648048,True,True,dendrite_clean,axon_partially_extended,88256768375042549,864691135431648048,[170880 167952  21220],683.52,671.808,848.8
4961,2026-02-25 05:44:20.863188+00:00,,True,864691134942468707,True,True,dendrite_clean,axon_partially_extended,90150539848910271,864691134942468707,[184464 122032  22057],737.856,488.128,882.28
4962,2026-02-25 05:44:20.879095+00:00,,True,864691135573327085,True,True,dendrite_clean,axon_partially_extended,91138931881705166,864691135573327085,[191600 145728  20687],766.4,582.912,827.48
4963,2026-02-25 05:44:20.896137+00:00,,True,864691135738969220,True,True,dendrite_clean,axon_partially_extended,89868446128941331,864691135738969220,[182528 117344  20379],730.112,469.376,815.16
4964,2026-02-25 05:44:20.909825+00:00,,True,864691135886221168,True,True,dendrite_extended,axon_fully_extended,82550234441685108,864691135886221168,[129312 118096  22292],517.248,472.384,891.68
4965,2026-02-25 05:44:20.925844+00:00,,True,864691135478434216,True,True,dendrite_extended,axon_fully_extended,90786676179764595,864691135478434216,[189200 143008  23495],756.8,572.032,939.8
4966,2026-02-25 05:44:20.942617+00:00,,True,864691135817952079,True,True,dendrite_extended,axon_partially_extended,89173555048399606,864691135817952079,[177472 182816  22269],709.888,731.264,890.76
4967,2026-02-25 05:44:20.957866+00:00,,True,864691134950156796,True,True,dendrite_extended,axon_fully_extended,91134396396288966,864691134950156796,[192032 112224  20746],768.128,448.896,829.84
4968,2026-02-25 05:44:20.973768+00:00,,True,864691135892233097,True,True,dendrite_extended,axon_partially_extended,90014956187351099,864691135892233097,[183744 160336  21231],734.976,641.344,849.24
4969,2026-02-25 05:44:20.988972+00:00,,True,864691135955877896,True,True,dendrite_extended,axon_fully_extended,91276508475376746,864691135955877896,[192816 122096  22190],771.264,488.384,887.6
4970,2026-02-25 05:44:21.003870+00:00,,True,864691136364308962,True,True,dendrite_extended,axon_fully_extended,89867896373195343,864691136364308962,[182752 112912  20453],731.008,451.648,818.12
4971,2026-02-25 05:44:21.018749+00:00,,True,864691136579969300,True,True,dendrite_extended,axon_fully_extended,89094733540137338,864691136579969300,[176992 119792  20171],707.968,479.168,806.84
4972,2026-02-25 05:44:21.032605+00:00,,True,864691135496381840,True,True,dendrite_extended,axon_fully_extended,87969040060090183,864691135496381840,[168576 121376  22182],674.304,485.504,887.28
4973,2026-02-25 05:44:21.047375+00:00,,True,864691135210387321,True,True,dendrite_extended,axon_fully_extended,88601671495966292,864691135210387321,[173312 116208  21810],693.248,464.832,872.4
4974,2026-02-25 05:44:21.063328+00:00,,True,864691135695146943,True,True,dendrite_extended,axon_fully_extended,89941288975444987,864691135695146943,[183072 135408  21782],732.288,541.632,871.28
4975,2026-02-25 05:44:21.078276+00:00,,True,864691135060772763,True,True,dendrite_extended,axon_partially_extended,90289765240834294,864691135060772763,[185856 110288  20415],743.424,441.152,816.6
4976,2026-02-25 05:44:21.091276+00:00,,True,864691136034412219,True,True,dendrite_extended,axon_partially_extended,90648481043670501,864691136034412219,[188240 161648  21466],752.96,646.592,858.64
4977,2026-02-25 05:44:21.106236+00:00,,True,864691135340141542,True,True,dendrite_extended,axon_partially_extended,90237538975205295,864691135340141542,[185296 245952  24347],741.184,983.808,973.88
4978,2026-02-25 05:44:21.121362+00:00,,True,864691135720701745,True,False,dendrite_extended,none,87910903382997065,864691135720701745,[168304 212432  22395],673.216,849.728,895.8
4979,2026-02-25 05:44:21.137727+00:00,,True,864691136034487739,True,True,dendrite_extended,axon_partially_extended,88249415457993138,864691136034487739,[170736 113344  21601],682.944,453.376,864.04
4980,2026-02-25 05:44:21.152724+00:00,,True,864691135214970752,True,True,dendrite_clean,axon_partially_extended,97258538791116534,864691135214970752,[236112 127312  21208],944.448,509.248,848.32
4981,2026-02-25 05:44:21.166723+00:00,,True,864691135060768923,True,True,dendrite_extended,axon_partially_extended,88046624148372048,864691135060768923,[169488 174880  20977],677.952,699.52,839.08
4982,2026-02-25 05:44:21.181666+00:00,,True,864691136118805668,True,True,dendrite_extended,axon_partially_extended,88543191288292907,864691136118805668,[172976 204624  22249],691.904,818.496,889.96
4983,2026-02-25 05:44:21.196867+00:00,,True,864691136619643867,True,False,dendrite_extended,none,89248459009627562,864691136619643867,[178096 216496  20213],712.384,865.984,808.52
4984,2026-02-25 05:44:21.211639+00:00,,True,864691135886208112,True,True,dendrite_clean,axon_partially_extended,89519351388152850,864691135886208112,[180160 137664  21669],720.64,550.656,866.76
4985,2026-02-25 05:44:21.225026+00:00,,True,864691136954019039,True,True,dendrite_clean,axon_partially_extended,90083744450518295,864691136954019039,[184064 148272  21618],736.256,593.088,864.72
4987,2026-02-25 05:44:21.253638+00:00,,True,864691135325413788,True,True,dendrite_extended,axon_partially_extended,89945549851637426,864691135325413788,[182864 167472  24026],731.456,669.888,961.04
4988,2026-02-25 05:44:21.268835+00:00,,True,864691136927732810,True,True,dendrite_clean,axon_partially_extended,90364119714455414,864691136927732810,[186320 140240  20241],745.28,560.96,809.64
4989,2026-02-25 05:44:21.283104+00:00,,True,864691136580010516,True,True,dendrite_extended,axon_fully_extended,90653497565353946,864691136580010516,[188206 199294  21390],752.824,797.176,855.6
4990,2026-02-25 05:44:21.298505+00:00,,True,864691136914414321,True,True,dendrite_extended,axon_fully_extended,89659676492660967,864691136914414321,[181216 134624  21266],724.864,538.496,850.64
4991,2026-02-25 05:44:21.314868+00:00,,True,864691135839950227,True,True,dendrite_clean,axon_partially_extended,88742065252966980,864691135839950227,[174240 113824  20992],696.96,455.296,839.68
4992,2026-02-25 05:44:21.329564+00:00,,True,864691135124538151,True,True,dendrite_extended,axon_fully_extended,87980103627519388,864691135124538151,[168992 203840  20211],675.968,815.36,808.44
4993,2026-02-25 05:44:21.343465+00:00,,True,864691135325426076,True,True,dendrite_extended,axon_partially_extended,91713976731706897,864691135325426076,[195744 235728  22961],782.976,942.912,918.44
4994,2026-02-25 05:44:21.357362+00:00,,True,864691135994235841,True,True,dendrite_extended,axon_fully_extended,88963135876504845,864691135994235841,[176064 187776  21322],704.256,751.104,852.88
4995,2026-02-25 05:44:21.374129+00:00,,True,864691135954582563,True,True,dendrite_extended,axon_partially_extended,90937446510365662,864691135954582563,[190352 217696  21941],761.408,870.784,877.64
4996,2026-02-25 05:44:21.390739+00:00,,True,864691135215254584,True,True,dendrite_extended,axon_partially_extended,87130799681540931,864691135215254584,[162544 167456  20644],650.176,669.824,825.76
4997,2026-02-25 05:44:21.404921+00:00,,True,864691135135019168,True,True,dendrite_extended,axon_fully_extended,89589788784928533,864691135135019168,[180320 138208  21358],721.28,552.832,854.32
4998,2026-02-25 05:44:21.421022+00:00,,True,864691135853198023,True,True,dendrite_extended,axon_partially_extended,89318346784751450,864691135853198023,[178464 213008  20908],713.856,852.032,836.32
4999,2026-02-25 05:44:21.435969+00:00,,True,864691135839979667,True,True,dendrite_extended,axon_partially_extended,90371266741450926,864691135839979667,[186032 193712  21887],744.128,774.848,875.48
5000,2026-02-25 05:44:21.451511+00:00,,True,864691135741960340,True,True,dendrite_extended,axon_partially_extended,88546558475713929,864691135741960340,[172864 229616  21861],691.456,918.464,874.44
5001,2026-02-25 05:44:21.465543+00:00,,True,864691136391023120,True,True,dendrite_extended,axon_partially_extended,90997782076464391,864691136391023120,[190992 142992  20657],763.968,571.968,826.28
5002,2026-02-25 05:44:21.479272+00:00,,True,864691137199828801,True,True,dendrite_extended,axon_partially_extended,87133136009787684,864691137199828801,[162796 184639  19827],651.184,738.556,793.08
5003,2026-02-25 05:44:21.494570+00:00,,True,864691135942163201,True,True,dendrite_extended,axon_fully_extended,89456404347350172,864691135942163201,[179456 192960  21578],717.824,771.84,863.12
5004,2026-02-25 05:44:21.509449+00:00,,True,864691135741910164,True,True,dendrite_extended,axon_fully_extended,88261716244643227,864691135741910164,[170864 204560  21900],683.456,818.24,876.0
5005,2026-02-25 05:44:21.524784+00:00,,True,864691135774389755,True,True,dendrite_extended,axon_fully_extended,88894897570199057,864691135774389755,[175376 203728  22239],701.504,814.912,889.56
5006,2026-02-25 05:44:21.541960+00:00,,True,864691135084038647,True,True,dendrite_extended,axon_partially_extended,88892217242185427,864691135084038647,[175264 183856  20192],701.056,735.424,807.68
5007,2026-02-25 05:44:21.557575+00:00,,True,864691135739004292,True,True,dendrite_extended,axon_partially_extended,89954895767267940,864691135739004292,[182992 236928  24247],731.968,947.712,969.88
5008,2026-02-25 05:44:21.574414+00:00,,True,864691136034464443,True,True,dendrite_extended,axon_partially_extended,88610605095247783,864691136034464443,[173408 182544  22502],693.632,730.176,900.08
5009,2026-02-25 05:44:21.589745+00:00,,True,864691136058804696,True,True,dendrite_extended,axon_partially_extended,88607512718239945,864691136058804696,[173360 159856  22024],693.44,639.424,880.96
5010,2026-02-25 05:44:21.604739+00:00,,True,864691135102351392,True,True,dendrite_extended,axon_partially_extended,88397986966926137,864691135102351392,[171856 171680  21824],687.424,686.72,872.96
5011,2026-02-25 05:44:21.620407+00:00,,True,864691135717275162,True,True,dendrite_extended,axon_partially_extended,94445850407198190,864691135717275162,[215600 142656  19870],862.4,570.624,794.8
5012,2026-02-25 05:44:21.635998+00:00,,True,864691135656674242,True,True,dendrite_extended,axon_partially_extended,87485804766803619,864691135656674242,[165072 190720  22699],660.288,762.88,907.96
5013,2026-02-25 05:44:21.650622+00:00,,True,864691135861093992,True,True,dendrite_clean,axon_partially_extended,91065264737038206,864691135861093992,[191312 121536  21896],765.248,486.144,875.84
5014,2026-02-25 05:44:21.664833+00:00,,True,864691135928376590,True,True,dendrite_clean,axon_partially_extended,90572752246960891,864691135928376590,[187888 121568  21603],751.552,486.272,864.12
5015,2026-02-25 05:44:21.680476+00:00,,True,864691135336840425,True,True,dendrite_extended,axon_partially_extended,88189698098499323,864691135336840425,[170352 192608  20580],681.408,770.432,823.2
5016,2026-02-25 05:44:21.694237+00:00,,True,864691135164887085,True,True,dendrite_clean,axon_partially_extended,89234303066124452,864691135164887085,[178144 111168  22503],712.576,444.672,900.12
5017,2026-02-25 05:44:21.708445+00:00,,True,864691135478334888,True,True,dendrite_extended,axon_partially_extended,88893591900128821,864691135478334888,[175280 194224  22230],701.12,776.896,889.2
5018,2026-02-25 05:44:21.723381+00:00,,True,864691136391024144,True,True,dendrite_extended,axon_partially_extended,90292514220726305,864691136391024144,[185472 130880  21521],741.888,523.52,860.84
5019,2026-02-25 05:44:21.737535+00:00,,True,864691135577651230,True,True,dendrite_extended,axon_partially_extended,88954820618681425,864691135577651230,[175776 126048  19930],703.104,504.192,797.2
5020,2026-02-25 05:44:21.752910+00:00,,True,864691134991010426,True,True,dendrite_clean,axon_partially_extended,89659607705958153,864691134991010426,[181024 133952  20643],724.096,535.808,825.72
5021,2026-02-25 05:44:21.767421+00:00,,True,864691135124690471,True,True,dendrite_extended,axon_fully_extended,87765286945830287,864691135124690471,[166976 176208  23231],667.904,704.832,929.24
5022,2026-02-25 05:44:21.781680+00:00,,True,864691135756075981,True,True,dendrite_extended,axon_fully_extended,89455717085943647,864691135756075981,[179472 187760  21468],717.888,751.04,858.72
5023,2026-02-25 05:44:21.796607+00:00,,True,864691135810495005,True,True,dendrite_extended,axon_fully_extended,89664899441304410,864691135810495005,[181216 173568  23283],724.864,694.272,931.32
5024,2026-02-25 05:44:21.811507+00:00,,True,864691135853090503,True,True,dendrite_extended,axon_fully_extended,91493730808361930,864691135853090503,[194208 167744  22608],776.832,670.976,904.32
5025,2026-02-25 05:44:21.825769+00:00,,True,864691136108462553,True,True,dendrite_clean,axon_partially_extended,89380812923398283,864691136108462553,[178848 154112  21996],715.392,616.448,879.84
5028,2026-02-25 05:44:21.870119+00:00,,True,864691134887444730,True,True,dendrite_extended,axon_partially_extended,88049510366229524,864691134887444730,[169216 196416  20820],676.864,785.664,832.8
5029,2026-02-25 05:44:21.887241+00:00,,True,864691135875919502,True,True,dendrite_extended,axon_partially_extended,87903137813814547,864691135875919502,[168448 154320  20451],673.792,617.28,818.04
5030,2026-02-25 05:44:21.905182+00:00,,True,864691135756148685,True,True,dendrite_extended,axon_partially_extended,89667716671269769,864691135756148685,[181184 194560  21112],724.736,778.24,844.48
5031,2026-02-25 05:44:21.921069+00:00,,True,864691136524282001,True,True,dendrite_extended,axon_partially_extended,89657065085404416,864691136524282001,[180816 115200  20710],723.264,460.8,828.4
5032,2026-02-25 05:44:21.934988+00:00,,True,864691136034487483,True,True,dendrite_extended,axon_partially_extended,90510698627029028,864691136034487483,[187392 183984  22496],749.568,735.936,899.84
5033,2026-02-25 05:44:21.950719+00:00,,True,864691137199860033,True,True,dendrite_extended,axon_partially_extended,91284548519864543,864691137199860033,[192784 182064  21087],771.136,728.256,843.48
5034,2026-02-25 05:44:21.964088+00:00,,True,864691135774294603,True,True,dendrite_extended,axon_partially_extended,89036184814601672,864691135774294603,[176352 207856  22440],705.408,831.424,897.6
5035,2026-02-25 05:44:21.977972+00:00,,True,864691135618339945,True,True,dendrite_extended,axon_partially_extended,91572414475416305,864691135618339945,[194896 229632  21944],779.584,918.528,877.76
5036,2026-02-25 05:44:21.992919+00:00,,True,864691135343923633,True,True,dendrite_extended,axon_partially_extended,91011320148730509,864691135343923633,[190560 243792  23078],762.24,975.168,923.12
5037,2026-02-25 05:44:22.009169+00:00,,True,864691136336179123,True,True,dendrite_extended,axon_partially_extended,85365396727134600,864691136336179123,[149888 121376  23978],599.552,485.504,959.12
5038,2026-02-25 05:44:22.024887+00:00,,True,864691134887460346,True,True,dendrite_extended,axon_partially_extended,97683156169471437,864691134887460346,[239552 145184  19214],958.208,580.736,768.56
5039,2026-02-25 05:44:22.043596+00:00,,True,864691135764946742,True,True,dendrite_extended,axon_partially_extended,89742827327621719,864691135764946742,[181664 230080  23045],726.656,920.32,921.8
5040,2026-02-25 05:44:22.057712+00:00,,True,864691137056396406,False,True,none,axon_partially_extended,113027529203487306,864691137056396406,[351023 175187  27314],1404.092,700.748,1092.56
5041,2026-02-25 05:44:22.071733+00:00,,True,864691135584629613,True,True,dendrite_clean,axon_partially_extended,88039133725295540,864691135584629613,[169040 119120  20839],676.16,476.48,833.56
5042,2026-02-25 05:44:22.086296+00:00,,True,864691135369668089,True,True,dendrite_extended,axon_fully_extended,88328030740880370,864691135369668089,[171392 174480  23276],685.568,697.92,931.04
5044,2026-02-25 05:44:22.114153+00:00,,True,864691136314485053,True,True,dendrite_extended,axon_partially_extended,90652672998553029,864691136314485053,[188176 192800  21719],752.704,771.2,868.76
5045,2026-02-25 05:44:22.127168+00:00,,True,864691136196979020,True,True,dendrite_extended,axon_partially_extended,90863916669976858,864691136196979020,[189520 193968  21684],758.08,775.872,867.36
5046,2026-02-25 05:44:22.141519+00:00,,True,864691136331214058,True,True,dendrite_clean,axon_partially_extended,90573576947672080,864691136331214058,[187920 127824  22032],751.68,511.296,881.28
5047,2026-02-25 05:44:22.154884+00:00,,True,864691136011733934,True,True,dendrite_extended,axon_fully_extended,93044316746135177,864691136011733934,[205360 186512  20229],821.44,746.048,809.16
5048,2026-02-25 05:44:22.166916+00:00,,True,864691134887444986,True,True,dendrite_extended,axon_partially_extended,90079140245935801,864691134887444986,[184208 114224  21914],736.832,456.896,876.56
5049,2026-02-25 05:44:22.180691+00:00,,True,864691136968687310,False,True,none,axon_partially_extended,88884108410832188,864691136968687310,[175153 123342  20508],700.612,493.368,820.32
5050,2026-02-25 05:44:22.194185+00:00,,True,864691135369651193,True,True,dendrite_extended,axon_partially_extended,87969795773021721,864691135369651193,[168512 127088  20650],674.048,508.352,826.0
5051,2026-02-25 05:44:22.208528+00:00,,True,864691136196383190,True,True,dendrite_extended,axon_fully_extended,91283999032408003,864691136196383190,[192896 177952  23056],771.584,711.808,922.24
5052,2026-02-25 05:44:22.221536+00:00,,True,864691136373008520,True,True,dendrite_extended,axon_partially_extended,89237189351069787,864691136373008520,[178000 132432  22862],712.0,529.728,914.48
5053,2026-02-25 05:44:22.234960+00:00,,True,864691136118878116,True,True,dendrite_extended,axon_partially_extended,90863710511363593,864691136118878116,[189600 192320  21518],758.4,769.28,860.72
5054,2026-02-25 05:44:22.249356+00:00,,True,864691136034482107,True,True,dendrite_extended,axon_partially_extended,90149783800585863,864691136034482107,[184432 116416  21136],737.728,465.664,845.44
5055,2026-02-25 05:44:22.262196+00:00,,True,864691136381324501,True,True,dendrite_extended,axon_fully_extended,90291758105121253,864691136381324501,[185632 125328  19972],742.528,501.312,798.88
5056,2026-02-25 05:44:22.276826+00:00,,True,864691136392785279,True,True,dendrite_clean,axon_partially_extended,89943144267236872,864691136392785279,[183056 149488  20894],732.224,597.952,835.76
5057,2026-02-25 05:44:22.292576+00:00,,True,864691134942595939,True,True,dendrite_extended,axon_fully_extended,92411685511912737,864691134942595939,[200992 191392  22478],803.968,765.568,899.12
5058,2026-02-25 05:44:22.306800+00:00,,True,864691136086632812,True,True,dendrite_extended,axon_partially_extended,91205933573000605,864691136086632812,[192176 120944  22354],768.704,483.776,894.16
5059,2026-02-25 05:44:22.320272+00:00,,True,864691135929072340,True,True,dendrite_extended,axon_fully_extended,90160847636186223,864691135929072340,[184512 198528  21011],738.048,794.112,840.44
5060,2026-02-25 05:44:22.333108+00:00,,True,864691135739587697,True,True,dendrite_clean,axon_partially_extended,89167988636844004,864691135739587697,[177680 141296  21464],710.72,565.184,858.56
5061,2026-02-25 05:44:22.346649+00:00,,True,864691136336192947,True,True,dendrite_extended,axon_partially_extended,90367487102979515,864691136336192947,[185968 165312  21220],743.872,661.248,848.8
5062,2026-02-25 05:44:22.360249+00:00,,True,864691135448303762,True,True,dendrite_clean,axon_partially_extended,88320402543343348,864691135448303762,[171360 117872  20664],685.44,471.488,826.56
5063,2026-02-25 05:44:22.374532+00:00,,True,864691135757092306,True,True,dendrite_clean,axon_partially_extended,89590407193189813,864691135757092306,[180384 142640  20916],721.536,570.56,836.64
5064,2026-02-25 05:44:22.389394+00:00,,True,864691136288604355,True,True,dendrite_clean,axon_partially_extended,89095077338779923,864691136288604355,[176848 122368  21671],707.392,489.472,866.84
5065,2026-02-25 05:44:22.403015+00:00,,True,864691136108410329,True,True,dendrite_clean,axon_partially_extended,90150471062313845,864691136108410329,[184464 121424  21520],737.856,485.696,860.8
5066,2026-02-25 05:44:22.417333+00:00,,True,864691135480892614,True,True,dendrite_extended,axon_partially_extended,88117336690893366,864691135480892614,[169760 177696  22191],679.04,710.784,887.64
5067,2026-02-25 05:44:22.431133+00:00,,True,864691136043380566,True,True,dendrite_extended,axon_fully_extended,89868033879005359,864691136043380566,[182720 114128  20744],730.88,456.512,829.76
5068,2026-02-25 05:44:22.520559+00:00,,True,864691135810473245,True,True,dendrite_clean,axon_partially_extended,89872913096018075,864691135810473245,[182592 150528  21722],730.368,602.112,868.88
5069,2026-02-25 05:44:22.536116+00:00,,True,864691135779049056,True,True,dendrite_extended,axon_partially_extended,89527597792764820,864691135779049056,[179776 198880  22450],719.104,795.52,898.0
5070,2026-02-25 05:44:22.549293+00:00,,True,864691135858282030,True,True,dendrite_extended,axon_partially_extended,89033642126703313,864691135858282030,[176368 188864  21766],705.472,755.456,870.64
5071,2026-02-25 05:44:22.562612+00:00,,True,864691135492749415,True,True,dendrite_clean,axon_partially_extended,90078384398822296,864691135492749415,[184320 108624  22468],737.28,434.496,898.72
5072,2026-02-25 05:44:22.577679+00:00,,True,864691135727929663,True,True,dendrite_extended,axon_fully_extended,91696796593956870,864691135727929663,[195888 108064  20798],783.552,432.256,831.92
5073,2026-02-25 05:44:22.593067+00:00,,True,864691136453384959,True,True,dendrite_extended,axon_partially_extended,91206689486835668,864691136453384959,[192320 126576  22029],769.28,506.304,881.16
5074,2026-02-25 05:44:22.608394+00:00,,True,864691136524172689,True,True,dendrite_clean,axon_partially_extended,88251064725641695,864691136524172689,[171024 125472  21780],684.096,501.888,871.2
5075,2026-02-25 05:44:22.625870+00:00,,True,864691135466236229,True,True,dendrite_clean,axon_partially_extended,89803712649970203,864691135466236229,[181840 159280  22182],727.36,637.12,887.28
5076,2026-02-25 05:44:22.640108+00:00,,True,864691135362357319,True,True,dendrite_extended,axon_partially_extended,88955645453268928,864691135362357319,[175792 131824  21078],703.168,527.296,843.12
5077,2026-02-25 05:44:22.654008+00:00,,True,864691135351022807,True,True,dendrite_clean,axon_partially_extended,88319165861083151,864691135351022807,[171472 108720  22630],685.888,434.88,905.2
5078,2026-02-25 05:44:22.668413+00:00,,True,864691134942472035,True,True,dendrite_extended,axon_fully_extended,89376964498407119,864691134942472035,[178896 125216  20864],715.584,500.864,834.56
5079,2026-02-25 05:44:22.683704+00:00,,True,864691135619865231,True,True,dendrite_extended,axon_partially_extended,88753747697717397,864691135619865231,[174432 200608  21567],697.728,802.432,862.68
5080,2026-02-25 05:44:22.700417+00:00,,True,864691135741889940,True,True,dendrite_extended,axon_partially_extended,91211362277452178,864691135741889940,[192320 161120  21368],769.28,644.48,854.72
5081,2026-02-25 05:44:22.718095+00:00,,True,864691134991032954,True,True,dendrite_clean,axon_partially_extended,88678774815732555,864691134991032954,[173888 166304  22116],695.552,665.216,884.64
5083,2026-02-25 05:44:22.748575+00:00,,True,864691136489623826,True,True,dendrite_extended,axon_partially_extended,89524986251327318,864691136489623826,[179792 179488  20946],719.168,717.952,837.84
5084,2026-02-25 05:44:22.763049+00:00,,True,864691135258628527,True,True,dendrite_extended,axon_partially_extended,89171768073684422,864691135258628527,[177616 169296  20306],710.464,677.184,812.24
5085,2026-02-25 05:44:22.778802+00:00,,True,864691136118882468,True,True,dendrite_extended,axon_fully_extended,92129798016713598,864691136118882468,[198976 188224  20638],795.904,752.896,825.52
5086,2026-02-25 05:44:22.793710+00:00,,True,864691135466333509,True,True,dendrite_extended,axon_partially_extended,91284479934902503,864691135466333509,[192736 181920  22366],770.944,727.68,894.64
5087,2026-02-25 05:44:22.808428+00:00,,True,864691134991067002,True,True,dendrite_extended,axon_partially_extended,88605588438852384,864691134991067002,[173584 145120  21127],694.336,580.48,845.08
5088,2026-02-25 05:44:22.823553+00:00,,True,864691135618332265,True,True,dendrite_extended,axon_fully_extended,88751480156247934,864691135618332265,[174208 183552  23071],696.832,734.208,922.84
5089,2026-02-25 05:44:22.837083+00:00,,True,864691136620797837,True,True,dendrite_extended,axon_partially_extended,89381362142317621,864691136620797837,[179024 158224  17867],716.096,632.896,714.68
5090,2026-02-25 05:44:22.851907+00:00,,True,864691135496444816,True,True,dendrite_extended,axon_partially_extended,89448226595873077,864691135496444816,[179392 131872  20955],717.568,527.488,838.2
5091,2026-02-25 05:44:22.867151+00:00,,True,864691135686540471,True,True,dendrite_extended,axon_fully_extended,92832454733302457,864691135686540471,[204096 180704  21044],816.384,722.816,841.76
5093,2026-02-25 05:44:22.899188+00:00,,True,864691135741874836,True,True,dendrite_extended,axon_fully_extended,90219190606187504,864691135741874836,[185248 109248  22072],740.992,436.992,882.88
5095,2026-02-26 05:50:48.466516+00:00,,True,864691136381325781,True,True,dendrite_extended,axon_fully_extended,89737260647882239,864691136381325781,[181552 188512  20422],726.208,754.048,816.88
5096,2026-02-26 05:50:48.530092+00:00,,True,864691135727961663,True,True,dendrite_extended,axon_fully_extended,96206306163292417,864691135727961663,[228576 152208  21170],914.304,608.832,846.8
5097,2026-02-26 05:50:48.551938+00:00,,True,864691136954023903,True,True,dendrite_extended,axon_fully_extended,83183140822563732,864691136954023903,[133856 114896  22425],535.424,459.584,897.0
5098,2026-02-26 05:50:48.570262+00:00,,True,864691136438529438,True,True,dendrite_extended,axon_fully_extended,90432495661088122,864691136438529438,[186912 125280  20919],747.648,501.12,836.76
5099,2026-02-26 05:50:48.588840+00:00,,True,864691135309733190,True,True,dendrite_extended,axon_partially_extended,89724410373767444,864691135309733190,[181792  92752  22125],727.168,371.008,885.0
5100,2026-02-26 05:50:48.608985+00:00,,True,864691136438585502,True,True,dendrite_extended,axon_partially_extended,95851301212332744,864691136438585502,[226176 128544  20211],904.704,514.176,808.44
5101,2026-02-26 05:50:48.628468+00:00,,True,864691135732518585,True,True,dendrite_extended,axon_fully_extended,90080377196136262,864691135732518585,[184128 123408  21604],736.512,493.632,864.16
5102,2026-02-26 05:50:48.647089+00:00,,True,864691135584646253,True,True,dendrite_extended,axon_fully_extended,89378751472802282,864691135584646253,[179120 138848  22570],716.48,555.392,902.8
5103,2026-02-26 05:50:48.665182+00:00,,True,864691135309722950,True,True,dendrite_extended,axon_fully_extended,91274859207930308,864691135309722950,[192896 110208  22174],771.584,440.832,886.96
5104,2026-02-26 05:50:48.681742+00:00,,True,864691136336107187,True,True,dendrite_extended,axon_fully_extended,90792860730994376,864691136336107187,[189472 189024  21637],757.888,756.096,865.48
5105,2026-02-26 05:50:48.701659+00:00,,True,864691135504315317,True,True,dendrite_extended,axon_partially_extended,101552818623891600,864691135504315317,[267568 140736  19151],1070.272,562.944,766.04
5106,2026-02-26 05:50:48.722710+00:00,,True,864691135861182824,True,True,dendrite_extended,axon_partially_extended,91289908706294000,864691135861182824,[192896 221904  21701],771.584,887.616,868.04
5108,2026-02-26 05:50:48.764167+00:00,,True,864691136425681967,True,True,dendrite_extended,axon_fully_extended,89244404829115036,864691136425681967,[178016 186544  22452],712.064,746.176,898.08
5109,2026-02-26 05:50:48.780484+00:00,,True,864691136013554851,True,True,dendrite_extended,axon_partially_extended,89031649060599257,864691136013554851,[176432 174048  20260],705.728,696.192,810.4
5110,2026-02-26 05:50:48.799926+00:00,,True,864691135274816017,True,True,dendrite_clean,axon_partially_extended,89168950910397547,864691135274816017,[177456 148592  22597],709.824,594.368,903.88
5111,2026-02-26 05:50:48.819397+00:00,,True,864691136314457149,True,True,dendrite_extended,axon_partially_extended,90861511555202329,864691136314457149,[189728 176128  22032],758.912,704.512,881.28
5112,2026-02-26 05:50:48.838437+00:00,,True,864691136927688266,True,True,dendrite_extended,axon_fully_extended,90223244988158039,864691136927688266,[185232 139184  21509],740.928,556.736,860.36
5113,2026-02-26 05:50:48.856875+00:00,,True,864691136381346005,True,True,dendrite_clean,axon_partially_extended,90368036724879412,864691136381346005,[186032 169312  20439],744.128,677.248,817.56
5114,2026-02-28 05:21:43.501722+00:00,,True,864691135717457946,True,True,dendrite_extended,axon_fully_extended,91282830667465901,864691135717457946,[192784 169264  22380],771.136,677.056,895.2
5115,2026-02-28 05:21:43.568117+00:00,,True,864691135717457178,True,True,dendrite_extended,axon_fully_extended,91211706008680645,864691135717457178,[192288 163952  22058],769.152,655.808,882.32
5117,2026-02-28 05:21:43.611624+00:00,,True,864691135742097044,True,True,dendrite_extended,axon_fully_extended,91000668496032278,864691135742097044,[190512 164080  22420],762.048,656.32,896.8
5118,2026-02-28 05:21:43.628941+00:00,,True,864691136229363025,True,True,dendrite_extended,axon_fully_extended,89945205851390943,864691136229363025,[182928 164912  20727],731.712,659.648,829.08
5119,2026-02-28 05:21:43.649776+00:00,,True,864691135728030015,True,True,dendrite_extended,axon_fully_extended,91282211923783175,864691135728030015,[192576 164976  20306],770.304,659.904,812.24
5120,2026-02-28 05:21:43.671283+00:00,,True,864691136453442303,True,True,dendrite_extended,axon_fully_extended,91071243331528296,864691136453442303,[191344 165760  21883],765.376,663.04,875.32
5121,2026-02-28 05:21:43.689950+00:00,,True,864691136058895576,True,True,dendrite_extended,axon_fully_extended,91071586861778917,864691136058895576,[191088 168400  21349],764.352,673.6,853.96
5122,2026-02-28 05:21:43.710226+00:00,,True,864691135295330828,True,True,dendrite_extended,axon_fully_extended,90016193003955468,864691135295330828,[183376 169456  20428],733.504,677.824,817.12
5123,2026-02-28 05:21:43.727928+00:00,,True,864691135396940021,True,True,dendrite_extended,axon_fully_extended,88890087207131537,864691135396940021,[175584 167904  22492],702.336,671.616,899.68
5124,2026-02-28 05:21:43.744096+00:00,,True,864691136968773070,True,True,dendrite_extended,axon_fully_extended,91071105892389024,864691136968773070,[191376 164656  21712],765.504,658.624,868.48
5125,2026-02-28 05:21:43.766247+00:00,,True,864691135939949365,True,True,dendrite_extended,axon_fully_extended,88749418371135815,864691135939949365,[174592 168448  21974],698.368,673.792,878.96
5126,2026-02-28 05:28:05.992128+00:00,,True,864691135547082280,True,True,dendrite_extended,axon_partially_extended,85302861869121580,864691135547082280,[149456 179584  22979],597.824,718.336,919.16
5127,2026-02-28 05:28:06.013790+00:00,,True,864691135398925345,True,True,dendrite_clean,axon_partially_extended,88461483695978011,864691135398925345,[172384 120448  21000],689.536,481.792,840.0
5128,2026-02-28 05:28:06.045661+00:00,,True,864691136314491965,True,True,dendrite_extended,axon_partially_extended,88744676794369404,864691136314491965,[174496 133136  22519],697.984,532.544,900.76
5129,2026-02-28 05:28:06.066995+00:00,,True,864691135685620210,True,True,dendrite_clean,axon_partially_extended,88747631731597186,864691135685620210,[174128 155296  22262],696.512,621.184,890.48
5131,2026-02-28 05:28:06.112542+00:00,,True,864691135878649171,True,True,dendrite_clean,axon_partially_extended,90929406197281411,864691136524297617,[190032 157648  20811],760.128,630.592,832.44
5132,2026-02-28 05:28:06.132809+00:00,,True,864691135955962888,True,True,dendrite_extended,axon_partially_extended,88261097567929785,864691135955962888,[170896 200304  20247],683.584,801.216,809.88
5133,2026-02-28 05:28:06.156279+00:00,,True,864691135778572973,True,True,dendrite_extended,axon_partially_extended,96346563018303745,864691135778572973,[229904 148176  24546],919.616,592.704,981.84
5134,2026-02-28 05:28:06.181530+00:00,,True,864691135562978017,True,False,dendrite_extended,none,88263503017918441,864691135562978017,[170672 217888  22192],682.688,871.552,887.68
5135,2026-02-28 05:28:06.201856+00:00,,True,864691136331247338,True,True,dendrite_extended,axon_fully_extended,90714589247340842,864691136331247338,[188816 129840  21956],755.264,519.36,878.24
5136,2026-02-28 05:28:06.225609+00:00,,True,864691136392806271,True,True,dendrite_extended,axon_fully_extended,88818344207406508,864691136392806271,[174688 157696  23299],698.752,630.784,931.96
5137,2026-02-28 05:28:06.244753+00:00,,True,864691134920000010,True,True,dendrite_extended,axon_fully_extended,93325860509270589,864691134920000010,[207680 186912  20614],830.72,747.648,824.56
5138,2026-02-28 05:28:06.264749+00:00,,True,864691135511532809,False,True,none,axon_fully_extended,96784169048263695,864691135511532809,[232486 263076  27160],929.944,1052.304,1086.4
5139,2026-02-28 05:28:06.287381+00:00,,True,864691136288752835,False,True,none,axon_fully_extended,115994492074611273,864691136288752835,[372331 260297  23266],1489.324,1041.188,930.64
5140,2026-02-28 05:28:06.307530+00:00,,True,864691135971464805,True,True,dendrite_extended,axon_partially_extended,87558303747778154,864691135971464805,[165584 206976  22322],662.336,827.904,892.88
5141,2026-02-28 05:28:06.327908+00:00,,True,864691135210446457,True,True,dendrite_extended,axon_fully_extended,96984554573223783,864691135210446457,[234301 183249  24049],937.204,732.996,961.96
5142,2026-02-28 05:28:06.349704+00:00,,True,864691135210443897,True,True,dendrite_extended,axon_fully_extended,91211499985052381,864691135210443897,[192064 162288  23552],768.256,649.152,942.08
5144,2026-03-05 02:19:41.096493+00:00,,True,864691135783308368,True,True,dendrite_clean,axon_partially_extended,90928238167601975,864691135783308368,[190096 148832  22467],760.384,595.328,898.68
5145,2026-03-05 02:19:41.180582+00:00,,True,864691135703164283,True,True,dendrite_clean,axon_partially_extended,89874906028249399,864691135703164283,[182768 165328  22488],731.072,661.312,899.52
5146,2026-03-05 02:19:41.203659+00:00,,True,864691136177778950,True,True,dendrite_clean,axon_partially_extended,89234715315318693,864691136177778950,[177760 114352  21510],711.04,457.408,860.4
5147,2026-03-05 02:19:41.229679+00:00,,True,864691136010651052,True,True,dendrite_clean,axon_fully_extended,90148821795140164,864691136010651052,[184384 108896  21755],737.536,435.584,870.2
5148,2026-03-05 02:19:41.252881+00:00,,True,864691135493686111,True,True,dendrite_clean,axon_partially_extended,88674376635434834,864691135493686111,[173632 133776  21477],694.528,535.104,859.08
5149,2026-03-05 02:19:41.277263+00:00,,True,864691135504081986,True,True,dendrite_extended,axon_partially_extended,88670940795365171,864691135504081986,[173760 107744  22090],695.04,430.976,883.6
5150,2026-03-05 02:19:41.300827+00:00,,True,864691134887552506,True,True,dendrite_clean,axon_partially_extended,88882596716825922,864691134887552506,[175184 112320  21779],700.736,449.28,871.16
5151,2026-03-05 02:19:41.322303+00:00,,True,864691137022180974,True,True,dendrite_extended,axon_fully_extended,90159472777359348,864691137022180974,[184832 188480  17848],739.328,753.92,713.92
5152,2026-03-05 02:19:41.342663+00:00,,True,864691135465098653,True,True,dendrite_extended,axon_partially_extended,91714388981005932,864691135465098653,[196048 238960  22080],784.192,955.84,883.2
5153,2026-03-05 02:19:41.362870+00:00,,True,864691136120841752,True,True,dendrite_clean,axon_partially_extended,88255943607399568,864691135474504498,[170560 161920  20443],682.24,647.68,817.72
5154,2026-03-05 02:19:41.384712+00:00,,True,864691135215381304,True,True,dendrite_clean,axon_partially_extended,90225237719357429,864691135215381304,[185136 154112  20978],740.544,616.448,839.12
5155,2026-03-05 02:19:41.407548+00:00,,True,864691135562975969,True,True,dendrite_extended,axon_fully_extended,89376140065988251,864691135562975969,[178896 119456  22395],715.584,477.824,895.8
5156,2026-03-05 02:19:41.433159+00:00,,True,864691136268801268,True,True,dendrite_extended,axon_partially_extended,90571377656296855,864691136268801268,[187792 111456  20239],751.168,445.824,809.56
5157,2026-03-05 02:19:41.458597+00:00,,True,864691136011768494,True,True,dendrite_clean,axon_partially_extended,88326587430689074,864691136011768494,[171264 163856  21889],685.056,655.424,875.56
5158,2026-03-05 02:19:41.483391+00:00,,True,864691135570381292,True,True,dendrite_extended,axon_partially_extended,88323220109029208,864691135570381292,[171360 138880  21195],685.44,555.52,847.8
5159,2026-03-05 02:19:41.508698+00:00,,True,864691135499964947,True,True,dendrite_extended,axon_partially_extended,90440054937516458,864691135499964947,[186720 181760  21718],746.88,727.04,868.72
5160,2026-03-05 02:19:41.530726+00:00,,True,864691135067961412,True,True,dendrite_extended,axon_fully_extended,89516121639791892,864691135067961412,[180096 113808  22118],720.384,455.232,884.72
5161,2026-03-05 02:19:41.552402+00:00,,True,864691135137299481,True,True,dendrite_extended,axon_fully_extended,88539205357561713,864691135137299481,[172976 174864  20955],691.904,699.456,838.2
5162,2026-03-05 02:19:41.574421+00:00,,True,864691135840033171,True,True,dendrite_extended,axon_partially_extended,88116305764513351,864691135840033171,[169520 170016  21144],678.08,680.064,845.76
5163,2026-03-05 02:19:41.601253+00:00,,True,864691136976001308,True,True,dendrite_clean,axon_partially_extended,89938540196086387,864691136976001308,[183184 115008  21547],732.736,460.032,861.88
5164,2026-03-05 02:19:41.624152+00:00,,True,864691135060882843,True,True,dendrite_extended,axon_partially_extended,88680286375941824,864691135060882843,[174096 177488  20178],696.384,709.952,807.12
5165,2026-03-05 02:19:41.645874+00:00,,True,864691135779780797,True,True,dendrite_extended,axon_fully_extended,89452762483723718,864691135779780797,[179600 165824  23780],718.4,663.296,951.2
5166,2026-03-05 02:19:41.669790+00:00,,True,864691135810531357,True,True,dendrite_extended,axon_partially_extended,86702127585501688,864691135810531357,[159328 119456  20506],637.312,477.824,820.24
5167,2026-03-05 02:19:41.697215+00:00,,True,864691135258642863,True,True,dendrite_extended,axon_partially_extended,90160916423054452,864691135258642863,[184768 198896  21743],739.072,795.584,869.72
5168,2026-03-05 02:19:41.721381+00:00,,True,864691135405751534,True,True,dendrite_clean,axon_partially_extended,89945068479458956,864691135274860817,[183280 163568  21184],733.12,654.272,847.36
5169,2026-03-05 02:19:41.744338+00:00,,True,864691135587771772,True,True,dendrite_clean,axon_partially_extended,90085325065587670,864691135587771772,[184048 160016  22117],736.192,640.064,884.68
5170,2026-03-05 02:19:41.769536+00:00,,True,864691136619693275,True,True,dendrite_extended,axon_partially_extended,90509873724584406,864691136619693275,[187312 177632  20229],749.248,710.528,809.16
5171,2026-03-05 02:19:41.792429+00:00,,True,864691136312445786,True,True,dendrite_extended,axon_fully_extended,87551294361358628,864691136312445786,[165744 154416  22523],662.976,617.664,900.92
5172,2026-03-05 02:19:41.813793+00:00,,True,864691135281109665,True,True,dendrite_extended,axon_fully_extended,90158580229047129,864691135281109665,[184784 181584  23600],739.136,726.336,944.0
5173,2026-03-05 02:19:41.834536+00:00,,True,864691136010650796,True,True,dendrite_extended,axon_partially_extended,88952415973478863,864691136010650796,[176112 108208  23692],704.448,432.832,947.68
5174,2026-03-05 02:19:41.857838+00:00,,True,864691136268801012,True,True,dendrite_extended,axon_partially_extended,89173761139991720,864691136268801012,[177328 184400  21991],709.312,737.6,879.64
5175,2026-03-05 02:19:41.881425+00:00,,True,864691136331249642,True,True,dendrite_clean,axon_partially_extended,90361302349957438,864691136331249642,[186272 119424  21100],745.088,477.696,844.0
5176,2026-03-05 02:19:41.901016+00:00,,True,864691135751149353,True,True,dendrite_clean,axon_partially_extended,88042363741612639,864691135751149353,[169456 143168  22057],677.824,572.672,882.28
5177,2026-03-05 02:19:41.922775+00:00,,True,864691136229366097,True,True,dendrite_extended,axon_partially_extended,88188392562840357,864691136229366097,[170192 182624  21778],680.768,730.496,871.12
5178,2026-03-05 02:19:41.942084+00:00,,True,864691135593133067,True,True,dendrite_extended,axon_fully_extended,90789630848344624,864691135593133067,[189040 164896  21017],756.16,659.584,840.68
5179,2026-03-06 18:54:36.490903+00:00,,True,864691135577816862,True,True,dendrite_extended,axon_fully_extended,90155899901322754,864691135577816862,[184608 161808  21806],738.432,647.232,872.24
5180,2026-03-06 18:54:36.539236+00:00,,True,864691136111556792,True,True,dendrite_extended,axon_fully_extended,88819718462667549,864691136111556792,[175088 167776  22240],700.352,671.104,889.6
5181,2026-03-06 18:54:36.563903+00:00,,True,864691136421324951,True,True,dendrite_extended,axon_fully_extended,89522581002527688,864691136421324951,[179904 161840  20397],719.616,647.36,815.88
5182,2026-03-06 18:54:36.586783+00:00,,True,864691135305643175,True,True,dendrite_extended,axon_fully_extended,89311681263608674,864691135305643175,[178224 163456  22632],712.896,653.824,905.28
5183,2026-03-06 18:54:36.611797+00:00,,True,864691135886300016,True,True,dendrite_extended,axon_fully_extended,88256012393674444,864691135886300016,[170784 162192  20696],683.136,648.768,827.84
5184,2026-03-06 18:54:36.634499+00:00,,True,864691135336954857,True,True,dendrite_extended,axon_fully_extended,89241312385277819,864691135336954857,[177856 163248  21678],711.424,652.992,867.12
5185,2026-03-06 18:54:36.657569+00:00,,True,864691135465100189,True,True,dendrite_extended,axon_fully_extended,89100643549328291,864691135465100189,[177072 163712  21174],708.288,654.848,846.96
5186,2026-03-06 18:54:36.681888+00:00,,True,864691134966710559,True,True,dendrite_extended,axon_fully_extended,90156587095957101,864691134966710559,[184768 167088  21715],739.072,668.352,868.6
5187,2026-03-06 18:54:36.705267+00:00,,True,864691135060869787,True,True,dendrite_extended,axon_fully_extended,89030206085817235,864691135060869787,[176352 163120  21342],705.408,652.48,853.68
5188,2026-03-06 18:54:36.722938+00:00,,True,864691135504203357,True,True,dendrite_extended,axon_fully_extended,91071518343250551,864691135504203357,[191280 167840  22558],765.12,671.36,902.32
5189,2026-03-06 20:48:04.513888+00:00,,True,864691135811658700,True,True,dendrite_extended,axon_partially_extended,88824253679891664,864691135811658700,[174816 201840  20364],699.264,807.36,814.56
5190,2026-03-06 20:48:04.564150+00:00,,True,864691135102433056,True,True,dendrite_clean,axon_partially_extended,89030274670913953,864691135102433056,[176480 163584  20145],705.92,654.336,805.8
5191,2026-03-06 20:48:04.592699+00:00,,True,864691135375888840,True,True,dendrite_clean,axon_partially_extended,88889056280708012,864691135375888840,[175328 160160  21416],701.312,640.64,856.64
5192,2026-03-06 20:48:04.612521+00:00,,True,864691135357351375,True,True,dendrite_clean,axon_partially_extended,90366868694989123,864691135357351375,[186160 160464  21885],744.64,641.856,875.4
5193,2026-03-06 20:48:04.630827+00:00,,True,864691134966714655,True,True,dendrite_clean,axon_partially_extended,88396406217513570,864691134966714655,[171760 159584  20144],687.04,638.336,805.76
5194,2026-03-06 20:48:04.660823+00:00,,True,864691136118921124,True,True,dendrite_clean,axon_partially_extended,90859106105350713,864691136118921124,[189840 157952  20196],759.36,631.808,807.84
5195,2026-03-06 20:48:04.680293+00:00,,True,864691136927801674,True,True,dendrite_clean,axon_partially_extended,90437237237879675,864691136927801674,[186640 160640  20393],746.56,642.56,815.72
5196,2026-03-06 20:48:04.698870+00:00,,True,864691135165079085,True,True,dendrite_clean,axon_partially_extended,88608199645116764,864691135165079085,[173344 165056  20390],693.376,660.224,815.6
5197,2026-03-06 20:48:04.716609+00:00,,True,864691136239980604,True,True,dendrite_clean,axon_partially_extended,88818893694743933,864691136239980604,[174816 161936  21221],699.264,647.744,848.84
5198,2026-03-06 20:48:04.731588+00:00,,True,864691135765013302,True,True,dendrite_clean,axon_partially_extended,89451868861833821,864691135765013302,[179264 159232  21546],717.056,636.928,861.84
5199,2026-03-06 20:48:04.751239+00:00,,True,864691136177799686,True,True,dendrite_clean,axon_partially_extended,88748181285875568,864691136177799686,[174272 159248  20540],697.088,636.992,821.6
5200,2026-03-06 20:48:04.770466+00:00,,True,864691135196592938,True,True,dendrite_clean,axon_partially_extended,90227093077726740,864691135196592938,[185264 167696  20139],741.056,670.784,805.56
5201,2026-03-06 20:48:04.792094+00:00,,True,864691135469845388,True,True,dendrite_extended,axon_partially_extended,91284136337126732,864691135469845388,[193008 179328  22026],772.032,717.312,881.04
5202,2026-03-06 20:48:04.817726+00:00,,True,864691135783317840,False,True,none,axon_fully_extended,84959265088916175,864691135783317840,[146677 241042  27160],586.708,964.168,1086.4
5203,2026-03-06 20:48:04.839585+00:00,,True,864691135258646703,True,True,dendrite_extended,axon_fully_extended,88392695500113733,864691135258646703,[171888 132064  21298],687.552,528.256,851.92
5204,2026-03-06 20:48:04.862838+00:00,,True,864691135743102827,True,True,dendrite_extended,axon_fully_extended,90855876424176600,864691135743102827,[189792 134272  21227],759.168,537.088,849.08
5205,2026-03-06 20:48:04.883638+00:00,,True,864691136034526651,True,True,dendrite_extended,axon_partially_extended,88470829612207965,864691136034526651,[172192 189648  21784],688.768,758.592,871.36
5206,2026-03-06 20:48:04.901997+00:00,,True,864691135660029314,True,True,dendrite_extended,axon_partially_extended,92975597001239106,864691135660029314,[205104 198656  18410],820.416,794.624,736.4
5207,2026-03-06 20:48:04.918876+00:00,,True,864691136381347029,True,True,dendrite_extended,axon_partially_extended,91495036277230087,864691136381347029,[194448 177616  21174],777.792,710.464,846.96
5208,2026-03-06 20:48:04.936671+00:00,,True,864691135470860370,True,True,dendrite_extended,axon_partially_extended,90994346438034296,864691135470860370,[190592 117440  23093],762.368,469.76,923.72
5209,2026-03-06 20:48:04.965249+00:00,,True,864691135858363694,True,True,dendrite_extended,axon_partially_extended,89876555228481414,864691135858363694,[182400 177392  21876],729.6,709.568,875.04
5210,2026-03-06 20:48:04.986705+00:00,,True,864691136111559352,True,True,dendrite_clean,axon_partially_extended,88391183537481077,864691136111559352,[172032 120608  20309],688.128,482.432,812.36
5211,2026-03-06 20:48:05.008887+00:00,,True,864691135920851376,True,True,dendrite_extended,axon_partially_extended,91272797422269509,864691135920851376,[192656  94768  20588],770.624,379.072,823.52
5212,2026-03-06 20:48:05.024490+00:00,,True,864691135480916422,True,True,dendrite_clean,axon_partially_extended,90225856462565231,864691135480916422,[185056 158720  22583],740.224,634.88,903.32
5213,2026-03-06 20:48:05.042556+00:00,,True,864691135886314096,True,True,dendrite_clean,axon_partially_extended,88256218753380966,864691135886314096,[170848 163648  22182],683.392,654.592,887.28
