idx_a,idx_b,dist_um,syn_ab,syn_ba,syn_total,root_id_a,root_id_b
583,1151,5.786273412136726,0,0,0,864691136052637171,864691135389195393
1134,1323,5.95975838436422,0,0,0,864691135490505018,864691136211371452
249,1471,6.179418742891586,0,0,0,864691135938404612,864691135646493679
1611,1873,6.352065490846311,0,0,0,864691135496262032,864691136312150874
566,1672,6.390412819215992,0,0,0,864691136579129876,864691135214986368
1074,2175,6.45056524655008,0,0,0,864691136288644291,864691135480892614
936,2145,6.585244110889131,0,0,0,864691135469807954,864691135618339945
1816,1820,6.806171317267916,0,0,0,864691135778954848,864691135990701056
694,1127,6.878511466880056,0,0,0,864691135375351369,864691135347733151
1307,1438,6.916220933428927,0,0,0,864691135476790080,864691136177127174
171,289,6.963332535503423,0,0,0,864691135855860782,864691136419760791
945,1492,7.077500123631256,0,0,0,864691135853055175,864691135336847849
249,1111,7.12110103846305,0,0,0,864691135938404612,864691134949248508
1478,1976,7.154921103688055,0,0,0,864691136239902780,864691136111294392
215,671,7.2199722991158595,0,0,0,864691135992790209,864691135417313722
183,1552,7.256811421002963,0,0,0,864691135697271450,864691136274933950
2153,2154,7.258716139924475,0,0,0,864691136314485053,864691136196979020
1023,1578,7.372793229163463,0,0,0,864691135885623408,864691135802215266
449,2260,7.413030689266032,0,0,0,864691136330407914,864691135570381292
184,1317,7.431875133504382,0,0,0,864691135565770007,864691136058023640
1107,1794,7.43559116681375,0,0,0,864691135779705021,864691135698211994
1489,2130,7.5904107925724205,0,0,0,864691135470787666,864691136391024144
1403,2226,7.632322844324678,0,0,0,864691136067382936,864691135295330828
698,2226,7.646966457360707,0,0,0,864691135569592300,864691135295330828
1071,2282,7.663185760504601,0,0,0,864691136438717086,864691136111556792
689,2292,7.666692637637241,0,0,0,864691135990004992,864691135102433056
1685,2167,7.668862757932178,0,0,0,864691135577644574,864691136086632812
583,1475,7.693392489662756,0,0,0,864691136052637171,864691135124603687
469,764,7.742479189510251,0,0,0,864691135214653240,864691135465585221
178,215,7.7595257587046795,0,0,0,864691135014734486,864691135992790209
2054,2121,7.764073157821299,0,0,0,864691135570303724,864691136058804696
118,2315,7.780282771210802,0,0,0,864691136012173475,864691135886314096
524,1985,7.838926457111397,0,0,0,864691136025333561,864691135376096329
663,958,7.841244799137495,0,0,0,864691135885635952,864691134949041148
1035,1237,7.853571926200219,0,0,0,864691135947629348,864691136424704815
310,1594,7.909702396424223,0,0,0,864691134885645050,864691135760635214
161,543,7.921292823775646,0,0,0,864691135994804394,864691135938925109
587,1254,7.928258320715855,0,0,0,864691135810773452,864691135757040082
716,1570,7.930841065107843,0,0,0,864691135725920939,864691134966324767
1356,2073,7.966558102468003,0,0,0,864691136380816597,864691135431648048
418,534,7.968080320880212,0,0,0,864691135136312089,864691136275807757
1542,1808,7.989513126592804,0,0,0,864691135741982868,864691135994134977
548,994,7.992828785855448,0,0,0,864691136488591378,864691135868415766
510,1781,7.998863919332578,0,0,0,864691136380312021,864691136111251896
1472,1473,8.002447625570582,0,0,0,864691135853088967,864691135295165196
1897,2031,8.02151107959093,0,0,0,864691135470556242,864691136091634487
1074,1580,8.0566474417092,0,0,0,864691136288644291,864691135274830353
615,1179,8.085194369957946,0,0,0,864691135868334870,864691135993615041
2224,2228,8.142667867474389,0,0,0,864691136453442303,864691136968773070
557,967,8.149298865546658,0,0,0,864691135919756208,864691136906067890
1158,1479,8.159156819181765,0,0,0,864691135398868257,864691136026198585
1514,1536,8.15957645959635,0,0,0,864691135954680867,864691136814655859
581,1464,8.199512180611734,0,0,0,864691135719900721,864691135928395278
674,688,8.205754078693776,0,0,0,864691135335937513,864691136021865976
507,1642,8.208456127677128,0,0,0,864691135726939455,864691136421279639
169,960,8.23032052838784,0,0,0,864691135946994785,864691135133991072
1497,1667,8.278670424651539,0,0,0,864691135764932662,864691136137293195
181,2119,8.3153871828076,0,0,0,864691136913135089,864691135739004292
1998,2238,8.328245913756351,0,0,0,864691136102207349,864691136331247338
1205,1381,8.333623461616249,0,0,0,864691136274695358,864691135350542039
710,974,8.359552141113758,0,0,0,864691134949081852,864691135760106830
530,1435,8.37896413645502,0,0,0,864691136021849848,864691136372630152
1132,1204,8.395720814796128,0,0,0,864691135465583685,864691135469215372
1117,2272,8.427828189990631,0,0,0,864691135360482392,864691136619693275
1268,1346,8.443938417587,0,0,0,864691135350606039,864691135727496511
1845,2032,8.508834937874887,0,0,0,864691135764583990,864691135577617694
964,1382,8.527268261289754,0,0,0,864691136596177570,864691135773776459
953,1225,8.530266115426915,0,0,0,864691135942730612,864691136913691121
1465,1537,8.531170142483365,0,0,0,864691135778773856,864691136391027728
712,722,8.534361604712986,0,0,0,864691135465113157,864691135611019015
501,1907,8.539384521146818,0,0,0,864691135731679929,864691135571356038
954,1149,8.540163932852863,0,0,0,864691135773240571,864691135211756736
686,2256,8.542516725181212,0,0,0,864691135725842603,864691135215381304
62,1411,8.544855762387074,0,0,0,864691135469422674,864691135339729126
183,948,8.54900602409424,0,0,0,864691135697271450,864691135694421439
229,1603,8.566815977946618,0,0,0,864691135101521952,864691136905758130
1261,1579,8.568567674938436,0,0,0,864691135773694795,864691135511486985
1535,2218,8.57040115747212,0,0,0,864691135726881195,864691136381346005
564,575,8.573704916779016,0,0,0,864691134941412707,864691135801463650
778,1859,8.586501033599161,0,0,0,864691136674080135,864691135060651419
1119,1155,8.593236410107613,0,0,0,864691134941824611,864691135755384269
163,684,8.610616702652592,0,0,0,864691136674744199,864691135591664907
551,2158,8.631381812896494,0,0,0,864691135271038885,864691136968687310
1190,1429,8.633719939863688,0,0,0,864691135764062006,864691135566649431
480,1043,8.63558776227773,0,0,0,864691135877825107,864691136238090767
438,528,8.670675175555747,0,0,0,864691136596060322,864691135948010081
1326,2272,8.67502530255676,0,0,0,864691135324725404,864691136619693275
620,1263,8.682712940089537,0,0,0,864691135989943040,864691136274655166
1197,1900,8.693261758396583,0,0,0,864691135716679194,864691135106357069
588,2281,8.715819181235915,0,0,0,864691135725748139,864691135577816862
2174,2207,8.72215753125337,0,0,0,864691136108410329,864691135732518585
1234,1535,8.72289493230319,0,0,0,864691136299034139,864691135726881195
1039,1239,8.728670918301342,0,0,0,864691135970210661,864691135375767369
1029,1538,8.733864207783393,0,0,0,864691135853091015,864691135757083346
580,1998,8.750829903500572,0,0,0,864691136975144988,864691136102207349
1297,1729,8.753988805110543,0,0,0,864691135686055351,864691135573315053
698,1542,8.780432791155572,0,0,0,864691135569592300,864691135741982868
26,458,8.785034547456247,0,0,0,864691135361314119,864691135993150913
543,925,8.786491449947492,0,0,0,864691135938925109,864691136742372956
274,512,8.788763735588732,0,0,0,864691135323181212,864691135948215076
1566,1812,8.789462782218239,0,0,0,864691135732210873,864691135646775791
1386,1812,8.801346260658057,0,0,0,864691136390474359,864691135646775791
1518,2225,8.810873282484524,0,0,0,864691135184104194,864691136058895576
958,1815,8.81704531007981,0,0,0,864691134949041148,864691135210061689
403,994,8.838493989362677,0,0,0,864691136905506482,864691135868415766
517,1068,8.844227043670967,0,0,0,864691135778811325,864691135738953860
2141,2176,8.845337754998388,0,0,0,864691136524282001,864691136043380566
1405,1995,8.858976916100408,0,0,0,864691135584019053,864691136108378073
1040,1822,8.866602506033555,0,0,0,864691135274038801,864691136053465587
1823,1864,8.866844308997484,0,0,0,864691135764631862,864691135727790911
69,526,8.891254129761387,0,0,0,864691135518791818,864691135591533579
750,1697,8.921693112857005,0,0,0,864691136136838027,864691135942120449
1214,1596,8.935179908653305,0,0,0,864691135214643256,864691136372759688
1475,2121,8.943273673549246,0,0,0,864691135124603687,864691136058804696
584,1328,8.94364578905055,0,0,0,864691135274860561,864691136006519498
57,2210,8.966601139785388,0,0,0,864691136974813212,864691136336107187
1731,1825,8.97559000846189,0,0,0,864691135778618029,864691135102434592
985,1258,8.980319816131313,0,0,0,864691135817195343,864691135124146727
215,1686,8.988483298087507,0,0,0,864691135992790209,864691136484596012
506,1566,9.012702147524903,0,0,0,864691135782156880,864691135732210873
463,1961,9.016340721157269,0,0,0,864691135502885954,864691136664950750
688,1371,9.05614487516624,0,0,0,864691136021865976,864691136211385020
2190,2282,9.072493813720698,0,0,0,864691134991032954,864691136111556792
2289,2299,9.143524047105645,0,0,0,864691135060869787,864691136239980604
117,983,9.190018933603978,0,0,0,864691135271590309,864691136311451226
1835,2256,9.205827719439453,0,0,0,864691136118686884,864691135215381304
729,834,9.208441344766253,0,0,0,864691135060094107,864691135562001633
1149,2254,9.249937513302447,0,0,0,864691135211756736,864691135465098653
1507,1555,9.250172755143604,0,0,0,864691135571515270,864691136975639836
1441,1471,9.250172755143636,0,0,0,864691135280481697,864691135646493679
463,721,9.25724105768019,0,0,0,864691135502885954,864691135738995588
1340,1388,9.26343348872325,0,0,0,864691135492991839,864691136380757461
492,720,9.268572274088399,0,0,0,864691136058646488,864691136211325884
419,444,9.282899547016575,0,0,0,864691137055253878,864691135276189669
1828,1903,9.283654452854282,0,0,0,864691135774053371,864691135347633055
1491,2094,9.287917312293448,0,0,0,864691135280944545,864691135060768923
1902,2016,9.306678892064497,0,0,0,864691136145574196,864691136299026971
513,1818,9.3156831204158,0,0,0,864691136138803837,864691135742756203
1116,1698,9.324613450433228,0,0,0,864691134949263100,864691135014966262
1140,2022,9.325145360797299,0,0,0,864691135990134784,864691135584625773
2155,2238,9.333528378914405,0,0,0,864691136331214058,864691136331247338
505,2048,9.343027346636672,0,0,0,864691135455400554,864691135741780116
2154,2162,9.361969023661613,0,0,0,864691136196979020,864691136118878116
1111,1471,9.38391815821091,0,0,0,864691134949248508,864691135646493679
702,1908,9.388991000102182,0,0,0,864691134966025503,864691135885996912
121,838,9.398757364673274,0,0,0,864691135503004765,864691135572576237
463,1494,9.40862923065843,0,0,0,864691135502885954,864691136137239691
982,1966,9.419978768553577,0,0,0,864691135566274391,864691135686442423
1150,2024,9.450898793236554,0,0,0,864691135662825456,864691135662774512
1847,1902,9.45490348972432,0,0,0,864691135511316745,864691136145574196
543,877,9.458480216186977,0,0,0,864691135938925109,864691137055290998
1477,2219,9.469138081156052,0,0,0,864691135732557241,864691135717457946
1642,2126,9.481755111792332,0,0,0,864691136421279639,864691135928376590
1047,1130,9.495514730650456,0,0,0,864691135214246528,864691135388545921
599,604,9.495767478197918,0,0,0,864691135725838763,864691135778335328
1692,2207,9.519287368285486,0,0,0,864691136034011579,864691135732518585
571,973,9.522571081383521,0,0,0,864691135387988609,864691135209432185
1112,1531,9.528617948055215,0,0,0,864691135640672571,864691135015154934
1236,2072,9.534526731830963,0,0,0,864691135891467401,864691135102390816
1332,1531,9.542923661017033,0,0,0,864691135493031519,864691135015154934
605,953,9.549641249806161,0,0,0,864691135279848865,864691135942730612
1569,1633,9.551463971559535,0,0,0,864691136579629844,864691136118771108
1512,1513,9.580570337928773,0,0,0,864691135493149927,864691135843242211
879,1640,9.597866429576948,0,0,0,864691135271343525,864691136011686318
1517,1985,9.636414270878994,0,0,0,864691136485007404,864691135376096329
1107,1500,9.636547099454223,0,0,0,864691135779705021,864691135520064650
1332,1868,9.64982072372332,0,0,0,864691135493031519,864691135867965317
604,1554,9.651329442102828,0,0,0,864691135778335328,864691135465795653
1502,1584,9.661933553901058,0,0,0,864691135214977920,864691135779716797
2184,2271,9.665989861364421,0,0,0,864691135466236229,864691135587771772
1516,1520,9.667601977739816,0,0,0,864691135810492189,864691135567059223
1285,1810,9.681470962617126,0,0,0,864691135842794979,864691135994077377
794,2075,9.681996488328208,0,0,0,864691136092725684,864691135573327085
184,880,9.689093249628744,0,0,0,864691135565770007,864691135941549825
1486,2248,9.694270472810224,0,0,0,864691135493620831,864691136177778950
710,712,9.717520671446996,0,0,0,864691134949081852,864691135465113157
1203,1381,9.721379326000992,0,0,0,864691135868684566,864691135350542039
505,881,9.735155263271334,0,0,0,864691135455400554,864691135386940245
558,2180,9.74147750600488,0,0,0,864691135398817569,864691135492749415
601,1391,9.757337341713617,0,0,0,864691135539591282,864691135640929595
434,933,9.764890577984032,0,0,0,864691136311179354,864691136287879619
431,981,9.779681794414412,0,0,0,864691135361432391,864691135059954075
1386,2102,9.781226916905629,0,0,0,864691136390474359,864691136914414321
78,524,9.801541103316294,0,0,0,864691135545730856,864691136025333561
1081,2299,9.805585347137594,0,0,0,864691135476311616,864691136239980604
582,2301,9.81353188204943,0,0,0,864691135562004193,864691136177799686
199,1297,9.817877571043535,0,0,0,864691136052101363,864691135686055351
569,1164,9.823791528732672,0,0,0,864691135694264511,864691135939049988
1003,1123,9.834629428707434,0,0,0,864691135619294351,864691135662070512
565,1202,9.844993854746614,0,0,0,864691136618553563,864691136196265704
550,1303,9.8620273777759,0,0,0,864691135498997267,864691134919529994
1071,2227,9.88730418263744,0,0,0,864691136438717086,864691135396940021
453,1452,9.893176638471587,0,0,0,864691136389679223,864691136102330485
743,2128,9.893956134934097,0,0,0,864691135739689073,864691135164887085
241,2293,9.894276325229715,0,0,0,864691136043283030,864691135375888840
495,1804,9.895660463051463,0,0,0,864691135398805281,864691135717163802
135,1691,9.903576727627279,0,0,0,864691135995711402,864691136381353685
727,1143,9.904042003142,0,0,0,864691135741963627,864691134919403530
980,1354,9.90414539473247,0,0,0,864691135234582361,864691136991901845
621,2113,9.90543769855719,0,0,0,864691135464162366,864691136391023120
1535,1974,9.91896768822236,0,0,0,864691135726881195,864691136111294648
1230,1585,9.920258061159435,0,0,0,864691135455819114,864691136484732972
514,740,9.94710570970268,0,0,0,864691135349839831,864691136144674612
672,2025,9.961516350435751,0,0,0,864691136674327431,864691135448130450
1109,1807,9.967836274738831,0,0,0,864691135476495936,864691135867984005
1646,2209,9.981515716563273,0,0,0,864691136177731846,864691135309722950
1319,1600,10.015517560266119,0,0,0,864691136006493898,864691135659566210
1480,2284,10.026732269288885,0,0,0,864691135490483514,864691135305643175
498,2031,10.039027841379836,0,0,0,864691135942611316,864691136091634487
1063,2247,10.064343396367134,0,0,0,864691136391034487,864691135703164283
665,2265,10.064728113565668,0,0,0,864691135943593332,864691136976001308
562,734,10.079901586821144,0,0,0,864691136953958879,864691136177726726
614,2223,10.082704399118393,0,0,0,864691135271282085,864691135728030015
701,726,10.090318528173436,0,0,0,864691135782506832,864691136012739747
366,949,10.098652583389528,0,0,0,864691135492308071,864691135014681590
1202,1507,10.116508488604131,0,0,0,864691136196265704,864691135571515270
680,2301,10.120227665423322,0,0,0,864691135157210468,864691136177799686
1309,1383,10.122336489170827,0,0,0,864691135939462453,864691135577135390
620,1412,10.127431263652197,0,0,0,864691135989943040,864691135886130288
704,2052,10.140090729377118,0,0,0,864691135878468435,864691136446104451
232,1494,10.143861197788521,0,0,0,864691135940881830,864691136137239691
1626,2257,10.17017443311573,0,0,0,864691136275166398,864691135562975969
490,502,10.172279193966322,0,0,0,864691135294442678,864691135938816260
1264,1378,10.176959074301191,0,0,0,864691136125956134,864691135779297981
1459,1619,10.177056548924137,0,0,0,864691136364362466,864691135496440208
684,1164,10.213966908111622,0,0,0,864691135591664907,864691135939049988
426,602,10.2170242243033,0,0,0,864691136380400341,864691135782278224
2255,2285,10.217678797065417,0,0,0,864691135474504498,864691135886300016
1260,1295,10.219332267814845,0,0,0,864691135473954354,864691135388675969
535,1557,10.224716719792228,0,0,0,864691135573276197,864691135811335116
168,668,10.231996872556202,0,0,0,864691136419797655,864691136372039560
736,1095,10.252046039693694,0,0,0,864691135583223405,864691136954050527
1304,1795,10.2549890297357,0,0,0,864691135212078784,864691135570135020
2095,2117,10.25500151145772,0,0,0,864691136118805668,864691135774389755
670,1583,10.257063907376201,0,0,0,864691135562052065,864691135717386266
1854,2187,10.260030409311597,0,0,0,864691136138583677,864691134942472035
526,757,10.264623519642567,0,0,0,864691135591533579,864691136489262866
758,774,10.265617955096484,0,0,0,864691136523628945,864691135685980087
995,1538,10.26995618296397,0,0,0,864691136814627955,864691135757083346
615,962,10.272000000000036,0,0,0,864691135868334870,864691135866279900
941,1897,10.273158813140217,0,0,0,864691135838916755,864691135470556242
533,771,10.276313735965887,0,0,0,864691135763491126,864691136177029382
1089,1118,10.279626452357048,0,0,0,864691135741197716,864691135585713528
2227,2282,10.286146022685008,0,0,0,864691135396940021,864691136111556792
1201,2047,10.28823949954506,0,0,0,864691135324705692,864691135384843738
718,2032,10.29048803507399,0,0,0,864691135431654960,864691135577617694
928,1171,10.299241137093588,0,0,0,864691136195537366,864691135778604640
1650,1952,10.301319527128546,0,0,0,864691135990520064,864691135948823905
121,2016,10.308995683382479,0,0,0,864691135503004765,864691136299026971
1310,2115,10.31338702851792,0,0,0,864691135456207722,864691135942163201
708,2251,10.323487782721553,0,0,0,864691135727907391,864691135504081986
280,689,10.325753434979953,0,0,0,864691135359413848,864691135990004992
526,931,10.3270301636046,0,0,0,864691135591533579,864691135510267401
487,1312,10.345781749099528,0,0,0,864691136144827444,864691136335553971
697,1686,10.353968900861098,0,0,0,864691134886335738,864691136484596012
1211,1557,10.369098707216606,0,0,0,864691136380718037,864691135811335116
696,2034,10.374319061991462,0,0,0,864691135868386070,864691135493546591
948,1552,10.38330968429625,0,0,0,864691135694421439,864691136274933950
1564,1626,10.386776208237102,0,0,0,864691136814180211,864691136275166398
1472,2264,10.392812901231267,0,0,0,864691135853088967,864691135840033171
1277,1834,10.407935434081008,0,0,0,864691135917058150,864691135866910428
960,1267,10.426995732232774,0,0,0,864691135133991072,864691135577208606
1501,1792,10.42857612524353,0,0,0,864691135656578242,864691135779629245
1076,1539,10.442313919816808,0,0,0,864691135717299738,864691135941975974
1111,1441,10.448701354713922,0,0,0,864691134949248508,864691135280481697
625,1224,10.464834829083554,0,0,0,864691135659140738,864691135756460754
156,1589,10.467717993908781,0,0,0,864691135585266808,864691135941829121
1337,1406,10.48604405865247,0,0,0,864691135384404954,864691135750642473
770,1354,10.48758504137144,0,0,0,864691136742708828,864691136991901845
509,1784,10.51618790246741,0,0,0,864691136042462038,864691135493051879
1208,1214,10.52251528865597,0,0,0,864691135499283987,864691135214643256
971,975,10.533591220471683,0,0,0,864691135493665631,864691135465343045
924,2146,10.54466765716206,0,0,0,864691135919749808,864691135343923633
1884,2252,10.551281249213316,0,0,0,864691135732318393,864691134887552506
196,1177,10.56775472841794,0,0,0,864691135082074359,864691135476581440
518,1619,10.571678390870572,0,0,0,864691135773073147,864691135496440208
193,2235,10.577839476944256,0,0,0,864691135969582181,864691135955962888
1074,1971,10.578411222863346,0,0,0,864691136288644291,864691135695057855
1157,1778,10.5963978785246,0,0,0,864691136742470492,864691135866751870
1233,1818,10.597125648023617,0,0,0,864691136196202472,864691135742756203
561,1103,10.601433865284397,0,0,0,864691135276234469,864691135347725215
285,1045,10.607215657277886,0,0,0,864691135617409385,864691135720061233
880,1301,10.6083046713412,0,0,0,864691135941549825,864691136041000190
725,1150,10.609704237159514,0,0,0,864691135342541509,864691135662825456
246,558,10.623240936738672,0,0,0,864691135480800198,864691135398817569
1827,1883,10.627770415284663,0,0,0,864691136620636045,864691134966495519
1160,1213,10.627902897561727,0,0,0,864691136579434260,864691135477841320
1070,1672,10.63239427410401,0,0,0,864691136228491601,864691135214986368
972,2246,10.632863772286358,0,0,0,864691134918921738,864691135783308368
575,2238,10.633634185921599,0,0,0,864691135801463650,864691136331247338
1198,1381,10.637304921830559,0,0,0,864691136927176778,864691135350542039
827,1165,10.63960600774288,0,0,0,864691136674495623,864691135430859056
733,769,10.640757867746007,0,0,0,864691136953631711,864691136125985318
991,2149,10.643406973333336,0,0,0,864691135763549238,864691135764946742
2218,2226,10.648697197310117,0,0,0,864691136381346005,864691135295330828
735,956,10.653263912998616,0,0,0,864691135473540914,864691135591726603
1187,1837,10.662319447474777,0,0,0,864691135510846217,864691136177632518
1320,1852,10.663360821054452,0,0,0,864691135655894978,864691137056393846
1993,2158,10.67633570097901,0,0,0,864691135774179147,864691136968687310
455,1501,10.713696654283282,0,0,0,864691135970226021,864691135656578242
1285,1791,10.725789481432113,0,0,0,864691135842794979,864691135431591728
1726,2061,10.728010439965082,0,0,0,864691135928029966,864691136288755395
366,666,10.729026050858526,0,0,0,864691135492308071,864691136057790424
1264,1441,10.730072879528882,0,0,0,864691136125956134,864691135280481697
485,1485,10.736858385952592,0,0,0,864691135947258916,864691135994226881
451,1342,10.738276956756161,0,0,0,864691135779006048,864691136195906774
1797,1829,10.744568860591867,0,0,0,864691135742664043,864691135939477508
827,1606,10.757569985828608,0,0,0,864691136674495623,864691136675427975
1141,1609,10.769037097159519,0,0,0,864691136424640047,864691136211175612
1197,2116,10.771461553568315,0,0,0,864691135716679194,864691135741910164
686,1975,10.790514352893492,0,0,0,864691135725842603,864691135750958889
880,949,10.800474063669586,0,0,0,864691135941549825,864691135014681590
1465,1971,10.810155225527517,0,0,0,864691135778773856,864691135695057855
833,1065,10.812452080818783,0,0,0,864691137055840886,864691135989998080
322,916,10.815056171837583,0,0,0,864691135947139108,864691136110256824
505,2305,10.815292876293286,0,0,0,864691135455400554,864691135258646703
187,1973,10.815633129872733,0,0,0,864691135660772080,864691135448017554
983,1132,10.834306992143146,0,0,0,864691136311451226,864691135465583685
69,927,10.850221011573906,0,0,0,864691135518791818,864691135585503864
1078,1226,10.859003269177116,0,0,0,864691135656664770,864691135211926464
1736,1820,10.866229520859592,0,0,0,864691135751110185,864691135990701056
137,933,10.868278980592931,0,0,0,864691136904366770,864691136287879619
471,2131,10.885225215860293,0,0,0,864691135469753426,864691135577651230
1495,2169,10.88588076363143,0,0,0,864691136968529870,864691135739587697
458,1692,10.90207466494341,0,0,0,864691135993150913,864691136034011579
205,979,10.91176539337246,0,0,0,864691135464633245,864691136042515798
475,741,10.912870932985506,0,0,0,864691137021264750,864691135308295238
961,963,10.91355120939097,0,0,0,864691135838738579,864691136904967346
484,1646,10.920679832318138,0,0,0,864691135342594225,864691136177731846
169,602,10.920843923433814,0,0,0,864691135946994785,864691135782278224
588,2294,10.929253222430132,0,0,0,864691135725748139,864691135357351375
537,733,10.930380414239856,0,0,0,864691135694189759,864691136953631711
203,769,10.932871534962809,0,0,0,864691135293398284,864691136125985318
1496,2052,10.9571967217897,0,0,0,864691136196969548,864691136446104451
676,1107,10.97073926406055,0,0,0,864691134941495395,864691135779705021
1000,2034,10.987169244168433,0,0,0,864691135510406921,864691135493546591
330,550,11.006697597372238,0,0,0,864691135455977578,864691135498997267
1466,1521,11.012650180587743,0,0,0,864691135857993774,864691135955909640
586,681,11.025616717444853,0,0,0,864691136975088156,864691135996177834
535,1047,11.027311549058528,0,0,0,864691135573276197,864691135214246528
575,2155,11.035361344333094,0,0,0,864691135801463650,864691136331214058
1069,2111,11.037912846186002,0,0,0,864691136010027182,864691135839979667
1566,2130,11.047012265766803,0,0,0,864691135732210873,864691136391024144
971,2228,11.04709627006127,0,0,0,864691135493665631,864691136968773070
692,1402,11.04844025190888,0,0,0,864691135920381616,864691135779305405
9,728,11.067959522875002,0,0,0,864691136023889209,864691136085781356
939,1567,11.071641612696865,0,0,0,864691135594982187,864691135802341986
1207,1837,11.077943491460816,0,0,0,864691135477839784,864691136177632518
827,1868,11.084158064553186,0,0,0,864691136674495623,864691135867965317
1545,1789,11.08720343459073,0,0,0,864691136093003700,864691135920776624
583,2054,11.091785789493125,0,0,0,864691136052637171,864691135570303724
713,2234,11.101697167550654,0,0,0,864691136274488254,864691136524297617
1448,2315,11.107469198696906,0,0,0,864691135448256146,864691135886314096
580,2155,11.108843324126992,0,0,0,864691136975144988,864691136331214058
380,1813,11.115118352946155,0,0,0,864691135868060950,864691134919869706
1355,2254,11.117087388340542,0,0,0,864691135183693826,864691135465098653
592,690,11.12093521247202,0,0,0,864691136101341045,864691135916843366
1465,1904,11.133712408716228,0,0,0,864691135778773856,864691135886132080
117,1284,11.146673046250205,0,0,0,864691135271590309,864691136274712254
461,504,11.150866513415084,0,0,0,864691135234382937,864691136742067804
2229,2282,11.15218364267731,0,0,0,864691135939949365,864691136111556792
431,1066,11.153560866377951,0,0,0,864691135361432391,864691136488621842
834,1415,11.153850635542875,0,0,0,864691135562001633,864691136913993713
1152,1430,11.154883414899494,0,0,0,864691135877954899,864691136177129478
1264,1330,11.161029343210206,0,0,0,864691136125956134,864691136905560754
665,1486,11.16310494441395,0,0,0,864691135943593332,864691135493620831
841,1795,11.16490788139337,0,0,0,864691135464263742,864691135570135020
137,601,11.17088787876779,0,0,0,864691136904366770,864691135539591282
997,1065,11.175481734583057,0,0,0,864691135491891559,864691135989998080
1226,2298,11.176526830818228,0,0,0,864691135211926464,864691135165079085
500,2126,11.190490248420769,0,0,0,864691135801267554,864691135928376590
780,1559,11.212749885732709,0,0,0,864691135739008132,864691135490326074
1126,1187,11.234281819502383,0,0,0,864691135396115189,864691135510846217
956,1524,11.23578568681336,0,0,0,864691135591726603,864691136927761226
260,1377,11.23920993664597,0,0,0,864691135118894813,864691135801604706
558,618,11.240896761379858,0,0,0,864691135398817569,864691135587666812
1118,1235,11.241261139213872,0,0,0,864691135585713528,864691135388368001
983,1204,11.24671400898953,0,0,0,864691136311451226,864691135469215372
1494,1788,11.251276905311656,0,0,0,864691136137239691,864691135540272498
522,748,11.256090973335285,0,0,0,864691135014246390,864691134990435194
683,1800,11.260488799337235,0,0,0,864691135782542416,864691135562798817
284,1335,11.262909038077142,0,0,0,864691135492274791,864691135343081925
596,1791,11.263738633331286,0,0,0,864691136579193108,864691135431591728
1095,1113,11.26555671061135,0,0,0,864691136954050527,864691136489147922
1488,2132,11.265798151928694,0,0,0,864691135717271834,864691134991010426
1998,2155,11.27052367904883,0,0,0,864691136102207349,864691136331214058
2022,2215,11.272587635498839,0,0,0,864691135584625773,864691135274816017
1856,2200,11.283485986165754,0,0,0,864691135562780385,864691135741874836
529,1662,11.28680645709851,0,0,0,864691135698820373,864691136138988157
241,2054,11.299500873932425,0,0,0,864691136043283030,864691135570303724
1734,2024,11.309770643120961,0,0,0,864691135765006134,864691135662774512
1847,2257,11.313055113451883,0,0,0,864691135511316745,864691135562975969
702,1416,11.313991338161864,0,0,0,864691134966025503,864691135584008045
1314,1408,11.318414023174872,0,0,0,864691136725343485,864691135941708033
160,189,11.331485339530794,0,0,0,864691135429763120,864691135885140848
882,1130,11.339702994346908,0,0,0,864691135989149187,864691135388545921
719,720,11.345503426468095,0,0,0,864691135774307659,864691136211325884
2043,2294,11.345977260685862,0,0,0,864691136058745048,864691135357351375
533,750,11.348692964390239,0,0,0,864691135763491126,864691136136838027
1902,2257,11.355472337159739,0,0,0,864691136145574196,864691135562975969
1120,2020,11.365297356426783,0,0,0,864691135324623260,864691136139027581
948,984,11.36556764970412,0,0,0,864691135694421439,864691135360300632
692,928,11.371126945030575,0,0,0,864691135920381616,864691136195537366
1812,2102,11.376554135589537,0,0,0,864691135646775791,864691136914414321
1178,1429,11.386616705589065,0,0,0,864691135527713115,864691135566649431
330,1551,11.387664905501923,0,0,0,864691135455977578,864691135503782210
1222,1439,11.404756902275501,0,0,0,864691136022090744,864691136665051614
774,1274,11.424697457701047,0,0,0,864691135685980087,864691135592276491
534,1308,11.428282110623641,0,0,0,864691136275807757,864691135947876644
1110,2298,11.43301605001937,0,0,0,864691135760319822,864691135165079085
559,1885,11.436956238440308,0,0,0,864691135640297787,864691135325487004
704,1562,11.458547202852479,0,0,0,864691135878468435,864691136042982742
991,1174,11.465928658421058,0,0,0,864691135763549238,864691136967985870
427,750,11.468978681643755,0,0,0,864691135801376610,864691136136838027
1488,2023,11.470393192911972,0,0,0,864691135717271834,864691135587758716
1195,1900,11.471076671350367,0,0,0,864691135868919318,864691135106357069
1198,2144,11.475469489306267,0,0,0,864691136927176778,864691135774294603
1263,1412,11.49869418673259,0,0,0,864691136274655166,864691135886130288
1341,1346,11.516721755777452,0,0,0,864691135782923600,864691135727496511
667,2226,11.517199659639571,0,0,0,864691136313301565,864691135295330828
960,1173,11.526753575920656,0,0,0,864691135133991072,864691135852558279
695,1807,11.529429474176085,0,0,0,864691135211568576,864691135867984005
1140,1686,11.536932001186432,0,0,0,864691135990134784,864691136484596012
1209,1295,11.537833418800952,0,0,0,864691135209715833,864691135388675969
1169,1258,11.537966545279941,0,0,0,864691135817419343,864691135124146727
918,1705,11.552778367128758,0,0,0,864691135778414176,864691136118430628
758,1274,11.56507016839933,0,0,0,864691136523628945,864691135592276491
1403,2302,11.5686196237927,0,0,0,864691136067382936,864691135196592938
178,700,11.573221504836026,0,0,0,864691135014734486,864691135157198692
1421,1422,11.574460160197493,0,0,0,864691135867644805,864691135809954845
2009,2097,11.596821633533903,0,0,0,864691135102151968,864691135886208112
1258,1286,11.609742115999044,0,0,0,864691135124146727,864691135662408944
223,1185,11.617994319158635,0,0,0,864691135809456669,864691135503293250
1523,2303,11.619264004230287,0,0,0,864691135405733870,864691135469845388
1110,2292,11.620541811808915,0,0,0,864691135760319822,864691135102433056
447,1352,11.622171914061445,0,0,0,864691135369087481,864691136392355711
770,932,11.636766561205974,0,0,0,864691136742708828,864691135970293349
524,1517,11.64959329762203,0,0,0,864691136025333561,864691136485007404
826,1593,11.661445536467545,0,0,0,864691136210743740,864691135866427006
1736,1975,11.67037685766832,0,0,0,864691135751110185,864691135750958889
554,761,11.677043461424562,0,0,0,864691135787242948,864691136033794747
26,1671,11.682479188939297,0,0,0,864691135361314119,864691135567047191
202,2037,11.684998930252473,0,0,0,864691135778675552,864691135939925813
1029,1535,11.68710195044099,0,0,0,864691135853091015,864691135726881195
1040,2113,11.694894612607609,0,0,0,864691135274038801,864691136391023120
446,495,11.703997265891697,0,0,0,864691136195824204,864691135398805281
1388,2018,11.704492812591296,0,0,0,864691136380757461,864691135689417440
969,2017,11.72747611381076,0,0,0,864691136814508659,864691135570301676
1201,1730,11.732553004355033,0,0,0,864691135324705692,864691135778542509
1450,1541,11.733139392336646,0,0,0,864691135843236323,864691135478429352
970,1812,11.73408027925488,0,0,0,864691135919956656,864691135646775791
605,1173,11.742212398010816,0,0,0,864691135279848865,864691135852558279
700,2278,11.752958436070424,0,0,0,864691135157198692,864691135751149353
275,832,11.754922032918822,0,0,0,864691135754881746,864691135778288573
1343,1368,11.766846986342452,0,0,0,864691135492688871,864691136620397965
1366,1440,11.76991146950563,0,0,0,864691135493077855,864691135569900780
1112,1332,11.776915725265246,0,0,0,864691135640672571,864691135493031519
484,1455,11.784456202981934,0,0,0,864691135342594225,864691136814442867
1730,2047,11.786126081117605,0,0,0,864691135778542509,864691135384843738
748,955,11.786997582081693,0,0,0,864691134990435194,864691136335213235
221,1182,11.79307457790377,0,0,0,864691135688823008,864691135083577335
825,1633,11.79512577296235,0,0,0,864691135430356784,864691136118771108
865,1565,11.798337510005393,0,0,0,864691135996104618,864691135875460494
1340,2018,11.808859724799873,0,0,0,864691135492991839,864691135689417440
1115,1512,11.812909548455854,0,0,0,864691136010068652,864691135493149927
182,994,11.82191321233581,0,0,0,864691135387753601,864691135868415766
674,976,11.833276469346904,0,0,0,864691135335937513,864691135384292843
811,1017,11.843331963598702,0,0,0,864691135942924148,864691135386963541
714,1908,11.85758963702153,0,0,0,864691136742244188,864691135885996912
1250,2145,11.866243887599802,0,0,0,864691136742623580,864691135618339945
2259,2315,11.866740074679338,0,0,0,864691136011768494,864691135886314096
1791,1810,11.883555023645052,0,0,0,864691135431591728,864691135994077377
595,780,11.898302399922411,0,0,0,864691135757002450,864691135739008132
455,1792,11.899636296963019,0,0,0,864691135970226021,864691135779629245
1693,2014,11.900711911478174,0,0,0,864691134919927050,864691136111478968
117,544,11.914361082324172,0,0,0,864691135271590309,864691137198844737
173,833,11.91829518010024,0,0,0,864691135279678881,864691137055840886
597,747,11.922053514390932,0,0,0,864691135586773628,864691136275729677
935,2105,11.924294528398708,0,0,0,864691136363161570,864691135325426076
718,1068,11.930218438905477,0,0,0,864691135431654960,864691135738953860
830,944,11.935453070579225,0,0,0,864691135351066583,864691135276504549
1198,1205,11.937804153193317,0,0,0,864691136927176778,864691136274695358
539,1424,11.943086368271816,0,0,0,864691135810803660,864691135993767617
71,150,11.943378416511925,0,0,0,864691135257404079,864691135134695328
1480,1604,11.961538362602083,0,0,0,864691135490483514,864691136927566154
1500,1794,11.970882674222471,0,0,0,864691135520064650,864691135698211994
690,2221,11.974247032694786,0,0,0,864691135916843366,864691135742097044
131,1754,11.977579054216157,0,0,0,864691135802453858,864691135592789259
482,1913,11.98271822250697,0,0,0,864691136330122730,864691135616183499
595,1559,11.985110762942432,0,0,0,864691135757002450,864691135490326074
618,2060,11.987580239564526,0,0,0,864691135587666812,864691135528193883
421,541,11.992362903114698,0,0,0,864691135519178378,864691134989919098
591,2295,11.993822409890862,0,0,0,864691135694415551,864691134966714655
1181,1427,11.99476152326515,0,0,0,864691135350420951,864691136968094158
1084,1183,12.004607115603575,0,0,0,864691135868435734,864691135773640699
640,1691,12.00721116662811,0,0,0,864691135997332650,864691136381353685
1143,2256,12.010629958499308,0,0,0,864691134919403530,864691135215381304
694,2137,12.01172760263899,0,0,0,864691135375351369,864691136108462553
905,2136,12.012433558609192,0,0,0,864691135868466710,864691135853090503
1145,1254,12.023829672778996,0,0,0,864691135941435393,864691135757040082
255,1816,12.029616785251338,0,0,0,864691135294441654,864691135778954848
530,931,12.033811033916114,0,0,0,864691136021849848,864691135510267401
1516,2225,12.041041815391152,0,0,0,864691135810492189,864691136058895576
656,2021,12.0417088488303,0,0,0,864691135874914702,864691136675875719
678,679,12.042189834079165,0,0,0,864691135430290480,864691135741930603
1959,2223,12.051601055461546,0,0,0,864691136007128778,864691135728030015
403,548,12.053175515191045,0,0,0,864691136905506482,864691136488591378
1136,2277,12.054149824852864,0,0,0,864691135395833333,864691136331249642
1203,1205,12.05648837763309,0,0,0,864691135868684566,864691136274695358
950,1279,12.057940122591383,0,0,0,864691136195901772,864691135562519009
945,2076,12.059808290350189,0,0,0,864691135853055175,864691135738969220
162,1310,12.070303393038667,0,0,0,864691136362774498,864691135456207722
676,1500,12.071851556410007,0,0,0,864691134941495395,864691135520064650
825,1421,12.093039320204028,0,0,0,864691135430356784,864691135867644805
470,1938,12.09932493984688,0,0,0,864691136120658712,864691136108370905
451,1369,12.108184339528401,0,0,0,864691135779006048,864691135119409885
1482,2250,12.108990379053028,0,0,0,864691135850033758,864691135493686111
745,1370,12.112457058747506,0,0,0,864691135868946966,864691136274786494
219,1518,12.113302439879826,0,0,0,864691135162585389,864691135184104194
2250,2305,12.117148179336676,0,0,0,864691135493686111,864691135258646703
1520,1538,12.119133962457907,0,0,0,864691135567059223,864691135757083346
203,1275,12.119606594275261,0,0,0,864691135293398284,864691135939209988
1333,1581,12.122478954405342,0,0,0,864691135448212882,864691135701746978
327,1414,12.123125669562313,0,0,0,864691135573296677,864691135309290822
118,2259,12.124579992725572,0,0,0,864691136012173475,864691136011768494
420,1432,12.128445902093222,0,0,0,864691135655473858,864691135212086720
780,1630,12.129572457428194,0,0,0,864691135739008132,864691135577574430
203,1229,12.13456550520044,0,0,0,864691135293398284,864691135294767884
599,1697,12.140373635106908,0,0,0,864691135725838763,864691135942120449
268,948,12.151873600396003,0,0,0,864691135578670597,864691135694421439
206,1255,12.152629345125257,0,0,0,864691135472556082,864691135183646466
1201,1786,12.161189415513638,0,0,0,864691135324705692,864691135977654851
473,758,12.174141776733096,0,0,0,864691135732377785,864691136523628945
736,1113,12.176854109333798,0,0,0,864691135583223405,864691136489147922
472,1199,12.179523800214914,0,0,0,864691135764890678,864691136927187786
673,1371,12.194123174709912,0,0,0,864691136991359893,864691136211385020
695,1145,12.19603345354552,0,0,0,864691135211568576,864691135941435393
935,1391,12.196642160857298,0,0,0,864691136363161570,864691135640929595
199,1184,12.206209567265292,0,0,0,864691136052101363,864691136905458866
869,1302,12.20669193516405,0,0,0,864691135464946757,864691135388660865
706,1613,12.207027484199424,0,0,0,864691135503344477,864691135779377341
1444,1460,12.213757488995807,0,0,0,864691135464928318,864691135817949519
704,1496,12.217718281250372,0,0,0,864691135878468435,864691136196969548
2020,2057,12.221654225185802,0,0,0,864691136139027581,864691135196576298
568,673,12.222167401897224,0,0,0,864691135694246079,864691136991359893
1453,1993,12.231644206728724,0,0,0,864691136604001745,864691135774179147
449,1398,12.244299898320055,0,0,0,864691136330407914,864691135587371132
116,751,12.246262450233525,0,0,0,864691135492276839,864691135646353391
88,744,12.250727978369245,0,0,0,864691135114295961,864691135341516741
1784,1800,12.262766408930679,0,0,0,864691135493051879,864691135562798817
286,869,12.26564633437631,0,0,0,864691135274355473,864691135464946757
458,2207,12.268403645136507,0,0,0,864691135993150913,864691135732518585
1178,1383,12.270696149770757,0,0,0,864691135527713115,864691135577135390
954,2254,12.27319941987427,0,0,0,864691135773240571,864691135465098653
178,620,12.282480531228218,0,0,0,864691135014734486,864691135989943040
619,723,12.282814009826968,0,0,0,864691136619529179,864691135892202633
272,2169,12.287427069976822,0,0,0,864691136968429774,864691135739587697
1144,1599,12.29243930227033,0,0,0,864691136313406781,864691136975624220
1254,2234,12.292509589176612,0,0,0,864691135757040082,864691136524297617
531,961,12.293064060680733,0,0,0,864691135566122071,864691135838738579
281,449,12.294206765790207,0,0,0,864691135466158917,864691136330407914
703,2270,12.302585094198658,0,0,0,864691135976063855,864691135274860817
532,1423,12.302889416718312,0,0,0,864691136619828877,864691135493079135
330,1997,12.320168830012088,0,0,0,864691135455977578,864691135695042751
149,2146,12.333771523747364,0,0,0,864691135492371303,864691135343923633
1565,1919,12.33561607703483,0,0,0,864691135875460494,864691135336669673
1486,2265,12.339519601670089,0,0,0,864691135493620831,864691136976001308
743,2262,12.343250787373645,0,0,0,864691135739689073,864691135067961412
1134,2089,12.344909882214642,0,0,0,864691135490505018,864691136034412219
1134,2280,12.349639670856828,0,0,0,864691135490505018,864691135593133067
998,1208,12.349854735987869,0,0,0,864691135503367517,864691135499283987
769,1228,12.355131727343078,0,0,0,864691136125985318,864691135473961522
708,1915,12.35689281332494,0,0,0,864691135727907391,864691135164772653
531,963,12.365629785821652,0,0,0,864691135566122071,864691136904967346
861,1184,12.366623468028756,0,0,0,864691136239460668,864691136905458866
528,541,12.368993491792303,0,0,0,864691135948010081,864691134989919098
293,2087,12.381405412956992,0,0,0,864691135646806255,864691135695146943
940,1825,12.385222161915424,0,0,0,864691135842486243,864691135102434592
1458,1494,12.38609026287146,0,0,0,864691136126503206,864691136137239691
249,1441,12.38941483686786,0,0,0,864691135938404612,864691135280481697
1564,1792,12.39091279930584,0,0,0,864691136814180211,864691135779629245
1561,2178,12.39677893648183,0,0,0,864691135699301397,864691135779049056
514,2025,12.397109340487347,0,0,0,864691135349839831,864691135448130450
984,1437,12.400322576449424,0,0,0,864691135360300632,864691135343499441
453,2083,12.404489509850887,0,0,0,864691136389679223,864691136364308962
475,1339,12.406473149126558,0,0,0,864691137021264750,864691135885663600
1234,1515,12.4200225442629,0,0,0,864691136299034139,864691135478316200
1660,1792,12.42010499150468,0,0,0,864691135701629474,864691135779629245
995,1520,12.433968956049446,0,0,0,864691136814627955,864691135567059223
602,1978,12.433989544792075,0,0,0,864691135782278224,864691135659857026
945,1444,12.442263459676473,0,0,0,864691135853055175,864691135464928318
1842,1882,12.44312758111885,0,0,0,864691136138695549,864691136484876588
549,1594,12.443251022140517,0,0,0,864691135865648254,864691135760635214
434,2146,12.46086995357864,0,0,0,864691136311179354,864691135343923633
1740,1744,12.462451765202605,0,0,0,864691135465900101,864691135480585158
758,1735,12.470806870447547,0,0,0,864691136523628945,864691135115269785
248,1181,12.47702785121527,0,0,0,864691136424990255,864691135350420951
582,689,12.477538218735342,0,0,0,864691135562004193,864691135990004992
1469,2018,12.482618315081066,0,0,0,864691135849699166,864691135689417440
1193,1633,12.483653311430903,0,0,0,864691136523472529,864691136118771108
165,990,12.485096395302767,0,0,0,864691136903387826,864691136484415020
1271,1348,12.485191228010889,0,0,0,864691135336422633,864691135662460400
1222,1824,12.493121307343515,0,0,0,864691136022090744,864691136091532855
407,870,12.493951176469348,0,0,0,864691135480652998,864691135566168599
1536,2225,12.496245836250118,0,0,0,864691136814655859,864691136058895576
1540,2247,12.506484717937258,0,0,0,864691135478400936,864691135703164283
1976,2234,12.506702203218795,0,0,0,864691136111294392,864691136524297617
701,1600,12.507866324837362,0,0,0,864691135782506832,864691135659566210
1212,1791,12.508953593326689,0,0,0,864691136013161891,864691135431591728
215,1140,12.512286441733925,0,0,0,864691135992790209,864691135990134784
246,1455,12.51320966019513,0,0,0,864691135480800198,864691136814442867
587,1835,12.514291350292323,0,0,0,864691135810773452,864691136118686884
585,1820,12.519005711317439,0,0,0,864691135546161704,864691135990701056
274,1642,12.534039412735218,0,0,0,864691135323181212,864691136421279639
300,773,12.536040842307496,0,0,0,864691135918528432,864691136452920319
932,1291,12.53695975904849,0,0,0,864691135970293349,864691135476793920
511,1092,12.540267301776344,0,0,0,864691135067448132,864691135948238177
286,1380,12.540838887410986,0,0,0,864691135274355473,864691135388828033
1068,1222,12.545022917476066,0,0,0,864691135738953860,864691136022090744
1095,1512,12.553628957397162,0,0,0,864691136954050527,864691135493149927
274,2125,12.567470389859732,0,0,0,864691135323181212,864691135861093992
1311,2279,12.568302988072794,0,0,0,864691136619096795,864691136229366097
116,525,12.571116100012771,0,0,0,864691135492276839,864691137055244406
714,2165,12.580317325091556,0,0,0,864691136742244188,864691136392785279
1151,1475,12.584406859284275,0,0,0,864691135389195393,864691135124603687
1452,2083,12.594510550235762,0,0,0,864691136102330485,864691136364308962
1195,2116,12.59829321773387,0,0,0,864691135868919318,864691135741910164
1210,1286,12.604469048714458,0,0,0,864691135868957462,864691135662408944
243,1640,12.60627653195033,0,0,0,864691135584504429,864691136011686318
1283,1293,12.607065955249086,0,0,0,864691135592283403,864691135431109168
999,1306,12.613846360250308,0,0,0,864691135511977680,864691135849640798
1559,2080,12.614721558560154,0,0,0,864691135490326074,864691134950156796
2083,2176,12.61604058332088,0,0,0,864691136364308962,864691136043380566
1189,1383,12.616223206649462,0,0,0,864691135866223998,864691135577135390
2030,2263,12.621475032657703,0,0,0,864691135977010031,864691135137299481
486,1290,12.627581241076992,0,0,0,864691135784641843,864691135503439170
966,1296,12.643290710886864,0,0,0,864691135786943684,864691135271696549
2097,2109,12.645085053094688,0,0,0,864691135886208112,864691135135019168
2151,2171,12.650630972406152,0,0,0,864691135584629613,864691135448303762
1192,1199,12.654573876666069,0,0,0,864691135448127572,864691136927187786
880,1317,12.65651579227081,0,0,0,864691135941549825,864691136058023640
1165,2047,12.656680133431447,0,0,0,864691135430859056,864691135384843738
685,1503,12.666385119678012,0,0,0,864691136438469534,864691136011684526
2271,2294,12.676686002264127,0,0,0,864691135587771772,864691135357351375
135,556,12.677211049753792,0,0,0,864691135995711402,864691135183999490
1109,1995,12.677657827848135,0,0,0,864691135476495936,864691136108378073
1095,1513,12.690373044162174,0,0,0,864691136954050527,864691135843242211
999,2033,12.697600403225865,0,0,0,864691135511977680,864691136041575422
1331,2263,12.69832618891163,0,0,0,864691135293678006,864691135137299481
1869,2126,12.698638667195807,0,0,0,864691136118667428,864691135928376590
1076,2214,12.703486135703114,0,0,0,864691135717299738,864691136013554851
878,1284,12.704130981692424,0,0,0,864691135702061947,864691136274712254
1492,1690,12.705533912433607,0,0,0,864691135336847849,864691135442606920
581,1071,12.706699964979114,0,0,0,864691135719900721,864691136438717086
979,987,12.713470021988435,0,0,0,864691136042515798,864691135778465376
817,1286,12.714685682312428,0,0,0,864691135014696182,864691135662408944
487,707,12.725905547347072,0,0,0,864691136144827444,864691135779683261
1092,1803,12.73576130429584,0,0,0,864691135948238177,864691135646778863
665,2163,12.736894440953753,0,0,0,864691135943593332,864691136034482107
280,1567,12.73818071782619,0,0,0,864691135359413848,864691135802341986
453,2019,12.740062166253365,0,0,0,864691136389679223,864691135409937097
768,1966,12.746859691704493,0,0,0,864691135417827770,864691135686442423
982,1223,12.748897991591278,0,0,0,864691135566274391,864691135214611512
283,1725,12.749362336995457,0,0,0,864691135562410721,864691135212492992
1237,1392,12.762996513358411,0,0,0,864691136424704815,864691135157619556
148,1838,12.765957230070926,0,0,0,864691136967634382,864691135518173395
953,1066,12.774837768050107,0,0,0,864691135942730612,864691136488621842
1063,1540,12.780955832800581,0,0,0,864691136391034487,864691135478400936
414,656,12.782908589206178,0,0,0,864691135519105162,864691135874914702
429,961,12.797962337809894,0,0,0,864691135773074683,864691135838738579
737,1831,12.808157400656867,0,0,0,864691135955262472,864691135448698196
455,1660,12.810395778429356,0,0,0,864691135970226021,864691135701629474
1398,2260,12.810725506387296,0,0,0,864691135587371132,864691135570381292
672,740,12.829419316555192,0,0,0,864691136674327431,864691136144674612
1403,2218,12.838193019268742,0,0,0,864691136067382936,864691136381346005
149,596,12.84473183838411,0,0,0,864691135492371303,864691136579193108
728,2259,12.852691546909558,0,0,0,864691136085781356,864691136011768494
464,2262,12.855442427236886,0,0,0,864691135498973715,864691135067961412
1282,1352,12.862925328244826,0,0,0,864691135361780551,864691136392355711
185,1187,12.86973006709928,0,0,0,864691135611337735,864691135510846217
196,1335,12.870406364990984,0,0,0,864691135082074359,864691135343081925
1606,1868,12.870707206676762,0,0,0,864691136675427975,864691135867965317
2289,2293,12.873399551012195,0,0,0,864691135060869787,864691135375888840
1203,2091,12.885040007698846,0,0,0,864691135868684566,864691135720701745
698,2218,12.889487189178643,0,0,0,864691135569592300,864691136381346005
423,1739,12.89193236097677,0,0,0,864691135731707065,864691135325309084
183,268,12.907270509290498,0,0,0,864691135697271450,864691135578670597
263,1838,12.909650343831895,0,0,0,864691136488999186,864691135518173395
984,2212,12.92075044260198,0,0,0,864691135360300632,864691135861182824
1685,2082,12.926398415645355,0,0,0,864691135577644574,864691135955877896
1069,2153,12.926574178799289,0,0,0,864691136010027182,864691136314485053
1212,1215,12.9268910415459,0,0,0,864691136013161891,864691134886792442
243,1797,12.938223680242984,0,0,0,864691135584504429,864691135742664043
1457,1961,12.950972164281765,0,0,0,864691135976979567,864691136664950750
584,2184,12.951621983365621,0,0,0,864691135274860561,864691135466236229
1082,1165,12.955438703494323,0,0,0,864691135646017007,864691135430859056
1447,1908,12.960595048067798,0,0,0,864691136026254649,864691135885996912
566,1823,12.963160108553845,0,0,0,864691136579129876,864691135764631862
1070,1823,12.96406849719639,0,0,0,864691136228491601,864691135764631862
9,977,12.966631019659628,0,0,0,864691136023889209,864691135939017525
872,1869,12.972658015996648,0,0,0,864691135272003237,864691136118667428
1264,1471,12.982548286064677,0,0,0,864691136125956134,864691135646493679
1147,1421,12.98403943308852,0,0,0,864691135210358137,864691135867644805
1128,1207,12.9861883553258,0,0,0,864691135955477512,864691135477839784
752,1830,12.986503763523135,0,0,0,864691135892048777,864691135060727707
566,1070,12.986836412306149,0,0,0,864691136579129876,864691136228491601
751,770,12.989172106027405,0,0,0,864691135646353391,864691136742708828
135,1482,12.994610575157704,0,0,0,864691135995711402,864691135850033758
169,426,13.001181484772907,0,0,0,864691135946994785,864691136380400341
237,1155,13.00146453289008,0,0,0,864691136021595384,864691135755384269
1176,1429,13.00338417489847,0,0,0,864691136021997560,864691135566649431
1295,1380,13.013902719783907,0,0,0,864691135388675969,864691135388828033
1464,2282,13.014033041298136,0,0,0,864691135928395278,864691136111556792
130,1815,13.01845582240848,0,0,0,864691135742327147,864691135210061689
1289,1793,13.020542538619468,0,0,0,864691135476769344,864691135702946683
559,1899,13.022882015898004,0,0,0,864691135640297787,864691136034181307
1232,2034,13.03747951100983,0,0,0,864691135866576604,864691135493546591
184,223,13.039325135910952,0,0,0,864691135565770007,864691135809456669
502,516,13.040785252430165,0,0,0,864691135938816260,864691135257669039
770,1291,13.04642786359544,0,0,0,864691136742708828,864691135476793920
243,1828,13.04815450552294,0,0,0,864691135584504429,864691135774053371
670,732,13.052394109894102,0,0,0,864691135562052065,864691135396794101
1113,1511,13.059225091865173,0,0,0,864691136489147922,864691136925094628
539,1275,13.065626353145174,0,0,0,864691135810803660,864691135939209988
274,1869,13.077981495628404,0,0,0,864691135323181212,864691136118667428
736,1904,13.092578661211096,0,0,0,864691135583223405,864691135886132080
542,947,13.092598214258365,0,0,0,864691136117811876,864691135417307322
161,877,13.093126135495702,0,0,0,864691135994804394,864691137055290998
618,1660,13.097602834106745,0,0,0,864691135587666812,864691135701629474
1875,1888,13.099935877705562,0,0,0,864691135742793835,864691136041321982
871,2165,13.106746964826927,0,0,0,864691136391042167,864691136392785279
487,1457,13.109422565467943,0,0,0,864691136144827444,864691135976979567
1523,2216,13.121290180466202,0,0,0,864691135405733870,864691136314457149
544,2149,13.126888435573896,0,0,0,864691137198844737,864691135764946742
430,1273,13.12721752695515,0,0,0,864691135688407776,864691135101824288
423,443,13.132413639540877,0,0,0,864691135731707065,864691135868142870
1491,1498,13.134024211946562,0,0,0,864691135280944545,864691135351096279
1807,1995,13.13444083316835,0,0,0,864691135867984005,864691136108378073
948,1437,13.135922046053714,0,0,0,864691135694421439,864691135343499441
515,1790,13.141991325518378,0,0,0,864691136298125851,864691135465932357
1396,2306,13.145226966469659,0,0,0,864691136453419007,864691135743102827
941,2159,13.153829556444757,0,0,0,864691135838916755,864691135369651193
1669,1670,13.168622099521333,0,0,0,864691135325263004,864691135015652246
1519,1533,13.174076362310918,0,0,0,864691136438666398,864691136381301461
725,1507,13.174219673286164,0,0,0,864691135342541509,864691135571515270
717,1802,13.174406703908891,0,0,0,864691135865774206,864691135520105354
1083,1331,13.179377830535108,0,0,0,864691135546339880,864691135293678006
682,717,13.192523943506755,0,0,0,864691135576881950,864691135865774206
733,1275,13.196925702602147,0,0,0,864691136953631711,864691135939209988
738,1083,13.198770851863431,0,0,0,864691135583277677,864691135546339880
196,1223,13.20501480498982,0,0,0,864691135082074359,864691135214611512
1147,1422,13.207612350459046,0,0,0,864691135210358137,864691135809954845
1111,1806,13.212406291058388,0,0,0,864691134949248508,864691135340055782
640,1443,13.217355862652594,0,0,0,864691135997332650,864691135409962953
2200,2249,13.217745647424106,0,0,0,864691135741874836,864691136010651052
1212,1810,13.220541592537014,0,0,0,864691136013161891,864691135994077377
253,2277,13.223174807889299,0,0,0,864691135586240120,864691136331249642
877,965,13.225509895652337,0,0,0,864691137055290998,864691135684809458
511,1803,13.228391285413343,0,0,0,864691135067448132,864691135646778863
735,1581,13.232619090716751,0,0,0,864691135473540914,864691135701746978
1456,2067,13.232686802006652,0,0,0,864691136484948012,864691136336204979
699,702,13.25411453096728,0,0,0,864691135838788755,864691134966025503
510,1504,13.258546526674829,0,0,0,864691136380312021,864691135784960307
967,1443,13.259898038823618,0,0,0,864691136906067890,864691135409962953
862,1399,13.262159100237017,0,0,0,864691136091074615,864691135646481135
525,751,13.266154227959184,0,0,0,864691137055244406,864691135646353391
539,926,13.266270010820667,0,0,0,864691135810803660,864691135738266500
619,1782,13.271305587620239,0,0,0,864691136619529179,864691136603811281
678,2208,13.271515361856801,0,0,0,864691135430290480,864691135584646253
463,2249,13.273829891934072,0,0,0,864691135502885954,864691136010651052
949,1301,13.275625785626834,0,0,0,864691135014681590,864691136041000190
1014,1315,13.282315460792242,0,0,0,864691135617440105,864691135562474977
1385,1773,13.293412503943536,0,0,0,864691135277501669,864691135616235979
786,1013,13.29753059782155,0,0,0,864691135346685855,864691136125411622
1128,1129,13.300466157244346,0,0,0,864691135955477512,864691135465571653
755,1791,13.301236032790362,0,0,0,864691135867532933,864691135431591728
462,721,13.302342650826608,0,0,0,864691136052366067,864691135738995588
173,880,13.314624741238484,0,0,0,864691135279678881,864691135941549825
1172,1355,13.320343539113466,0,0,0,864691135787093956,864691135183693826
1692,2174,13.32353346526364,0,0,0,864691136034011579,864691136108410329
458,1671,13.324169917859827,0,0,0,864691135993150913,864691135567047191
366,1251,13.33786189762065,0,0,0,864691135492308071,864691136125840678
999,1840,13.342119771610514,0,0,0,864691135511977680,864691135465955397
157,610,13.342486724745047,0,0,0,864691135778290109,864691135941293057
298,1307,13.342947200674942,0,0,0,864691135866477957,864691135476790080
1579,1985,13.348356602968058,0,0,0,864691135511486985,864691135376096329
752,2251,13.352019173143775,0,0,0,864691135892048777,864691135504081986
468,1136,13.356387535557696,0,0,0,864691135727867967,864691135395833333
446,2064,13.35798068571738,0,0,0,864691136195824204,864691135577749022
713,1262,13.3627518124075,0,0,0,864691136274488254,864691135136735001
1452,1490,13.36819150072288,0,0,0,864691136102330485,864691135464795710
454,1321,13.369723407759736,0,0,0,864691135119709149,864691137055712630
1303,1997,13.37241100176037,0,0,0,864691134919529994,864691135695042751
1895,2222,13.375779902495326,0,0,0,864691135215023416,864691136229363025
429,1554,13.3798654701757,0,0,0,864691135773074683,864691135465795653
689,1110,13.393299817445993,0,0,0,864691135990004992,864691135760319822
2082,2125,13.39803925953344,0,0,0,864691135955877896,864691135861093992
951,1378,13.399235799104392,0,0,0,864691135447312274,864691135779297981
2048,2305,13.399713429771595,0,0,0,864691135741780116,864691135258646703
955,1174,13.40972781230102,0,0,0,864691136335213235,864691136967985870
254,1132,13.41507212056642,0,0,0,864691135809509917,864691135465583685
535,1130,13.417361886749626,0,0,0,864691135573276197,864691135388545921
82,1079,13.426319227547038,0,0,0,864691135495542672,864691135562048225
1600,2054,13.431695053119658,0,0,0,864691135659566210,864691135570303724
202,1803,13.43452269341945,0,0,0,864691135778675552,864691135646778863
580,1963,13.436802000476176,0,0,0,864691136975144988,864691135210134905
998,1214,13.438933291001936,0,0,0,864691135503367517,864691135214643256
350,1055,13.440999962800415,0,0,0,864691135911276969,864691135778187360
126,1755,13.441907007564142,0,0,0,864691135540440178,864691136314114621
611,1197,13.443513826377334,0,0,0,864691135361548615,864691135716679194
1778,2201,13.444344535900576,0,0,0,864691135866751870,864691136381325781
1117,1165,13.44584872739543,0,0,0,864691135360482392,864691135430859056
588,1547,13.449408611533794,0,0,0,864691135725748139,864691135686283703
767,1402,13.453869034593824,0,0,0,864691136145208372,864691135779305405
1318,1397,13.475011539883734,0,0,0,864691135741458324,864691136111478712
722,2233,13.475251389120755,0,0,0,864691135611019015,864691135685620210
2034,2177,13.477701881255562,0,0,0,864691135493546591,864691135810473245
861,1096,13.478024781102011,0,0,0,864691136239460668,864691135470154834
1119,1473,13.484993733776783,0,0,0,864691134941824611,864691135295165196
978,1267,13.487307218270026,0,0,0,864691135976028015,864691135577208606
1305,1438,13.499686514878814,0,0,0,864691135503448898,864691136177127174
941,1449,13.502871990802547,0,0,0,864691135838916755,864691135504327861
721,2249,13.504037914638845,0,0,0,864691135738995588,864691136010651052
481,1966,13.51042738036073,0,0,0,864691136120038424,864691135686442423
555,672,13.5119052690581,0,0,0,864691135763433270,864691136674327431
671,1686,13.522716886779772,0,0,0,864691135417313722,864691136484596012
983,2149,13.526675275173817,0,0,0,864691136311451226,864691135764946742
1480,2227,13.532805769684256,0,0,0,864691135490483514,864691135396940021
133,474,13.533542330077461,0,0,0,864691136273494206,864691136596815778
1161,1801,13.537030693619643,0,0,0,864691135763975990,864691135362104647
772,1157,13.542714646628303,0,0,0,864691136086206316,864691136742470492
1151,2054,13.544129946216573,0,0,0,864691135389195393,864691135570303724
589,2283,13.54716324549164,0,0,0,864691135294520844,864691136421324951
56,1444,13.552446273643824,0,0,0,864691135492613471,864691135464928318
437,2103,13.556070227023806,0,0,0,864691135102274592,864691135839950227
698,1808,13.558999373110087,0,0,0,864691135569592300,864691135994134977
1513,1571,13.559280216884634,0,0,0,864691135843242211,864691135954393891
1854,2158,13.564474188113552,0,0,0,864691136138583677,864691136968687310
79,1978,13.56641736052669,0,0,0,864691135809375005,864691135659857026
699,1995,13.570867621489745,0,0,0,864691135838788755,864691136108378073
382,411,13.5723601484782,0,0,0,864691137054934902,864691136106969561
194,1974,13.580824128159591,0,0,0,864691135954940424,864691136111294648
869,1297,13.588383273958659,0,0,0,864691135464946757,864691135686055351
872,1918,13.593118258883777,0,0,0,864691135272003237,864691135405626862
667,1403,13.59768686211005,0,0,0,864691136313301565,864691136067382936
243,679,13.60034117219119,0,0,0,864691135584504429,864691135741930603
944,2086,13.602373910461333,0,0,0,864691135276504549,864691135210387321
1798,2092,13.603841810312279,0,0,0,864691135573191405,864691136034487739
872,2265,13.607322734469106,0,0,0,864691135272003237,864691136976001308
1900,2116,13.612342634535734,0,0,0,864691135106357069,864691135741910164
585,1816,13.617156237629008,0,0,0,864691135546161704,864691135778954848
1147,1514,13.619524808156886,0,0,0,864691135210358137,864691135954680867
1553,2105,13.622910114949764,0,0,0,864691135852637127,864691135325426076
1073,2190,13.625615875988935,0,0,0,864691135662802416,864691134991032954
121,2086,13.635588729497517,0,0,0,864691135503004765,864691135210387321
426,960,13.637294746393103,0,0,0,864691136380400341,864691135133991072
527,933,13.652306471801737,0,0,0,864691135885298544,864691136287879619
691,1232,13.66254793221228,0,0,0,864691135576872222,864691135866576604
157,1793,13.686763240445147,0,0,0,864691135778290109,864691135702946683
1209,2042,13.691251513283904,0,0,0,864691135209715833,864691135272069285
569,696,13.69653269992089,0,0,0,864691135694264511,864691135868386070
1557,1725,13.697572339652009,0,0,0,864691135811335116,864691135212492992
574,823,13.717928706623349,0,0,0,864691136101340021,864691135726140843
264,2232,13.723346530638931,0,0,0,864691135577956101,864691136314491965
729,1599,13.725335405737837,0,0,0,864691135060094107,864691136975624220
986,1206,13.7505548978942,0,0,0,864691135324437916,864691135976425327
767,980,13.751811517032968,0,0,0,864691136145208372,864691135234582361
1151,2121,13.753449603645006,0,0,0,864691135389195393,864691136058804696
1885,1899,13.757267170481216,0,0,0,864691135325487004,864691136034181307
1150,2063,13.779969230734809,0,0,0,864691135662825456,864691136034433723
1210,1303,13.780226993776282,0,0,0,864691135868957462,864691134919529994
737,2216,13.781573785312027,0,0,0,864691135955262472,864691136314457149
1081,1584,13.78574568168152,0,0,0,864691135476311616,864691135779716797
433,776,13.788159558113616,0,0,0,864691137021162094,864691135356708303
1291,1354,13.798144802834832,0,0,0,864691135476793920,864691136991901845
855,1813,13.81342419532539,0,0,0,864691136523288465,864691134919869706
314,1863,13.81407977391182,0,0,0,864691135865374940,864691136968306126
1555,1734,13.81556223973523,0,0,0,864691136975639836,864691135765006134
436,568,13.817482259804093,0,0,0,864691136239859772,864691135694246079
555,2053,13.818093645651684,0,0,0,864691135763433270,864691136043508822
674,696,13.818850892892678,0,0,0,864691135335937513,864691135868386070
1612,1832,13.820687103035098,0,0,0,864691135774368763,864691135343818161
760,1067,13.8337095531169,0,0,0,864691135867561349,864691136579217172
79,624,13.835263929538879,0,0,0,864691135809375005,864691135569363948
9,1319,13.83821317945348,0,0,0,864691136023889209,864691136006493898
505,2250,13.841257746317709,0,0,0,864691135455400554,864691135493686111
1229,1274,13.843396115115643,0,0,0,864691135294767884,864691135592276491
1864,2217,13.845400102561147,0,0,0,864691135727790911,864691136927688266
965,1294,13.84999638989126,0,0,0,864691135684809458,864691135396312821
437,1318,13.85079809974855,0,0,0,864691135102274592,864691135741458324
927,1166,13.852325147786592,0,0,0,864691135585503864,864691135455875690
1580,2038,13.862744317053542,0,0,0,864691135274830353,864691137199765313
1626,1902,13.868357076452911,0,0,0,864691136275166398,864691136145574196
767,928,13.870941136058562,0,0,0,864691136145208372,864691136195537366
1497,2128,13.871882352442315,0,0,0,864691135764932662,864691135164887085
517,1222,13.876197750104273,0,0,0,864691135778811325,864691136022090744
1742,1886,13.887817971157286,0,0,0,864691136239793212,864691135990672896
243,879,13.90073379358086,0,0,0,864691135584504429,864691135271343525
1511,2311,13.90332794693409,0,0,0,864691136925094628,864691135858363694
611,1900,13.907987920615987,0,0,0,864691135361548615,864691135106357069
738,1476,13.919310327742581,0,0,0,864691135583277677,864691136026155577
611,1203,13.924838239635026,0,0,0,864691135361548615,864691135868684566
1422,1514,13.929948169322127,0,0,0,864691135809954845,864691135954680867
882,1309,13.93158138905987,0,0,0,864691135989149187,864691135939462453
1132,1251,13.936872532960924,0,0,0,864691135465583685,864691136125840678
871,2033,13.939078879179874,0,0,0,864691136391042167,864691136041575422
489,685,13.941649830633413,0,0,0,864691135404860654,864691136438469534
1173,1267,13.945542083404321,0,0,0,864691135852558279,864691135577208606
1820,1975,13.949586947289855,0,0,0,864691135990701056,864691135750958889
1089,1479,13.955815991908205,0,0,0,864691135741197716,864691136026198585
943,2053,13.961118579827302,0,0,0,864691136137237899,864691136043508822
936,1737,13.964070466737184,0,0,0,864691135469807954,864691136111402424
1692,2074,13.975377204211622,0,0,0,864691136034011579,864691134942468707
983,1251,13.97631138748705,0,0,0,864691136311451226,864691136125840678
1578,1791,13.978820551105224,0,0,0,864691135802215266,864691135431591728
2094,2263,13.97987124404227,0,0,0,864691135060768923,864691135137299481
1856,2249,13.982434695002064,0,0,0,864691135562780385,864691136010651052
941,943,13.983240253961231,0,0,0,864691135838916755,864691136137237899
468,720,14.0024432153821,0,0,0,864691135727867967,864691136211325884
1501,1564,14.003135648846586,0,0,0,864691135656578242,864691136814180211
1484,2246,14.007312376041215,0,0,0,864691135405713902,864691135783308368
418,1308,14.00778069502804,0,0,0,864691135136312089,864691135947876644
522,955,14.011469587448643,0,0,0,864691135014246390,864691136335213235
419,936,14.013671039381462,0,0,0,864691137055253878,864691135469807954
1312,1458,14.0189220698312,0,0,0,864691136335553971,864691136126503206
1323,2280,14.020312122060643,0,0,0,864691136211371452,864691135593133067
768,1292,14.025405519984089,0,0,0,864691135417827770,864691135583913069
2162,2210,14.026318119877327,0,0,0,864691136118878116,864691136336107187
1560,2140,14.028143141556614,0,0,0,864691135324963484,864691135756148685
202,1424,14.029821951828142,0,0,0,864691135778675552,864691135993767617
169,1173,14.045651284294394,0,0,0,864691135946994785,864691135852558279
882,1189,14.04568773681085,0,0,0,864691135989149187,864691135866223998
424,990,14.049496503433971,0,0,0,864691135276188133,864691136484415020
1537,1904,14.050680837596452,0,0,0,864691136391027728,864691135886132080
426,953,14.052928520418767,0,0,0,864691136380400341,864691135942730612
934,1391,14.05381428652024,0,0,0,864691135970293605,864691135640929595
1338,1723,14.060734546957354,0,0,0,864691136392254847,864691135375655880
131,1848,14.06177229228237,0,0,0,864691135802453858,864691135764644150
732,1583,14.062716664997513,0,0,0,864691135396794101,864691135717386266
543,965,14.062716664997554,0,0,0,864691135938925109,864691135684809458
1165,1868,14.066175030902981,0,0,0,864691135430859056,864691135867965317
984,1552,14.075165078960909,0,0,0,864691135360300632,864691136274933950
366,1317,14.076419999417492,0,0,0,864691135492308071,864691136058023640
1171,1425,14.076517751205445,0,0,0,864691135778604640,864691135566657623
426,438,14.079136337147942,0,0,0,864691136380400341,864691136596060322
1787,1902,14.079693178475175,0,0,0,864691135447994514,864691136145574196
1780,1884,14.093239230212582,0,0,0,864691135464671550,864691135732318393
436,675,14.093311888977714,0,0,0,864691136239859772,864691137055367798
161,925,14.09861496743566,0,0,0,864691135994804394,864691136742372956
1312,1494,14.099134725223308,0,0,0,864691136335553971,864691136137239691
726,2300,14.10594201037281,0,0,0,864691136012739747,864691135765013302
461,1446,14.112582754407558,0,0,0,864691135234382937,864691136484972332
737,1422,14.124475211490156,0,0,0,864691135955262472,864691135809954845
184,366,14.141812047966091,0,0,0,864691135565770007,864691135492308071
683,1446,14.150588963007854,0,0,0,864691135782542416,864691136484972332
165,1064,14.152940613172921,0,0,0,864691136903387826,864691135763447862
1192,1195,14.153155407894037,0,0,0,864691135448127572,864691135868919318
667,698,14.153591770289335,0,0,0,864691136313301565,864691135569592300
727,1899,14.15811286859946,0,0,0,864691135741963627,864691136034181307
713,2039,14.159638413462396,0,0,0,864691136274488254,864691135504168285
870,2012,14.167078456760263,0,0,0,864691135566168599,864691135389122689
1477,2290,14.170999117916876,0,0,0,864691135732557241,864691135504203357
175,965,14.171757830276288,0,0,0,864691135693735103,864691135684809458
255,2299,14.175027054647876,0,0,0,864691135294441654,864691136239980604
947,988,14.175963882572553,0,0,0,864691135417307322,864691135993274305
844,1213,14.177320480260022,0,0,0,864691136110765496,864691135477841320
196,430,14.193796955008176,0,0,0,864691135082074359,864691135688407776
710,722,14.194308718637838,0,0,0,864691134949081852,864691135611019015
1608,1789,14.19444398347461,0,0,0,864691135350717399,864691135920776624
576,1833,14.196175259554858,0,0,0,864691135136360217,864691135387535957
755,1382,14.198375118301316,0,0,0,864691135867532933,864691135773776459
254,1204,14.202000985776616,0,0,0,864691135809509917,864691135469215372
945,1690,14.205389399801755,0,0,0,864691135853055175,864691135442606920
1383,1429,14.213125201728117,0,0,0,864691135577135390,864691135566649431
91,2056,14.21701515790142,0,0,0,864691135404765166,864691135343601093
551,1461,14.220390993218183,0,0,0,864691135271038885,864691135277309669
1578,1810,14.222560107097488,0,0,0,864691135802215266,864691135994077377
1194,1573,14.22349605406494,0,0,0,864691135398243105,864691136211068860
998,1601,14.224569167465246,0,0,0,864691135503367517,864691136453183487
1127,1914,14.226476724755186,0,0,0,864691135347733151,864691135689296608
463,2200,14.236172519325628,0,0,0,864691135502885954,864691135741874836
755,1215,14.236334359658755,0,0,0,864691135867532933,864691134886792442
1095,2311,14.237554846250795,0,0,0,864691136954050527,864691135858363694
1338,1855,14.238678590374883,0,0,0,864691136392254847,864691135742609771
421,959,14.241458352289625,0,0,0,864691135519178378,864691135948150625
1176,1810,14.245032818495012,0,0,0,864691136021997560,864691135994077377
580,2238,14.246993788164547,0,0,0,864691136975144988,864691136331247338
976,1371,14.250782434659568,0,0,0,864691135384292843,864691136211385020
658,1410,14.254359052584576,0,0,0,864691135430486576,864691136953677535
1559,1645,14.255957351226874,0,0,0,864691135490326074,864691134919972106
180,1832,14.258632753528639,0,0,0,864691136005322698,864691135343818161
428,965,14.259833379110699,0,0,0,864691135655521986,864691135684809458
47,563,14.260237305178359,0,0,0,864691135655390658,864691136524089489
1240,1524,14.260524534532305,0,0,0,864691135464995134,864691136927761226
526,927,14.263181131851335,0,0,0,864691135591533579,864691135585503864
1464,2227,14.266548286113203,0,0,0,864691135928395278,864691135396940021
1790,1883,14.276528429558777,0,0,0,864691135465932357,864691134966495519
467,1822,14.291880771962749,0,0,0,864691135489677882,864691136053465587
676,2009,14.304503346848604,0,0,0,864691134941495395,864691135102151968
1115,1261,14.305395905042237,0,0,0,864691136010068652,864691135773694795
1642,2125,14.308911908317837,0,0,0,864691136421279639,864691135861093992
219,2224,14.31480799731532,0,0,0,864691135162585389,864691136453442303
696,2098,14.315344494632276,0,0,0,864691135868386070,864691136954019039
725,1852,14.315851913176452,0,0,0,864691135342541509,864691137056393846
554,1432,14.315952500619659,0,0,0,864691135787242948,864691135212086720
118,687,14.317425466891667,0,0,0,864691136012173475,864691135941300993
1076,2192,14.325174484103123,0,0,0,864691135717299738,864691135258628527
203,539,14.325909395218224,0,0,0,864691135293398284,864691135810803660
1827,2132,14.329748637013868,0,0,0,864691136620636045,864691134991010426
1117,1326,14.337020052995733,0,0,0,864691135360482392,864691135324725404
184,666,14.33903539294056,0,0,0,864691135565770007,864691136057790424
677,2172,14.34200097615399,0,0,0,864691136033227451,864691135757092306
1073,1464,14.342141541624846,0,0,0,864691135662802416,864691135928395278
983,1284,14.348075271617418,0,0,0,864691136311451226,864691136274712254
695,1995,14.357983145274881,0,0,0,864691135211568576,864691136108378073
520,1412,14.36322637849865,0,0,0,864691135688387040,864691135886130288
1840,1885,14.364170981995436,0,0,0,864691135465955397,864691135325487004
1579,2288,14.365050922290493,0,0,0,864691135511486985,864691134966710559
79,1354,14.379727952920351,0,0,0,864691135809375005,864691136991901845
535,1211,14.382373656667392,0,0,0,864691135573276197,864691136380718037
619,2141,14.383350374651988,0,0,0,864691136619529179,864691136524282001
1233,1495,14.385025547422572,0,0,0,864691136196202472,864691136968529870
1117,1531,14.389195946959639,0,0,0,864691135360482392,864691135015154934
1210,1258,14.400711093553667,0,0,0,864691135868957462,864691135124146727
999,1885,14.402330922458358,0,0,0,864691135511977680,864691135325487004
1087,1133,14.405261261080971,0,0,0,864691136085904236,864691135384344043
1320,1802,14.411393270603659,0,0,0,864691135655894978,864691135520105354
1608,2210,14.413078505302071,0,0,0,864691135350717399,864691136336107187
856,951,14.413613564960006,0,0,0,864691135157994084,864691135447312274
1358,2201,14.415780242498183,0,0,0,864691136118359716,864691136381325781
456,1167,14.42161045098633,0,0,0,864691136275771917,864691136042688854
529,604,14.424379362731758,0,0,0,864691135698820373,864691135778335328
439,609,14.4289220664608,0,0,0,864691135801393250,864691135939114293
138,1720,14.432550987264868,0,0,0,864691136136778621,864691135727686463
1281,2035,14.435017422919861,0,0,0,864691135849634142,864691135779049568
1595,1814,14.439705260149895,0,0,0,864691135566966807,864691136229186129
715,1914,14.443605090142835,0,0,0,864691136523081105,864691135689296608
822,2277,14.447001072887003,0,0,0,864691136914445809,864691136331249642
264,1691,14.449975501709286,0,0,0,864691135577956101,864691136381353685
1806,2213,14.45081035790043,0,0,0,864691135340055782,864691136425681967
26,778,14.452581776277938,0,0,0,864691135361314119,864691136674080135
721,1961,14.45522078696824,0,0,0,864691135738995588,864691136664950750
248,1594,14.455592689336662,0,0,0,864691136424990255,864691135760635214
601,933,14.462834023800458,0,0,0,864691135539591282,864691136287879619
596,1578,14.475891129737127,0,0,0,864691136579193108,864691135802215266
610,2146,14.47960220448057,0,0,0,864691135941293057,864691135343923633
1075,1477,14.483676881234247,0,0,0,864691135448215698,864691135732557241
954,1172,14.489499646295627,0,0,0,864691135773240571,864691135787093956
689,2298,14.489923671296602,0,0,0,864691135990004992,864691135165079085
1205,1210,14.493918172806183,0,0,0,864691136274695358,864691135868957462
565,1507,14.495437075162586,0,0,0,864691136618553563,864691135571515270
434,924,14.496743910271718,0,0,0,864691136311179354,864691135919749808
1668,2187,14.499222599850004,0,0,0,864691135164887853,864691134942472035
1184,1188,14.503135109347932,0,0,0,864691136905458866,864691135447540882
205,987,14.506029642876165,0,0,0,864691135464633245,864691135778465376
542,988,14.511693491801745,0,0,0,864691136117811876,864691135993274305
524,1516,14.512822468424305,0,0,0,864691136025333561,864691135810492189
1143,1975,14.513199509412152,0,0,0,864691134919403530,864691135750958889
499,1671,14.520606047958228,0,0,0,864691135801163874,864691135567047191
165,181,14.523596248863361,0,0,0,864691136903387826,864691136913135089
2271,2281,14.531050340563777,0,0,0,864691135587771772,864691135577816862
215,697,14.531666938104474,0,0,0,864691135992790209,864691134886335738
716,1506,14.544915262730127,0,0,0,864691135725920939,864691136596901026
1042,2162,14.547390143939907,0,0,0,864691135430346544,864691136118878116
1223,1273,14.550537584570574,0,0,0,864691135214611512,864691135101824288
2043,2281,14.560703279718293,0,0,0,864691136058745048,864691135577816862
221,1307,14.56474647908429,0,0,0,864691135688823008,864691135476790080
479,482,14.566293145478017,0,0,0,864691136618795227,864691136330122730
26,253,14.570424839379308,0,0,0,864691135361314119,864691135586240120
666,880,14.572065330624902,0,0,0,864691136057790424,864691135941549825
418,990,14.573235742277717,0,0,0,864691135136312089,864691136484415020
1143,1885,14.581226285878676,0,0,0,864691134919403530,864691135325487004
673,688,14.583936368484265,0,0,0,864691136991359893,864691136021865976
185,1128,14.584649464419709,0,0,0,864691135611337735,864691135955477512
1190,1383,14.58468456978068,0,0,0,864691135764062006,864691135577135390
2220,2228,14.587095667061392,0,0,0,864691135717457178,864691136968773070
1076,1533,14.603372761112482,0,0,0,864691135717299738,864691136381301461
1295,2042,14.604978877081539,0,0,0,864691135388675969,864691135272069285
613,2237,14.605125675597586,0,0,0,864691136484364844,864691135562978017
82,1426,14.606608915145252,0,0,0,864691135495542672,864691135164434989
694,1487,14.608782016307877,0,0,0,864691135375351369,864691136620914829
1421,1525,14.615279675736627,0,0,0,864691135867644805,864691135920800688
78,1542,14.6204722221959,0,0,0,864691135545730856,864691135741982868
1308,1966,14.626050184516648,0,0,0,864691135947876644,864691135686442423
241,726,14.629707857643636,0,0,0,864691136043283030,864691136012739747
148,2222,14.636502314419186,0,0,0,864691136967634382,864691136229363025
1077,2028,14.639718576530141,0,0,0,864691136381243349,864691135015605910
1567,1590,14.646741617165318,0,0,0,864691135802341986,864691135920571056
419,2145,14.64794756954022,0,0,0,864691137055253878,864691135618339945
934,1382,14.653764021574847,0,0,0,864691135970293605,864691135773776459
1844,2025,14.658235637347309,0,0,0,864691135294361782,864691135448130450
1458,2209,14.669533053236565,0,0,0,864691136126503206,864691135309722950
1069,2154,14.672586684017256,0,0,0,864691136010027182,864691136196979020
1080,1919,14.673456852425803,0,0,0,864691135778331232,864691135336669673
210,772,14.674189585799962,0,0,0,864691135571546917,864691136086206316
2072,2168,14.674436002790616,0,0,0,864691135102390816,864691135929072340
1475,2315,14.692986081801099,0,0,0,864691135124603687,864691135886314096
1576,1888,14.694247037531458,0,0,0,864691135592502539,864691136041321982
1414,1818,14.69969251379085,0,0,0,864691135309290822,864691135742756203
856,956,14.700093060929884,0,0,0,864691135157994084,864691135591726603
420,607,14.70023020227919,0,0,0,864691135655473858,864691136390099728
1790,1844,14.710868907036103,0,0,0,864691135465932357,864691135294361782
932,1278,14.722791039745191,0,0,0,864691135970293349,864691136107964377
481,768,14.732501213303841,0,0,0,864691136120038424,864691135417827770
2286,2289,14.733906474523346,0,0,0,864691135336954857,864691135060869787
1183,1185,14.73759817609364,0,0,0,864691135773640699,864691135503293250
1166,1291,14.737661144157137,0,0,0,864691135455875690,864691135476793920
490,1800,14.741161419644007,0,0,0,864691135294442678,864691135562798817
1163,1895,14.744208354469178,0,0,0,864691135742247787,864691135215023416
2038,2120,14.74511118981474,0,0,0,864691137199765313,864691136034464443
671,1811,14.745788280047922,0,0,0,864691135417313722,864691135387513685
567,794,14.74584036262424,0,0,0,864691135271077541,864691136092725684
79,980,14.748930266293938,0,0,0,864691135809375005,864691135234582361
1412,2278,14.749743862182864,0,0,0,864691135886130288,864691135751149353
132,1395,14.751861170713438,0,0,0,864691136487168530,864691135124209447
1530,1582,14.757085891191426,0,0,0,864691135810466333,864691135858298670
640,967,14.75848881152808,0,0,0,864691135997332650,864691136906067890
757,1291,14.758924622071955,0,0,0,864691136489262866,864691135476793920
53,2110,14.759538204158048,0,0,0,864691136238652476,864691135853198023
698,1163,14.76161292000296,0,0,0,864691135569592300,864691135742247787
944,1780,14.76813867757208,0,0,0,864691135276504549,864691135464671550
1306,1840,14.771249913260613,0,0,0,864691135849640798,864691135465955397
954,1250,14.775168357754788,0,0,0,864691135773240571,864691136742623580
1189,1301,14.783863635734807,0,0,0,864691135866223998,864691136041000190
184,949,14.788570722013741,0,0,0,864691135565770007,864691135014681590
286,1295,14.788901784784422,0,0,0,864691135274355473,864691135388675969
78,1516,14.7918939963752,0,0,0,864691135545730856,864691135810492189
545,1283,14.793332552200658,0,0,0,864691136090728503,864691135592283403
543,1294,14.803729259885808,0,0,0,864691135938925109,864691135396312821
1382,2035,14.806701185611892,0,0,0,864691135773776459,864691135779049568
577,579,14.808810350598735,0,0,0,864691135868210454,864691136195891788
490,1640,14.813753609399564,0,0,0,864691135294442678,864691136011686318
737,1581,14.816434118910054,0,0,0,864691135955262472,864691135701746978
602,937,14.823160256841279,0,0,0,864691135782278224,864691135763364662
1745,2011,14.823171050756962,0,0,0,864691136314078013,864691136196262102
728,1541,14.826193037998607,0,0,0,864691136085781356,864691135478429352
2106,2134,14.830411996974394,0,0,0,864691135994235841,864691135756075981
723,1490,14.830578141124462,0,0,0,864691135892202633,864691135464795710
541,957,14.834485228682588,0,0,0,864691134989919098,864691135782330192
766,1249,14.84258737552182,0,0,0,864691135726340523,864691136239387708
1444,2084,14.846191700230733,0,0,0,864691135464928318,864691136579969300
1844,2053,14.848622831764585,0,0,0,864691135294361782,864691136043508822
1240,1513,14.851758145081707,0,0,0,864691135464995134,864691135843242211
304,476,14.853121961392485,0,0,0,864691135516975315,864691135778544480
1212,1285,14.859825032617277,0,0,0,864691136013161891,864691135842794979
2039,2280,14.863442400735986,0,0,0,864691135504168285,864691135593133067
937,1255,14.869510281108733,0,0,0,864691135763364662,864691135183646466
1464,2190,14.87243033266591,0,0,0,864691135928395278,864691134991032954
525,770,14.873790102055402,0,0,0,864691137055244406,864691136742708828
719,1312,14.875700454096272,0,0,0,864691135774307659,864691136335553971
1277,2119,14.876945923138981,0,0,0,864691135917058150,864691135739004292
1143,1306,14.878597783393396,0,0,0,864691134919403530,864691135849640798
722,1357,14.90497903386652,0,0,0,864691135611019015,864691136118337956
667,1539,14.905440617438929,0,0,0,864691136313301565,864691135941975974
330,478,14.912832594782255,0,0,0,864691135455977578,864691135750307881
137,1391,14.916471432614353,0,0,0,864691136904366770,864691135640929595
735,737,14.923860090472658,0,0,0,864691135473540914,864691135955262472
1781,1797,14.925009346730716,0,0,0,864691136111251896,864691135742664043
1172,1442,14.933580950328063,0,0,0,864691135787093956,864691136390601335
149,434,14.942603789166098,0,0,0,864691135492371303,864691136311179354
1764,2292,14.94657151322668,0,0,0,864691135742824555,864691135102433056
508,1796,14.950989800009904,0,0,0,864691136904594610,864691135277186789
1091,1227,14.951452103391155,0,0,0,864691136619939213,864691135503350082
1271,1280,14.951638304881481,0,0,0,864691135336422633,864691135619527311
687,2121,14.952907409597676,0,0,0,864691135941300993,864691136058804696
1566,1670,14.957460747065305,0,0,0,864691135732210873,864691135015652246
1690,1799,14.966426427173623,0,0,0,864691135442606920,864691136138779517
458,2174,14.969248478130101,0,0,0,864691135993150913,864691136108410329
1686,1794,14.96979839543607,0,0,0,864691136484596012,864691135698211994
194,1029,14.970599453595696,0,0,0,864691135954940424,864691135853091015
1473,2263,14.973410032454167,0,0,0,864691135295165196,864691135137299481
1330,1378,14.973728460206619,0,0,0,864691136905560754,864691135779297981
165,424,14.985725474597555,0,0,0,864691136903387826,864691135276188133
975,1916,14.98613545915019,0,0,0,864691135465343045,864691135280682401
438,541,14.99535714813082,0,0,0,864691136596060322,864691134989919098
1228,1275,14.999129574745309,0,0,0,864691135473961522,864691135939209988
82,540,15.00401013062828,0,0,0,864691135495542672,864691135271103653
663,1334,15.007906183075702,0,0,0,864691135885635952,864691136025624889
533,599,15.0095884020848,0,0,0,864691135763491126,864691135725838763
594,1382,15.012930959676126,0,0,0,864691135014256630,864691135773776459
1126,1211,15.013636468224476,0,0,0,864691135396115189,864691136380718037
568,2033,15.014243903706856,0,0,0,864691135694246079,864691136041575422
161,989,15.014275873314743,0,0,0,864691135994804394,864691134949095932
1162,2128,15.014378175602193,0,0,0,864691135274195217,864691135164887085
490,683,15.017346769652793,0,0,0,864691135294442678,864691135782542416
872,2174,15.01918559709549,0,0,0,864691135272003237,864691136108410329
254,1186,15.022920088984046,0,0,0,864691135809509917,864691135369002233
1066,1167,15.02549939269904,0,0,0,864691136488621842,864691136042688854
1065,1285,15.027092333515453,0,0,0,864691135989998080,864691135842794979
811,862,15.034128641195107,0,0,0,864691135942924148,864691136091074615
327,678,15.039940425413953,0,0,0,864691135573296677,864691135430290480
461,501,15.040495736510815,0,0,0,864691135234382937,864691135731679929
1666,1830,15.042265786775593,0,0,0,864691135102353696,864691135060727707
1496,1503,15.04286781169071,0,0,0,864691136196969548,864691136011684526
132,882,15.045209735992392,0,0,0,864691136487168530,864691135989149187
1317,1379,15.04677506976155,0,0,0,864691136058023640,864691136967869902
517,718,15.046809096948081,0,0,0,864691135778811325,864691135431654960
1299,1437,15.046840997365498,0,0,0,864691135701272610,864691135343499441
449,570,15.047200404061956,0,0,0,864691136330407914,864691135782241616
1328,2184,15.048153109268927,0,0,0,864691136006519498,864691135466236229
595,720,15.048244548783758,0,0,0,864691135757002450,864691136211325884
272,677,15.06670182886755,0,0,0,864691136968429774,864691136033227451
1502,2289,15.067829571640385,0,0,0,864691135214977920,864691135060869787
135,503,15.069471125424412,0,0,0,864691135995711402,864691135874782350
1262,2039,15.071832270828962,0,0,0,864691135136735001,864691135504168285
1525,1530,15.071864118283417,0,0,0,864691135920800688,864691135810466333
203,733,15.07306153374289,0,0,0,864691135293398284,864691136953631711
464,2252,15.078351103486076,0,0,0,864691135498973715,864691134887552506
1241,1400,15.085176830252982,0,0,0,864691136210975676,864691135698016410
1244,1609,15.091692019121027,0,0,0,864691136195796182,864691136211175612
1473,1533,15.09667831014493,0,0,0,864691135295165196,864691136381301461
940,1731,15.101999867567299,0,0,0,864691135842486243,864691135778618029
587,695,15.103764828677685,0,0,0,864691135810773452,864691135211568576
1227,1391,15.110763316259025,0,0,0,864691135503350082,864691135640929595
1197,2095,15.110778140122386,0,0,0,864691135716679194,864691136118805668
1223,1292,15.114676311453003,0,0,0,864691135214611512,864691135583913069
962,2146,15.11687798455753,0,0,0,864691135866279900,864691135343923633
86,197,15.118190367897784,0,0,0,864691135518453642,864691135572385061
755,964,15.118486696756309,0,0,0,864691135867532933,864691136596177570
581,2190,15.128439972449215,0,0,0,864691135719900721,864691134991032954
535,1725,15.131508847434816,0,0,0,864691135573276197,864691135212492992
607,1432,15.13625581179191,0,0,0,864691136390099728,864691135212086720
187,1832,15.146051630705626,0,0,0,864691135660772080,864691135343818161
1288,1295,15.146389668828713,0,0,0,864691135577221406,864691135388675969
564,2238,15.154510879602823,0,0,0,864691134941412707,864691136331247338
582,2298,15.160335616337855,0,0,0,864691135562004193,864691135165079085
1618,1651,15.163495111615946,0,0,0,864691136011458734,864691137056345206
929,1082,15.164294906127337,0,0,0,864691135763362102,864691135646017007
203,1228,15.165436492234583,0,0,0,864691135293398284,864691135473961522
610,962,15.167715187199377,0,0,0,864691135941293057,864691135866279900
751,932,15.168525307359378,0,0,0,864691135646353391,864691135970293349
1357,2233,15.170708618914286,0,0,0,864691136118337956,864691135685620210
1918,2157,15.173838538748173,0,0,0,864691135405626862,864691134887444986
286,1260,15.174757988185565,0,0,0,864691135274355473,864691135473954354
1126,1837,15.175053212427304,0,0,0,864691135396115189,864691136177632518
117,991,15.179480887039501,0,0,0,864691135271590309,864691135763549238
1319,1651,15.180627655008283,0,0,0,864691136006493898,864691137056345206
327,2232,15.18589872216986,0,0,0,864691135573296677,864691136314491965
688,2033,15.190955203672917,0,0,0,864691136021865976,864691136041575422
1518,1536,15.1929667938819,0,0,0,864691135184104194,864691136814655859
17,1012,15.19408937712298,0,0,0,864691135384285931,864691135209369465
598,760,15.19454428405142,0,0,0,864691135479744454,864691135867561349
882,1383,15.198357806026287,0,0,0,864691135989149187,864691135577135390
495,2183,15.202795532401264,0,0,0,864691135398805281,864691136524172689
640,1828,15.202871307749778,0,0,0,864691135997332650,864691135774053371
574,1320,15.210505843002071,0,0,0,864691136101340021,864691135655894978
1517,1579,15.211044408586854,0,0,0,864691136485007404,864691135511486985
1514,2225,15.222080803884825,0,0,0,864691135954680867,864691136058895576
1232,2022,15.222520159290259,0,0,0,864691135866576604,864691135584625773
91,1381,15.228270551838737,0,0,0,864691135404765166,864691135350542039
2102,2109,15.228537421564859,0,0,0,864691136914414321,864691135135019168
432,1255,15.228976590697137,0,0,0,864691136389885047,864691135183646466
944,1798,15.22980026132975,0,0,0,864691135276504549,864691135573191405
698,1403,15.230663806938946,0,0,0,864691135569592300,864691136067382936
929,1326,15.231346624642162,0,0,0,864691135763362102,864691135324725404
607,761,15.232859219463855,0,0,0,864691136390099728,864691136033794747
449,513,15.237721614467146,0,0,0,864691136330407914,864691136138803837
268,617,15.24167969746114,0,0,0,864691135578670597,864691135430131760
1859,2173,15.242099592903852,0,0,0,864691135060651419,864691136288604355
600,1978,15.246549773637286,0,0,0,864691135591725067,864691135659857026
2057,2279,15.251183298354231,0,0,0,864691135196576298,864691136229366097
675,688,15.251216869482954,0,0,0,864691137055367798,864691136021865976
1073,1448,15.251720427545123,0,0,0,864691135662802416,864691135448256146
1669,1962,15.254605075189502,0,0,0,864691135325263004,864691135619756943
825,1525,15.260613880181863,0,0,0,864691135430356784,864691135920800688
1202,1555,15.266299617130581,0,0,0,864691136196265704,864691136975639836
823,1570,15.27061491885646,0,0,0,864691135726140843,864691134966324767
575,2182,15.271128314567953,0,0,0,864691135801463650,864691136453384959
1312,1457,15.271377671971834,0,0,0,864691136335553971,864691135976979567
604,1697,15.280896308790261,0,0,0,864691135778335328,864691135942120449
1997,2144,15.285695273686438,0,0,0,864691135695042751,864691135774294603
914,1241,15.287168998869564,0,0,0,864691136380266965,864691136210975676
1781,1987,15.293993592257076,0,0,0,864691136111251896,864691136026013497
847,1288,15.297140124873005,0,0,0,864691135517376211,864691135577221406
971,2220,15.299415936564449,0,0,0,864691135493665631,864691135717457178
729,1448,15.30062691526066,0,0,0,864691135060094107,864691135448256146
975,1773,15.303213780118227,0,0,0,864691135465343045,864691135616235979
2033,2098,15.306582113587673,0,0,0,864691136041575422,864691136954019039
1481,1508,15.309115715808097,0,0,0,864691135102381856,864691135954640675
442,1593,15.310121096843092,0,0,0,864691135361430087,864691135866427006
1461,2084,15.310587186649618,0,0,0,864691135277309669,864691136579969300
581,1235,15.311057442253986,0,0,0,864691135719900721,864691135388368001
723,1496,15.31594515529484,0,0,0,864691135892202633,864691136196969548
544,983,15.322220204657082,0,0,0,864691137198844737,864691136311451226
272,2172,15.32283002581438,0,0,0,864691136968429774,864691135757092306
481,1292,15.3291106069466,0,0,0,864691136120038424,864691135583913069
1306,1885,15.332226974578782,0,0,0,864691135849640798,864691135325487004
439,754,15.332761264690836,0,0,0,864691135801393250,864691135209715577
757,1166,15.334386978291638,0,0,0,864691136489262866,864691135455875690
1975,2256,15.336782452652862,0,0,0,864691135750958889,864691135215381304
1356,1472,15.342531733713328,0,0,0,864691136380816597,864691135853088967
718,1845,15.346632203842034,0,0,0,864691135431654960,864691135764583990
433,2212,15.347980714087493,0,0,0,864691137021162094,864691135861182824
533,1697,15.353067185419269,0,0,0,864691135763491126,864691135942120449
1453,2158,15.353851373515377,0,0,0,864691136604001745,864691136968687310
693,2286,15.354467753719168,0,0,0,864691136052688115,864691135336954857
581,2229,15.359718747424983,0,0,0,864691135719900721,864691135939949365
1210,1381,15.367273277976171,0,0,0,864691135868957462,864691135350542039
562,1162,15.370764977710065,0,0,0,864691136953958879,864691135274195217
118,1475,15.370796205792328,0,0,0,864691136012173475,864691135124603687
1584,2289,15.374534789709914,0,0,0,864691135779716797,864691135060869787
713,1835,15.375866804834141,0,0,0,864691136274488254,864691136118686884
689,2283,15.3764599306862,0,0,0,864691135990004992,864691136421324951
1229,1803,15.38133726306004,0,0,0,864691135294767884,864691135646778863
1854,1993,15.384382730548575,0,0,0,864691136138583677,864691135774179147
502,1588,15.385653577277752,0,0,0,864691135938816260,864691135885921648
740,2260,15.389283024234663,0,0,0,864691136144674612,864691135570381292
610,1179,15.397389908682555,0,0,0,864691135941293057,864691135993615041
205,1180,15.3984269326447,0,0,0,864691135464633245,864691136927119946
463,1788,15.400249348630675,0,0,0,864691135502885954,864691135540272498
1151,1448,15.404768093028819,0,0,0,864691135389195393,864691135448256146
767,1171,15.407478703538791,0,0,0,864691136145208372,864691135778604640
1029,1234,15.41154683995094,0,0,0,864691135853091015,864691136299034139
817,985,15.411582138119428,0,0,0,864691135014696182,864691135817195343
1478,2189,15.417876377763616,0,0,0,864691136239902780,864691135741889940
600,924,15.419619709966968,0,0,0,864691135591725067,864691135919749808
175,428,15.423006192049524,0,0,0,864691135693735103,864691135655521986
592,2247,15.429575755671312,0,0,0,864691136101341045,864691135703164283
567,632,15.433988467016539,0,0,0,864691135271077541,864691135360346200
530,609,15.434618751365354,0,0,0,864691136021849848,864691135939114293
735,1477,15.4368162520644,0,0,0,864691135473540914,864691135732557241
1646,2060,15.437943904548934,0,0,0,864691136177731846,864691135528193883
1802,2195,15.446558192684915,0,0,0,864691135520105354,864691134991067002
1472,2263,15.449737861853842,0,0,0,864691135853088967,864691135137299481
500,1136,15.451933212384771,0,0,0,864691135801267554,864691135395833333
538,925,15.452341181840376,0,0,0,864691135947366692,864691136742372956
434,600,15.453714116677654,0,0,0,864691136311179354,864691135591725067
585,717,15.455985507239486,0,0,0,864691135546161704,864691135865774206
148,1590,15.456662511680852,0,0,0,864691136967634382,864691135920571056
561,1499,15.461266183595793,0,0,0,864691135276234469,864691135389168001
206,2090,15.46497462008915,0,0,0,864691135472556082,864691135340141542
536,827,15.465537430041032,0,0,0,864691135699522069,864691136674495623
1121,1808,15.466505746289371,0,0,0,864691135339600102,864691135994134977
762,1294,15.469759920567602,0,0,0,864691135083619831,864691135396312821
684,1817,15.470802435555902,0,0,0,864691135591664907,864691135499707667
507,1481,15.47148085995646,0,0,0,864691135726939455,864691135102381856
936,1250,15.473480797803665,0,0,0,864691135469807954,864691136742623580
492,719,15.476692153040903,0,0,0,864691136058646488,864691135774307659
305,311,15.487357424686737,0,0,0,864691136194925132,864691135374420809
1656,1733,15.49080966250633,0,0,0,864691134990847098,864691136953976287
1232,1487,15.493472173789803,0,0,0,864691135866576604,864691136620914829
622,1600,15.494066993530131,0,0,0,864691135455507818,864691135659566210
928,1067,15.495964894126438,0,0,0,864691136195537366,864691136579217172
736,969,15.498186732647161,0,0,0,864691135583223405,864691136814508659
878,1212,15.50082113953969,0,0,0,864691135702061947,864691136013161891
519,2238,15.504703802394882,0,0,0,864691136389921911,864691136331247338
1163,1535,15.50486891269967,0,0,0,864691135742247787,864691135726881195
724,1667,15.509210682687923,0,0,0,864691135892214409,864691136137293195
490,573,15.514706313688261,0,0,0,864691135294442678,864691136311267930
861,1260,15.520562876390715,0,0,0,864691136239460668,864691135473954354
1533,2263,15.521684444672927,0,0,0,864691136381301461,864691135137299481
1993,2231,15.521964824080763,0,0,0,864691135774179147,864691135398925345
450,1449,15.52651615785076,0,0,0,864691135276132325,864691135504327861
1538,1974,15.529011816596611,0,0,0,864691135757083346,864691136111294648
178,1686,15.531296919446238,0,0,0,864691135014734486,864691136484596012
276,2227,15.53640576195153,0,0,0,864691136436788382,864691135396940021
155,548,15.5369227326391,0,0,0,864691136925825354,864691136488591378
453,780,15.549664433678313,0,0,0,864691136389679223,864691135739008132
428,762,15.550584297704113,0,0,0,864691135655521986,864691135083619831
1029,1163,15.553481410925352,0,0,0,864691135853091015,864691135742247787
446,1804,15.5575298810576,0,0,0,864691136195824204,864691135717163802
1945,1958,15.558157217357119,0,0,0,864691135274713617,864691135774221643
1481,1685,15.55842048538348,0,0,0,864691135102381856,864691135577644574
748,1662,15.559315152023935,0,0,0,864691134990435194,864691136138988157
2157,2265,15.560016452433409,0,0,0,864691134887444986,864691136976001308
997,1183,15.563092751763703,0,0,0,864691135491891559,864691135773640699
737,1075,15.563619116388047,0,0,0,864691135955262472,864691135448215698
1257,1884,15.569710080794673,0,0,0,864691135685087474,864691135732318393
677,1840,15.572745422692817,0,0,0,864691136033227451,864691135465955397
624,770,15.578744493700363,0,0,0,864691135569363948,864691136742708828
1401,2299,15.583410666474816,0,0,0,864691136275894285,864691136239980604
685,1562,15.583605744499593,0,0,0,864691136438469534,864691136042982742
1039,1795,15.58605530594581,0,0,0,864691135970210661,864691135570135020
1119,2017,15.586564470722918,0,0,0,864691134941824611,864691135570301676
806,1356,15.588584541259689,0,0,0,864691135510593289,864691136380816597
686,1807,15.590160999810095,0,0,0,864691135725842603,864691135867984005
26,2207,15.591885068842616,0,0,0,864691135361314119,864691135732518585
1834,2119,15.59437847430925,0,0,0,864691135866910428,864691135739004292
600,933,15.5973084857613,0,0,0,864691135591725067,864691136287879619
520,1263,15.599343575932908,0,0,0,864691135688387040,864691136274655166
1299,2212,15.600092307419157,0,0,0,864691135701272610,864691135861182824
431,1167,15.601829636295886,0,0,0,864691135361432391,864691136042688854
828,2266,15.603412959990488,0,0,0,864691135572346349,864691135060882843
1542,2226,15.604093821814846,0,0,0,864691135741982868,864691135295330828
33,371,15.607951306946088,0,0,0,864691135848030814,864691135578103301
762,1224,15.612657429150225,0,0,0,864691135083619831,864691135756460754
987,2254,15.613346085961169,0,0,0,864691135778465376,864691135465098653
1110,1567,15.619417658798914,0,0,0,864691135760319822,864691135802341986
506,2306,15.619442243562968,0,0,0,864691135782156880,864691135743102827
699,1908,15.62034570680174,0,0,0,864691135838788755,864691135885996912
1155,1498,15.622131992785123,0,0,0,864691135755384269,864691135351096279
515,943,15.622394182710915,0,0,0,864691136298125851,864691136137237899
1388,1469,15.631934493209648,0,0,0,864691136380757461,864691135849699166
1487,2022,15.635692501453198,0,0,0,864691136620914829,864691135584625773
878,1251,15.636595025772007,0,0,0,864691135702061947,864691136125840678
612,746,15.641145738084578,0,0,0,864691135456165738,864691135720245297
512,1869,15.64237117575207,0,0,0,864691135948215076,864691136118667428
529,599,15.643385822768739,0,0,0,864691135698820373,864691135725838763
755,1281,15.644876988969935,0,0,0,864691135867532933,864691135849634142
187,822,15.64561126961811,0,0,0,864691135660772080,864691136914445809
590,1063,15.652696636682156,0,0,0,864691135694406335,864691136391034487
1182,1548,15.652811121328968,0,0,0,864691135083577335,864691135474179378
255,2287,15.653888462615262,0,0,0,864691135294441654,864691135465100189
215,620,15.659619407891142,0,0,0,864691135992790209,864691135989943040
1398,2048,15.659742015754837,0,0,0,864691135587371132,864691135741780116
968,1178,15.660927175617733,0,0,0,864691136926764362,864691135527713115
1626,1847,15.661918145616841,0,0,0,864691136275166398,864691135511316745
990,1265,15.66391215501407,0,0,0,864691136484415020,864691136138335101
699,1507,15.669294304467027,0,0,0,864691135838788755,864691135571515270
1465,2122,15.671801938513594,0,0,0,864691135778773856,864691135102351392
1249,2035,15.675697368857364,0,0,0,864691136239387708,864691135779049568
432,989,15.676897652278054,0,0,0,864691136389885047,864691134949095932
452,453,15.680008163263173,0,0,0,864691136380268245,864691136389679223
430,1177,15.687347258220479,0,0,0,864691135688407776,864691135476581440
431,605,15.692258473527575,0,0,0,864691135361432391,864691135279848865
729,1475,15.693694020210826,0,0,0,864691135060094107,864691135124603687
1306,2256,15.696318039591274,0,0,0,864691135849640798,864691135215381304
1477,1581,15.69997095538716,0,0,0,864691135732557241,864691135701746978
828,2118,15.704144675849102,0,0,0,864691135572346349,864691135084038647
726,2293,15.711366586010287,0,0,0,864691136012739747,864691135375888840
865,1919,15.71692794409897,0,0,0,864691135996104618,864691135336669673
1233,1588,15.717964244774201,0,0,0,864691136196202472,864691135885921648
310,1181,15.730077177178709,0,0,0,864691134885645050,864691135350420951
194,995,15.730538960887467,0,0,0,864691135954940424,864691136814627955
1491,1894,15.733599206793045,0,0,0,864691135280944545,864691136953873631
1808,1838,15.735355350293123,0,0,0,864691135994134977,864691135518173395
999,2098,15.736323331706178,0,0,0,864691135511977680,864691136954019039
575,1998,15.738700327536534,0,0,0,864691135801463650,864691136102207349
449,740,15.742679314525805,0,0,0,864691136330407914,864691136144674612
162,1236,15.745170688182434,0,0,0,864691136362774498,864691135891467401
1344,1370,15.746991585696653,0,0,0,864691135619541903,864691136274786494
681,1817,15.75091108475953,0,0,0,864691135996177834,864691135499707667
1489,1670,15.75276382099345,0,0,0,864691135470787666,864691135015652246
619,2176,15.754736176781932,0,0,0,864691136619529179,864691136043380566
1667,2180,15.754762581517914,0,0,0,864691136137293195,864691135492749415
1472,2073,15.757898337024509,0,0,0,864691135853088967,864691135431648048
1023,1180,15.763355987860063,0,0,0,864691135885623408,864691136927119946
137,935,15.763745747759346,0,0,0,864691136904366770,864691136363161570
1347,1368,15.76652047853296,0,0,0,864691136975583516,864691136620397965
1560,2072,15.766912189772599,0,0,0,864691135324963484,864691135102390816
667,1808,15.768834072308573,0,0,0,864691136313301565,864691135994134977
582,2255,15.774752486172343,0,0,0,864691135562004193,864691135474504498
556,640,15.778076942390637,0,0,0,864691135183999490,864691135997332650
833,997,15.781015429939922,0,0,0,864691137055840886,864691135491891559
1786,2047,15.782572667344255,0,0,0,864691135977654851,864691135384843738
588,703,15.783059272523806,0,0,0,864691135725748139,864691135976063855
149,610,15.783789152164934,0,0,0,864691135492371303,864691135941293057
952,1066,15.78508663264164,0,0,0,864691135123833127,864691136488621842
163,681,15.78603332062871,0,0,0,864691136674744199,864691135996177834
734,1847,15.787583982357711,0,0,0,864691136177726726,864691135511316745
1208,1209,15.79400392554086,0,0,0,864691135499283987,864691135209715833
366,983,15.794269340491839,0,0,0,864691135492308071,864691136311451226
444,2145,15.795565960104124,0,0,0,864691135276189669,864691135618339945
1333,1831,15.802511192845305,0,0,0,864691135448212882,864691135448698196
991,1662,15.806738816087234,0,0,0,864691135763549238,864691136138988157
1788,2157,15.807878542043566,0,0,0,864691135540272498,864691134887444986
617,984,15.80788866357552,0,0,0,864691135430131760,864691135360300632
710,1127,15.814785992861204,0,0,0,864691134949081852,864691135347733151
1149,1172,15.81719570593975,0,0,0,864691135211756736,864691135787093956
510,1797,15.817715637853667,0,0,0,864691136380312021,864691135742664043
1780,2086,15.817764190934202,0,0,0,864691135464671550,864691135210387321
750,771,15.82397775529279,0,0,0,864691136136838027,864691136177029382
650,797,15.824905939688806,0,0,0,864691136424439855,864691135101595680
536,1958,15.828474594855903,0,0,0,864691135699522069,864691135774221643
1606,2047,15.830017056213203,0,0,0,864691136675427975,864691135384843738
1128,1187,15.830156537444541,0,0,0,864691135955477512,864691135510846217
462,560,15.83068817202842,0,0,0,864691136052366067,864691136288598467
752,2128,15.834544515078482,0,0,0,864691135892048777,864691135164887085
714,871,15.83810089625647,0,0,0,864691136742244188,864691136391042167
509,1446,15.852376982648359,0,0,0,864691136042462038,864691136484972332
947,1024,15.852812999590913,0,0,0,864691135417307322,864691135927533070
881,946,15.854669974490212,0,0,0,864691135386940245,864691136238679567
507,2074,15.859422435889668,0,0,0,864691135726939455,864691134942468707
701,2054,15.860998203139703,0,0,0,864691135782506832,864691135570303724
982,988,15.861208024611464,0,0,0,864691135566274391,864691135993274305
755,2035,15.862997446888759,0,0,0,864691135867532933,864691135779049568
178,1412,15.87000189035902,0,0,0,864691135014734486,864691135886130288
1595,1859,15.872129031733621,0,0,0,864691135566966807,864691135060651419
611,1205,15.875104535088985,0,0,0,864691135361548615,864691136274695358
718,2204,15.876588046554552,0,0,0,864691135431654960,864691136438529438
1073,1821,15.880209570405587,0,0,0,864691135662802416,864691135727799359
690,1063,15.88029017367127,0,0,0,864691135916843366,864691136391034487
725,1320,15.881964613988972,0,0,0,864691135342541509,864691135655894978
241,1600,15.883513968892384,0,0,0,864691136043283030,864691135659566210
453,2176,15.884078065786522,0,0,0,864691136389679223,864691136043380566
544,1248,15.887419928987786,0,0,0,864691137198844737,864691135809663773
666,1284,15.88757501949234,0,0,0,864691136057790424,864691136274712254
1358,1732,15.893284116254947,0,0,0,864691136118359716,864691135656579010
280,582,15.893284116254966,0,0,0,864691135359413848,864691135562004193
1691,1828,15.89730442559364,0,0,0,864691136381353685,864691135774053371
1177,1273,15.901796628054264,0,0,0,864691135476581440,864691135101824288
970,1386,15.901893723704674,0,0,0,864691135919956656,864691136390474359
56,945,15.90837766712874,0,0,0,864691135492613471,864691135853055175
192,271,15.908733701963888,0,0,0,864691135477448360,864691135866117340
1190,1578,15.916005529026473,0,0,0,864691135764062006,864691135802215266
2255,2295,15.918289355329588,0,0,0,864691135474504498,864691134966714655
1071,2190,15.920653252929055,0,0,0,864691136438717086,864691134991032954
1992,2172,15.924204469925739,0,0,0,864691135258509487,864691135757092306
460,1992,15.926101343392206,0,0,0,864691135562842337,864691135258509487
833,1810,15.92970960187284,0,0,0,864691137055840886,864691135994077377
696,715,15.933429511564668,0,0,0,864691135868386070,864691136523081105
1305,1317,15.943389852851228,0,0,0,864691135503448898,864691136058023640
1176,1578,15.944423476563818,0,0,0,864691136021997560,864691135802215266
1173,1225,15.945707886450144,0,0,0,864691135852558279,864691136913691121
1141,1863,15.952250750286014,0,0,0,864691136424640047,864691136968306126
949,1317,15.958097129670625,0,0,0,864691135014681590,864691136058023640
1158,2122,15.97413108748013,0,0,0,864691135398868257,864691135102351392
263,1590,15.977265848698888,0,0,0,864691136488999186,864691135920571056
663,1092,15.977666412840035,0,0,0,864691135885635952,864691135948238177
555,2031,15.97883600266306,0,0,0,864691135763433270,864691136091634487
958,1334,15.993184548425646,0,0,0,864691134949041148,864691136025624889
715,727,15.993598719487698,0,0,0,864691136523081105,864691135741963627
1029,1520,15.998751951324197,0,0,0,864691135853091015,864691135567059223
581,1118,15.998801955146584,0,0,0,864691135719900721,864691135585713528
447,877,16.000159999199997,0,0,0,864691135369087481,864691137055290998
949,1189,16.00109596246454,0,0,0,864691135014681590,864691135866223998
687,1151,16.004641326815115,0,0,0,864691135941300993,864691135389195393
583,687,16.005984880662602,0,0,0,864691136052637171,864691135941300993
1560,2168,16.007622184447033,0,0,0,864691135324963484,864691135929072340
676,1794,16.009251825116568,0,0,0,864691134941495395,864691135698211994
573,683,16.00979700058678,0,0,0,864691136311267930,864691135782542416
541,1470,16.010542526722784,0,0,0,864691134989919098,864691135396485877
1804,1977,16.014593344821456,0,0,0,864691135717163802,864691135387558997
1386,1499,16.01967240613865,0,0,0,864691136390474359,864691135389168001
610,1793,16.025869087197716,0,0,0,864691135941293057,864691135702946683
463,563,16.0260927240548,0,0,0,864691135502885954,864691136524089489
1621,2204,16.029223312437825,0,0,0,864691135398892065,864691136438529438
999,2165,16.031361264721134,0,0,0,864691135511977680,864691136392785279
565,1555,16.031618757942084,0,0,0,864691136618553563,864691136975639836
749,930,16.03179440985943,0,0,0,864691135465643333,864691135970292837
953,1173,16.03312570898132,0,0,0,864691135942730612,864691135852558279
985,1169,16.03345502379321,0,0,0,864691135817195343,864691135817419343
582,2285,16.038489704457884,0,0,0,864691135562004193,864691135886300016
963,990,16.044897008083304,0,0,0,864691136904967346,864691136484415020
561,2306,16.046141467655143,0,0,0,864691135276234469,864691135743102827
1205,2144,16.046685888369577,0,0,0,864691136274695358,864691135774294603
1797,1828,16.048765684625106,0,0,0,864691135742664043,864691135774053371
137,631,16.04959513508057,0,0,0,864691136904366770,864691135773731403
1493,2312,16.05076745828686,0,0,0,864691136314404669,864691136111559352
681,1592,16.054421447065565,0,0,0,864691135996177834,864691135294187190
1782,2176,16.057546512465684,0,0,0,864691136603811281,864691136043380566
453,723,16.06441433728596,0,0,0,864691136389679223,864691135892202633
1736,1899,16.06631258254361,0,0,0,864691135751110185,864691136034181307
1830,2251,16.06859695181878,0,0,0,864691135060727707,864691135504081986
867,2208,16.073694286006663,0,0,0,864691136040742142,864691135584646253
452,1452,16.07394911028404,0,0,0,864691136380268245,864691136102330485
1642,1918,16.07741272717728,0,0,0,864691136421279639,864691135405626862
264,327,16.078656660305885,0,0,0,864691135577956101,864691135573296677
547,759,16.086599640694693,0,0,0,864691135938990901,864691135773724747
167,1759,16.087441064383107,0,0,0,864691136273370302,864691135464678206
928,1402,16.093138910728488,0,0,0,864691136195537366,864691135779305405
977,1081,16.09801180270409,0,0,0,864691135939017525,864691135476311616
276,1071,16.10283751392911,0,0,0,864691136436788382,864691136438717086
569,715,16.108694795047818,0,0,0,864691135694264511,864691136523081105
78,1517,16.11007138407522,0,0,0,864691135545730856,864691136485007404
696,1000,16.11309033053564,0,0,0,864691135868386070,864691135510406921
509,1800,16.119196506029727,0,0,0,864691136042462038,864691135562798817
586,1385,16.120476419758788,0,0,0,864691136975088156,864691135277501669
975,2189,16.12130218065523,0,0,0,864691135465343045,864691135741889940
1284,2149,16.12403324233734,0,0,0,864691136274712254,864691135764946742
506,1812,16.12853967351041,0,0,0,864691135782156880,864691135646775791
2104,2235,16.128539673510424,0,0,0,864691135124538151,864691135955962888
1504,1903,16.129128928742578,0,0,0,864691135784960307,864691135347633055
1668,1827,16.133969133477322,0,0,0,864691135164887853,864691136620636045
224,269,16.13651263439535,0,0,0,864691135468161164,864691135720638769
2220,2221,16.136894372833886,0,0,0,864691135717457178,864691135742097044
1847,2262,16.142882022736806,0,0,0,864691135511316745,864691135067961412
1497,2055,16.154773412214734,0,0,0,864691135764932662,864691135562950369
828,1112,16.15580341549123,0,0,0,864691135572346349,864691135640672571
293,1833,16.16010296996897,0,0,0,864691135646806255,864691135387535957
464,2248,16.162789858189715,0,0,0,864691135498973715,864691136177778950
500,2277,16.165931584662808,0,0,0,864691135801267554,864691136331249642
881,2048,16.176379817499292,0,0,0,864691135386940245,864691135741780116
1487,2137,16.18015574708717,0,0,0,864691136620914829,864691136108462553
1422,2216,16.181379916434743,0,0,0,864691135809954845,864691136314457149
891,1074,16.182518963375266,0,0,0,864691136914541041,864691136288644291
964,2035,16.189851636133085,0,0,0,864691136596177570,864691135779049568
665,1782,16.192413038210283,0,0,0,864691135943593332,864691136603811281
1450,1479,16.19246046776084,0,0,0,864691135843236323,864691136026198585
876,1982,16.201153539177454,0,0,0,864691135948123745,864691135977666883
1163,2218,16.20485063183249,0,0,0,864691135742247787,864691136381346005
173,666,16.20666529548871,0,0,0,864691135279678881,864691136057790424
1103,1439,16.208341556124772,0,0,0,864691135347725215,864691136665051614
1023,1179,16.211719217899024,0,0,0,864691135885623408,864691135993615041
1078,2298,16.21266862672518,0,0,0,864691135656664770,864691135165079085
437,1780,16.219172851905814,0,0,0,864691135102274592,864691135464671550
1319,2054,16.21949444341587,0,0,0,864691136006493898,864691135570303724
1201,1530,16.22193477979742,0,0,0,864691135324705692,864691135810466333
1492,2076,16.224923050664927,0,0,0,864691135336847849,864691135738969220
611,2091,16.225136054899462,0,0,0,864691135361548615,864691135720701745
1830,1915,16.22977412042441,0,0,0,864691135060727707,864691135164772653
1453,2159,16.232116313038116,0,0,0,864691136604001745,864691135369651193
733,1290,16.235207174532764,0,0,0,864691136953631711,864691135503439170
1240,1581,16.242640179478244,0,0,0,864691135464995134,864691135701746978
1073,2259,16.250337596493207,0,0,0,864691135662802416,864691136011768494
951,1523,16.257608188168373,0,0,0,864691135447312274,864691135405733870
163,1164,16.260566287801847,0,0,0,864691136674744199,864691135939049988
678,867,16.27464285322416,0,0,0,864691135430290480,864691136040742142
2064,2086,16.279921375731597,0,0,0,864691135577749022,864691135210387321
692,980,16.280314493276755,0,0,0,864691135920381616,864691135234582361
1595,2231,16.28219149868963,0,0,0,864691135566966807,864691135398925345
583,2315,16.28344140530489,0,0,0,864691136052637171,864691135886314096
1634,1767,16.285738546347932,0,0,0,864691136742921308,864691135659824514
1151,2315,16.29231377060971,0,0,0,864691135389195393,864691135886314096
512,1505,16.295456053759295,0,0,0,864691135948215076,864691136968585678
535,1395,16.295668136041538,0,0,0,864691135573276197,864691135124209447
995,1029,16.2984504784964,0,0,0,864691136814627955,864691135853091015
2153,2210,16.30224131829737,0,0,0,864691136314485053,864691136336107187
948,1245,16.304314030341768,0,0,0,864691135694421439,864691135375361480
838,1847,16.307102746962727,0,0,0,864691135572576237,864691135511316745
421,532,16.307730682103003,0,0,0,864691135519178378,864691136619828877
1451,1562,16.309064964000864,0,0,0,864691136381224149,864691136042982742
1493,1562,16.30920623451677,0,0,0,864691136314404669,864691136042982742
2221,2290,16.312853337169436,0,0,0,864691135742097044,864691135504203357
633,2236,16.31433823359068,0,0,0,864691136372047496,864691135778572973
295,1156,16.316597684566535,0,0,0,864691135989337088,864691135342823877
78,1985,16.317058558453503,0,0,0,864691135545730856,864691135376096329
1115,1513,16.317476275453856,0,0,0,864691136010068652,864691135843242211
2095,2116,16.31918625422238,0,0,0,864691136118805668,864691135741910164
1176,1190,16.320362741066774,0,0,0,864691136021997560,864691135764062006
968,1383,16.32220377277534,0,0,0,864691136926764362,864691135577135390
1804,2231,16.323638810020277,0,0,0,864691135717163802,864691135398925345
79,525,16.326147861636024,0,0,0,864691135809375005,864691137055244406
671,700,16.330806226270735,0,0,0,864691135417313722,864691135157198692
899,1057,16.331872152328323,0,0,0,864691135101431072,864691135763941174
281,2260,16.334850106444257,0,0,0,864691135466158917,864691135570381292
511,926,16.33637609753153,0,0,0,864691135067448132,864691135738266500
1229,2037,16.3381859458142,0,0,0,864691135294767884,864691135939925813
1737,2145,16.339564743285013,0,0,0,864691136111402424,864691135618339945
573,2009,16.35151662690649,0,0,0,864691136311267930,864691135102151968
829,1141,16.351538153947477,0,0,0,864691135849300318,864691136424640047
694,710,16.351939334525433,0,0,0,864691135375351369,864691134949081852
1835,2234,16.353755287395025,0,0,0,864691136118686884,864691136524297617
375,791,16.355256035904752,0,0,0,864691135977134403,864691136905203378
1987,2074,16.35541451630015,0,0,0,864691136026013497,864691134942468707
1076,1121,16.360803892229786,0,0,0,864691135717299738,864691135339600102
2190,2315,16.361680109328613,0,0,0,864691134991032954,864691135886314096
523,931,16.36218078374633,0,0,0,864691135356320463,864691135510267401
185,1837,16.363567337228137,0,0,0,864691135611337735,864691136177632518
1165,1326,16.36499679193374,0,0,0,864691135430859056,864691135324725404
933,1391,16.365554069447203,0,0,0,864691136287879619,864691135640929595
1539,1808,16.368062560975233,0,0,0,864691135941975974,864691135994134977
993,2056,16.369149519752096,0,0,0,864691135430186032,864691135343601093
1115,1333,16.38025152432031,0,0,0,864691136010068652,864691135448212882
1217,1245,16.38372070074438,0,0,0,864691135566500439,864691135375361480
1787,2257,16.38737465245729,0,0,0,864691135447994514,864691135562975969
682,973,16.388938708775505,0,0,0,864691135576881950,864691135209432185
1472,1533,16.389532269103984,0,0,0,864691135853088967,864691136381301461
549,1181,16.396450347560002,0,0,0,864691135865648254,864691135350420951
2009,2087,16.396544026105026,0,0,0,864691135102151968,864691135695146943
500,1869,16.39721537334927,0,0,0,864691135801267554,864691136118667428
619,1799,16.400399995122065,0,0,0,864691136619529179,864691136138779517
547,958,16.401867210778132,0,0,0,864691135938990901,864691134949041148
839,1782,16.404120457982454,0,0,0,864691136445215875,864691136603811281
686,1143,16.408388098774438,0,0,0,864691135725842603,864691134919403530
1109,1202,16.410010603287315,0,0,0,864691135476495936,864691136196265704
518,1459,16.41222568696882,0,0,0,864691135773073147,864691136364362466
971,2224,16.41267022760164,0,0,0,864691135493665631,864691136453442303
1140,1811,16.413927744449225,0,0,0,864691135990134784,864691135387513685
1584,2286,16.416226119300358,0,0,0,864691135779716797,864691135336954857
1247,1952,16.417746495789213,0,0,0,864691135476528704,864691135948823905
572,1802,16.424077934544762,0,0,0,864691135988557315,864691135520105354
1155,2122,16.426826839045944,0,0,0,864691135755384269,864691135102351392
424,2119,16.429688250237735,0,0,0,864691135276188133,864691135739004292
1590,1838,16.432445953052717,0,0,0,864691135920571056,864691135518173395
1150,1555,16.43490724038321,0,0,0,864691135662825456,864691136975639836
703,1895,16.435296650806144,0,0,0,864691135976063855,864691135215023416
2009,2217,16.442341439101728,0,0,0,864691135102151968,864691136927688266
1204,1248,16.442403717218454,0,0,0,864691135469215372,864691135809663773
1597,1837,16.44608743744236,0,0,0,864691136814271603,864691136177632518
1180,1190,16.449885105981767,0,0,0,864691136927119946,864691135764062006
1111,1522,16.45002322186817,0,0,0,864691134949248508,864691135741998484
1416,1908,16.450507590952938,0,0,0,864691135584008045,864691135885996912
563,1856,16.452017019198554,0,0,0,864691136524089489,864691135562780385
426,605,16.45226403872728,0,0,0,864691136380400341,864691135279848865
241,2300,16.45335321446668,0,0,0,864691136043283030,864691135765013302
557,2183,16.45494211475684,0,0,0,864691135919756208,864691136524172689
192,427,16.455377722799252,0,0,0,864691135477448360,864691135801376610
1723,1855,16.45782002575062,0,0,0,864691135375655880,864691135742609771
1196,2235,16.45876884824622,0,0,0,864691135646292719,864691135955962888
556,557,16.45892438769924,0,0,0,864691135183999490,864691135919756208
817,1258,16.45945321084523,0,0,0,864691135014696182,864691135124146727
2180,2200,16.459482373391975,0,0,0,864691135492749415,864691135741874836
1692,1787,16.460479701393883,0,0,0,864691136034011579,864691135447994514
1518,1520,16.463014547767372,0,0,0,864691135184104194,864691135567059223
1977,2173,16.465626741791652,0,0,0,864691135387558997,864691136288604355
248,1427,16.47305678980077,0,0,0,864691136424990255,864691136968094158
1671,1977,16.476861837133963,0,0,0,864691135567047191,864691135387558997
1779,2126,16.477056047728876,0,0,0,864691136177629702,864691135928376590
1092,1229,16.477739650813657,0,0,0,864691135948238177,864691135294767884
135,640,16.480963078655332,0,0,0,864691135995711402,864691135997332650
904,1099,16.485251590436754,0,0,0,864691135209194617,864691135271081125
694,974,16.485298177467012,0,0,0,864691135375351369,864691135760106830
467,2100,16.48543599666086,0,0,0,864691135489677882,864691136927732810
300,1131,16.48649968913963,0,0,0,864691135918528432,864691135742365803
532,541,16.488114507123086,0,0,0,864691136619828877,864691134989919098
1421,2216,16.49403674059205,0,0,0,864691135867644805,864691136314457149
1192,2116,16.495171657185008,0,0,0,864691135448127572,864691135741910164
213,1430,16.49950108336612,0,0,0,864691134941063523,864691136177129478
1899,2300,16.500709318086855,0,0,0,864691136034181307,864691135765013302
507,2126,16.502819153102347,0,0,0,864691135726939455,864691135928376590
557,640,16.503332996701015,0,0,0,864691135919756208,864691135997332650
1454,1845,16.50340522437718,0,0,0,864691135866947804,864691135764583990
1208,1601,16.503705280936227,0,0,0,864691135499283987,864691136453183487
1226,1474,16.506016357680043,0,0,0,864691135211926464,864691135493624415
229,586,16.50704576839843,0,0,0,864691135101521952,864691136975088156
568,871,16.51212403054188,0,0,0,864691135694246079,864691136391042167
483,2057,16.51268990806765,0,0,0,864691135502748482,864691135196576298
98,1548,16.514869905633496,0,0,0,864691135731966649,864691135474179378
167,616,16.515241929805345,0,0,0,864691136273370302,864691136523033233
697,1140,16.515443439399384,0,0,0,864691134886335738,864691135990134784
673,1142,16.517039928510204,0,0,0,864691136991359893,864691134949350652
532,959,16.52368578737813,0,0,0,864691136619828877,864691135948150625
520,620,16.52388913058908,0,0,0,864691135688387040,864691135989943040
1564,1847,16.52489419028158,0,0,0,864691136814180211,864691135511316745
1196,2138,16.52750434881199,0,0,0,864691135646292719,864691134887444730
1588,1686,16.528908009907973,0,0,0,864691135885921648,864691136484596012
755,1212,16.53146333510741,0,0,0,864691135867532933,864691136013161891
696,1371,16.53392536574424,0,0,0,864691135868386070,864691136211385020
1551,1997,16.537538389978156,0,0,0,864691135503782210,864691135695042751
722,1487,16.538467159927492,0,0,0,864691135611019015,864691136620914829
1665,1798,16.54917520603367,0,0,0,864691135928366606,864691135573191405
824,1716,16.549184874186462,0,0,0,864691135617152361,864691136381294805
192,771,16.553051682393715,0,0,0,864691135477448360,864691136177029382
1029,2280,16.553360988028974,0,0,0,864691135853091015,864691135593133067
422,1395,16.555755977906948,0,0,0,864691135257689519,864691135124209447
603,612,16.55653683594487,0,0,0,864691135572712485,864691135456165738
507,1869,16.563640179622357,0,0,0,864691135726939455,864691136118667428
998,2040,16.56565120965664,0,0,0,864691135503367517,864691135977768259
163,1592,16.569761374262487,0,0,0,864691136674744199,864691135294187190
891,1089,16.57322177489937,0,0,0,864691136914541041,864691135741197716
599,1554,16.573598281604458,0,0,0,864691135725838763,864691135465795653
63,942,16.57945909853515,0,0,0,864691135782702387,864691135409940425
186,876,16.58039324020998,0,0,0,864691135214123064,864691135948123745
869,1729,16.584571143083565,0,0,0,864691135464946757,864691135573315053
539,624,16.584941603756086,0,0,0,864691135810803660,864691135569363948
970,1566,16.585126830989193,0,0,0,864691135919956656,864691135732210873
494,1804,16.595542534066137,0,0,0,864691135304641703,864691135717163802
1043,1161,16.595579170369515,0,0,0,864691136238090767,864691135763975990
505,1482,16.59651433283505,0,0,0,864691135455400554,864691135850033758
601,1289,16.599404326661833,0,0,0,864691135539591282,864691135476769344
521,2278,16.600323852262658,0,0,0,864691135778815421,864691135751149353
586,1916,16.601686661300427,0,0,0,864691136975088156,864691135280682401
1775,1953,16.608001926782133,0,0,0,864691135566902039,864691135990793216
1642,2074,16.6115930602697,0,0,0,864691136421279639,864691134942468707
703,2288,16.62213079000404,0,0,0,864691135976063855,864691134966710559
598,1287,16.632990831477112,0,0,0,864691135479744454,864691135431088176
165,2119,16.636191871939904,0,0,0,864691136903387826,864691135739004292
659,1241,16.6390634351817,0,0,0,864691135583352941,864691136210975676
29,71,16.64049999248822,0,0,0,864691135496333968,864691135257404079
667,1076,16.64142301607638,0,0,0,864691136313301565,864691135717299738
241,2121,16.643022802363724,0,0,0,864691136043283030,864691136058804696
726,1899,16.644339818689062,0,0,0,864691136012739747,864691136034181307
951,2216,16.647505999398255,0,0,0,864691135447312274,864691136314457149
84,244,16.653312943675733,0,0,0,864691135463695429,864691136194355176
1479,2122,16.65693177028702,0,0,0,864691136026198585,864691135102351392
971,1773,16.65757725481101,0,0,0,864691135493665631,864691135616235979
1195,1197,16.660909939135962,0,0,0,864691135868919318,864691135716679194
1081,2293,16.670343487762956,0,0,0,864691135476311616,864691135375888840
1107,1686,16.67097309697311,0,0,0,864691135779705021,864691136484596012
1136,1372,16.67132628197286,0,0,0,864691135395833333,864691135441799752
1340,1698,16.672262953780468,0,0,0,864691135492991839,864691135014966262
949,1251,16.679038821227035,0,0,0,864691135014681590,864691136125840678
1127,1487,16.679186550908295,0,0,0,864691135347733151,864691136620914829
511,962,16.680573611240142,0,0,0,864691135067448132,864691135866279900
1483,1832,16.681826278918116,0,0,0,864691136968542926,864691135343818161
1169,1286,16.682476554756548,0,0,0,864691135817419343,864691135662408944
682,1802,16.68315174060345,0,0,0,864691135576881950,864691135520105354
578,769,16.685217409431637,0,0,0,864691135447582354,864691136125985318
577,1794,16.687569026074584,0,0,0,864691135868210454,864691135698211994
602,1173,16.68842185468714,0,0,0,864691135782278224,864691135852558279
121,1902,16.68920609256172,0,0,0,864691135503004765,864691136145574196
1347,1370,16.689649007693216,0,0,0,864691136975583516,864691136274786494
206,989,16.689804312813298,0,0,0,864691135472556082,864691134949095932
99,1509,16.689925104685237,0,0,0,864691135611140359,864691136314448701
1644,2099,16.697899269069843,0,0,0,864691136523889553,864691135325413788
372,846,16.699602869529592,0,0,0,864691136445062787,864691135578360837
1495,2109,16.707256387569966,0,0,0,864691136968529870,864691135135019168
1481,1987,16.709179273680608,0,0,0,864691135102381856,864691136026013497
1492,2083,16.709792099245263,0,0,0,864691135336847849,864691136364308962
458,499,16.71016169879873,0,0,0,864691135993150913,864691135801163874
2025,2053,16.714603913943083,0,0,0,864691135448130450,864691136043508822
1387,2046,16.715306518278354,0,0,0,864691135878154067,864691135448811860
969,1537,16.716018664741895,0,0,0,864691136814508659,864691136391027728
1506,1651,16.720024880364274,0,0,0,864691136596901026,864691137056345206
1448,2259,16.722658161907205,0,0,0,864691135448256146,864691136011768494
1199,1551,16.724862450854417,0,0,0,864691136927187786,864691135503782210
594,934,16.727020535648336,0,0,0,864691135014256630,864691135970293605
1468,1732,16.727033927149165,0,0,0,864691135447653010,864691135656579010
1031,1087,16.72813581963037,0,0,0,864691135417443514,864691136085904236
1119,1472,16.73500761876129,0,0,0,864691134941824611,864691135853088967
1234,1538,16.73505351052094,0,0,0,864691136299034139,864691135757083346
479,996,16.737927231291252,0,0,0,864691136618795227,864691136452609023
1143,1899,16.743256553012607,0,0,0,864691134919403530,864691136034181307
545,1293,16.74425991198174,0,0,0,864691136090728503,864691135431109168
2126,2207,16.744336355914573,0,0,0,864691135928376590,864691135732518585
506,519,16.74588618138798,0,0,0,864691135782156880,864691136389921911
183,984,16.752114612788375,0,0,0,864691135697271450,864691135360300632
2079,2213,16.75365989866099,0,0,0,864691135817952079,864691136425681967
734,838,16.75462825609691,0,0,0,864691136177726726,864691135572576237
822,1845,16.75601527810233,0,0,0,864691136914445809,864691135764583990
695,1109,16.756730946100397,0,0,0,864691135211568576,864691135476495936
452,1490,16.758060030922476,0,0,0,864691136380268245,864691135464795710
1150,1507,16.761909199133626,0,0,0,864691135662825456,864691135571515270
1226,2255,16.76567922871012,0,0,0,864691135211926464,864691135474504498
680,2295,16.765955982287476,0,0,0,864691135157210468,864691134966714655
1497,1830,16.765992246210818,0,0,0,864691135764932662,864691135060727707
561,1439,16.769574353572644,0,0,0,864691135276234469,864691136665051614
608,1224,16.773441865043694,0,0,0,864691135473453362,864691135756460754
223,1182,16.773983665188172,0,0,0,864691135809456669,864691135083577335
556,1691,16.775649018741376,0,0,0,864691135183999490,864691136381353685
203,2037,16.77793789474729,0,0,0,864691135293398284,864691135939925813
366,880,16.778258312470868,0,0,0,864691135492308071,864691135941549825
492,595,16.778691248127853,0,0,0,864691136058646488,864691135757002450
1150,1320,16.779051701452,0,0,0,864691135662825456,864691135655894978
952,1470,16.782596700153356,0,0,0,864691135123833127,864691135396485877
948,1428,16.79119007098656,0,0,0,864691135694421439,864691136664680926
2109,2169,16.79473441290446,0,0,0,864691135135019168,864691135739587697
106,2202,16.799390465132962,0,0,0,864691135787537348,864691135727961663
917,2049,16.800977114441924,0,0,0,864691136452602367,864691136137210507
542,982,16.804791697608177,0,0,0,864691136117811876,864691135566274391
1240,1512,16.805197291314393,0,0,0,864691135464995134,864691135493149927
1633,2303,16.81051290115804,0,0,0,864691136118771108,864691135469845388
699,1405,16.81109157669423,0,0,0,864691135838788755,864691135584019053
596,615,16.81203378535747,0,0,0,864691136579193108,864691135868334870
570,1583,16.819950059378844,0,0,0,864691135782241616,864691135717386266
221,248,16.821671736186083,0,0,0,864691135688823008,864691136424990255
536,1165,16.825019465070508,0,0,0,864691135699522069,864691135430859056
574,716,16.82555770249539,0,0,0,864691136101340021,864691135725920939
701,2293,16.82588672254753,0,0,0,864691135782506832,864691135375888840
1457,1458,16.82643253931146,0,0,0,864691135976979567,864691136126503206
1136,1779,16.827925362325576,0,0,0,864691135395833333,864691136177629702
528,1423,16.82987248911887,0,0,0,864691135948010081,864691135493079135
184,1182,16.833674821618644,0,0,0,864691135565770007,864691135083577335
1166,1255,16.83967125569847,0,0,0,864691135455875690,864691135183646466
1838,2222,16.844620743727102,0,0,0,864691135518173395,864691136229363025
583,2259,16.846231626093708,0,0,0,864691136052637171,864691136011768494
447,538,16.84800000000003,0,0,0,864691135369087481,864691135947366692
1288,2042,16.85164063229452,0,0,0,864691135577221406,864691135272069285
613,2091,16.853357172978857,0,0,0,864691136484364844,864691135720701745
1604,2227,16.85528617377946,0,0,0,864691136927566154,864691135396940021
544,1204,16.85838236605154,0,0,0,864691137198844737,864691135469215372
157,924,16.859052405162053,0,0,0,864691135778290109,864691135919749808
1047,1557,16.859604740325235,0,0,0,864691135214246528,864691135811335116
479,1913,16.863855786859705,0,0,0,864691136618795227,864691135616183499
135,879,16.864518018609353,0,0,0,864691135995711402,864691135271343525
1723,1732,16.86919085196441,0,0,0,864691135375655880,864691135656579010
934,964,16.869799761704346,0,0,0,864691135970293605,864691136596177570
1904,1971,16.872728291536006,0,0,0,864691135886132080,864691135695057855
459,2266,16.87743108414314,0,0,0,864691135196475434,864691135060882843
1592,1817,16.882547675040005,0,0,0,864691135294187190,864691135499707667
769,1229,16.883345640008706,0,0,0,864691136125985318,864691135294767884
506,1670,16.8880151586857,0,0,0,864691135782156880,864691135015652246
968,1149,16.898060480422004,0,0,0,864691136926764362,864691135211756736
1621,2126,16.898774393428663,0,0,0,864691135398892065,864691135928376590
1541,2073,16.89970413942212,0,0,0,864691135478429352,864691135431648048
712,1487,16.900120709628098,0,0,0,864691135465113157,864691136620914829
1079,1426,16.903945101661865,0,0,0,864691135562048225,864691135164434989
943,2031,16.90577179545499,0,0,0,864691136137237899,864691136091634487
2255,2298,16.907301144771797,0,0,0,864691135474504498,864691135165079085
1736,2300,16.908224744188804,0,0,0,864691135751110185,864691135765013302
264,679,16.91162913500645,0,0,0,864691135577956101,864691135741930603
1000,1500,16.915687393659194,0,0,0,864691135510406921,864691135520064650
2089,2189,16.916540544685766,0,0,0,864691136034412219,864691135741889940
1590,2287,16.932250884037845,0,0,0,864691135920571056,864691135465100189
232,2209,16.93263452626323,0,0,0,864691135940881830,864691135309722950
181,424,16.936746322714942,0,0,0,864691136913135089,864691135276188133
1117,1332,16.93674632271505,0,0,0,864691135360482392,864691135493031519
444,1299,16.93976906572225,0,0,0,864691135276189669,864691135701272610
1096,1260,16.941302901488932,0,0,0,864691135470154834,864691135473954354
369,400,16.942558956662936,0,0,0,864691136117770660,864691136025184569
534,947,16.94316334100575,0,0,0,864691136275807757,864691135417307322
687,2315,16.94381303012979,0,0,0,864691135941300993,864691135886314096
1460,1854,16.948027849870893,0,0,0,864691135817949519,864691136138583677
1595,1804,16.949136143178546,0,0,0,864691135566966807,864691135717163802
1189,1309,16.95195469555052,0,0,0,864691135866223998,864691135939462453
2214,2266,16.953062732143664,0,0,0,864691136013554851,864691135060882843
284,1176,16.9545519551535,0,0,0,864691135492274791,864691136021997560
1354,1425,16.957833823929363,0,0,0,864691136991901845,864691135566657623
496,1318,16.962414922410098,0,0,0,864691135993020097,864691135741458324
1535,1538,16.96707022440823,0,0,0,864691135726881195,864691135757083346
838,2252,16.967432333738696,0,0,0,864691135572576237,864691134887552506
2248,2252,16.970987007242684,0,0,0,864691136177778950,864691134887552506
1393,1958,16.974938703865746,0,0,0,864691135839577235,864691135774221643
1110,1226,16.975104594670416,0,0,0,864691135760319822,864691135211926464
248,1379,16.976114985472968,0,0,0,864691136424990255,864691136967869902
792,1314,16.977773705642317,0,0,0,864691136363473634,864691136725343485
569,2034,16.978050771510766,0,0,0,864691135694264511,864691135493546591
1667,1830,16.983804049741078,0,0,0,864691136137293195,864691135060727707
605,1167,16.983939707853445,0,0,0,864691135279848865,864691136042688854
2190,2259,16.98516058210816,0,0,0,864691134991032954,864691136011768494
872,2163,16.987057661643394,0,0,0,864691135272003237,864691136034482107
2293,2300,16.990952886757157,0,0,0,864691135375888840,864691135765013302
183,2014,16.994728594478982,0,0,0,864691135697271450,864691136111478968
1144,1151,16.99523133117054,0,0,0,864691136313406781,864691135389195393
79,116,16.995828194001017,0,0,0,864691135809375005,864691135492276839
1158,1464,16.996867476096956,0,0,0,864691135398868257,864691135928395278
728,977,16.997821978124207,0,0,0,864691136085781356,864691135939017525
1120,1498,17.000015058816853,0,0,0,864691135324623260,864691135351096279
830,2231,17.005345042074254,0,0,0,864691135351066583,864691135398925345
606,1287,17.00546359262226,0,0,0,864691135885361520,864691135431088176
715,1899,17.010011169896437,0,0,0,864691136523081105,864691136034181307
2179,2307,17.01107027791015,0,0,0,864691135858282030,864691136034526651
221,1317,17.01302089577269,0,0,0,864691135688823008,864691136058023640
216,1103,17.021340017754284,0,0,0,864691135405700334,864691135347725215
548,1096,17.024368417066167,0,0,0,864691136488591378,864691135470154834
1444,2076,17.02777589704535,0,0,0,864691135464928318,864691135738969220
447,1171,17.028450546071365,0,0,0,864691135369087481,864691135778604640
1186,1248,17.02881135017948,0,0,0,864691135369002233,864691135809663773
1206,1298,17.030885825464306,0,0,0,864691135976425327,864691135480311494
1445,2172,17.03765054225497,0,0,0,864691136336039091,864691135757092306
1998,2182,17.04098400914684,0,0,0,864691136102207349,864691136453384959
1296,1725,17.041021565622167,0,0,0,864691135271696549,864691135212492992
713,2297,17.041451581364743,0,0,0,864691136274488254,864691136927801674
497,1287,17.044206053671157,0,0,0,864691136107855065,864691135431088176
1141,1576,17.044440735911508,0,0,0,864691136424640047,864691135592502539
1566,1824,17.04806006559111,0,0,0,864691135732210873,864691136091532855
460,1445,17.05127326624019,0,0,0,864691135562842337,864691136336039091
1212,1429,17.05231479887704,0,0,0,864691136013161891,864691135566649431
1507,2024,17.055039372572523,0,0,0,864691135571515270,864691135662774512
706,1145,17.057440839703933,0,0,0,864691135503344477,864691135941435393
1491,1532,17.05969190812075,0,0,0,864691135280944545,864691135977045871
1569,2261,17.070404798949625,0,0,0,864691136579629844,864691135499964947
1522,1806,17.070860318097626,0,0,0,864691135741998484,864691135340055782
939,2298,17.07559849609959,0,0,0,864691135594982187,864691135165079085
1275,1996,17.075680952746815,0,0,0,864691135939209988,864691135928151310
281,521,17.076370574568752,0,0,0,864691135466158917,864691135778815421
1199,1339,17.076492379877138,0,0,0,864691136927187786,864691135885663600
366,1204,17.082193770122217,0,0,0,864691135492308071,864691135469215372
934,935,17.092561189008492,0,0,0,864691135970293605,864691136363161570
174,1188,17.093519707772334,0,0,0,864691136228250961,864691135447540882
992,1174,17.10064139148007,0,0,0,864691136603306193,864691136967985870
117,1204,17.101208378357338,0,0,0,864691135271590309,864691135469215372
1358,1468,17.1014254376645,0,0,0,864691136118359716,864691135447653010
1803,2037,17.106134572135243,0,0,0,864691135646778863,864691135939925813
1165,1606,17.106852895842636,0,0,0,864691135430859056,864691136675427975
1064,1224,17.108020107540238,0,0,0,864691135763447862,864691135756460754
1507,1852,17.115214284372826,0,0,0,864691135571515270,864691137056393846
192,1182,17.11584996428755,0,0,0,864691135477448360,864691135083577335
1127,1232,17.116410838724406,0,0,0,864691135347733151,864691135866576604
426,1225,17.118841082269558,0,0,0,864691136380400341,864691136913691121
386,887,17.11892519990683,0,0,0,864691136033116347,864691135502902338
180,1454,17.123037113783212,0,0,0,864691136005322698,864691135866947804
1201,1606,17.125204816293436,0,0,0,864691135324705692,864691136675427975
1533,1539,17.12657817545592,0,0,0,864691136381301461,864691135941975974
881,1398,17.128170013168248,0,0,0,864691135386940245,864691135587371132
1422,1831,17.13148026295452,0,0,0,864691135809954845,864691135448698196
1118,1464,17.13695048717836,0,0,0,864691135585713528,864691135928395278
178,697,17.13797187534168,0,0,0,864691135014734486,864691134886335738
1884,2086,17.143357897448244,0,0,0,864691135732318393,864691135210387321
1458,1961,17.143910405738833,0,0,0,864691136126503206,864691136664950750
766,1277,17.144925779950213,0,0,0,864691135726340523,864691135917058150
734,1665,17.15168843000597,0,0,0,864691136177726726,864691135928366606
464,1486,17.152748118013054,0,0,0,864691135498973715,864691135493620831
669,2007,17.153552168574215,0,0,0,864691136228723281,864691135764678198
1566,2102,17.154583760616184,0,0,0,864691135732210873,864691136914414321
1220,1265,17.162431529360806,0,0,0,864691135989177347,864691136138335101
165,608,17.1652784422508,0,0,0,864691136903387826,864691135473453362
939,1590,17.16666723624599,0,0,0,864691135594982187,864691135920571056
200,1561,17.171647329245904,0,0,0,864691136330101226,864691135699301397
1304,2138,17.17336169769917,0,0,0,864691135212078784,864691134887444730
618,2180,17.17827837706682,0,0,0,864691135587666812,864691135492749415
580,1508,17.17838455734418,0,0,0,864691136975144988,864691135954640675
1807,2256,17.179964144316422,0,0,0,864691135867984005,864691135215381304
312,2110,17.180545276562135,0,0,0,864691135947873377,864691135853198023
737,1477,17.18187137654102,0,0,0,864691135955262472,864691135732557241
2054,2259,17.18243754535418,0,0,0,864691135570303724,864691136011768494
1095,1571,17.183033492372633,0,0,0,864691136954050527,864691135954393891
733,1228,17.18434450306444,0,0,0,864691136953631711,864691135473961522
1457,2209,17.186861959066338,0,0,0,864691135976979567,864691135309722950
1000,2098,17.18707607477199,0,0,0,864691135510406921,864691136954019039
1668,1883,17.19567759641943,0,0,0,864691135164887853,864691134966495519
1662,2149,17.19659873347052,0,0,0,864691136138988157,864691135764946742
937,1291,17.198327360531295,0,0,0,864691135763364662,864691135476793920
1239,1982,17.19880926110867,0,0,0,864691135375767369,864691135977666883
591,680,17.20395303411399,0,0,0,864691135694415551,864691135157210468
31,1362,17.208218501634633,0,0,0,864691136118294692,864691134966249759
746,1342,17.20850580381684,0,0,0,864691135720245297,864691136195906774
298,1438,17.209309108735297,0,0,0,864691135866477957,864691136177127174
592,2314,17.217682073961054,0,0,0,864691136101341045,864691135480916422
674,727,17.219003455484874,0,0,0,864691135335937513,864691135741963627
1501,1626,17.21973379585174,0,0,0,864691135656578242,864691136275166398
113,172,17.2203488930974,0,0,0,864691136578820884,864691135397023777
556,946,17.225818761382534,0,0,0,864691135183999490,864691136238679567
526,1166,17.227641045714943,0,0,0,864691135591533579,864691135455875690
118,2121,17.2278193628793,0,0,0,864691136012173475,864691136058804696
1608,2154,17.23144474500033,0,0,0,864691135350717399,864691136196979020
200,2178,17.23196471676979,0,0,0,864691136330101226,864691135779049056
1465,2175,17.234133572651725,0,0,0,864691135778773856,864691135480892614
1640,1797,17.237029906570402,0,0,0,864691136011686318,864691135742664043
1472,2030,17.238112193624943,0,0,0,864691135853088967,864691135977010031
841,1304,17.238485316291538,0,0,0,864691135464263742,864691135212078784
243,2232,17.23907932576441,0,0,0,864691135584504429,864691136314491965
891,1580,17.2432201169039,0,0,0,864691136914541041,864691135274830353
592,1063,17.245268800456508,0,0,0,864691136101341045,864691136391034487
2064,2085,17.245968340455686,0,0,0,864691135577749022,864691135496381840
519,575,17.24881816241325,0,0,0,864691136389921911,864691135801463650
881,1482,17.25048034113833,0,0,0,864691135386940245,864691135850033758
1261,2288,17.25217203716679,0,0,0,864691135773694795,864691134966710559
941,2031,17.25236493933515,0,0,0,864691135838916755,864691136091634487
599,750,17.25966395964883,0,0,0,864691135725838763,864691136136838027
438,1066,17.25996060250427,0,0,0,864691136596060322,864691136488621842
458,1859,17.262467031105356,0,0,0,864691135993150913,864691135060651419
253,822,17.265922043146094,0,0,0,864691135586240120,864691136914445809
1421,1831,17.266016564338187,0,0,0,864691135867644805,864691135448698196
505,1398,17.26607587148855,0,0,0,864691135455400554,864691135587371132
951,1264,17.274317584205782,0,0,0,864691135447312274,864691136125956134
1690,2083,17.281142554819695,0,0,0,864691135442606920,864691136364308962
747,1276,17.28201469736686,0,0,0,864691136275729677,864691135849610334
1114,1519,17.28239983335647,0,0,0,864691136210885820,864691136438666398
2019,2176,17.283621842657894,0,0,0,864691135409937097,864691136043380566
665,872,17.288657090705378,0,0,0,864691135943593332,864691135272003237
327,679,17.290191439078985,0,0,0,864691135573296677,864691135741930603
1082,1730,17.292913693186552,0,0,0,864691135646017007,864691135778542509
673,2033,17.293818548834082,0,0,0,864691136991359893,864691136041575422
174,1184,17.297814890904604,0,0,0,864691136228250961,864691136905458866
1312,1961,17.298954419270515,0,0,0,864691136335553971,864691136664950750
745,938,17.30075975210332,0,0,0,864691135868946966,864691135615661771
2086,2252,17.305272260210177,0,0,0,864691135210387321,864691134887552506
1807,1835,17.306618387195094,0,0,0,864691135867984005,864691136118686884
559,2177,17.308408130154643,0,0,0,864691135640297787,864691135810473245
2016,2173,17.31117373259243,0,0,0,864691136299026971,864691136288604355
720,1136,17.31377624898741,0,0,0,864691136211325884,864691135395833333
717,1840,17.31442681696392,0,0,0,864691135865774206,864691135465955397
425,981,17.315003436326553,0,0,0,864691136372012168,864691135059954075
939,2285,17.316139985574132,0,0,0,864691135594982187,864691135886300016
1264,2261,17.321431811487184,0,0,0,864691136125956134,864691135499964947
1264,1979,17.32384252987773,0,0,0,864691136125956134,864691135409859785
1078,1519,17.326160567188644,0,0,0,864691135656664770,864691136438666398
1562,2052,17.326191964768263,0,0,0,864691136042982742,864691136446104451
162,2153,17.3275272327011,0,0,0,864691136362774498,864691136314485053
591,2255,17.328156970664853,0,0,0,864691135694415551,864691135474504498
1762,1886,17.328354567009505,0,0,0,864691135456493418,864691135990672896
826,1304,17.331997692129978,0,0,0,864691136210743740,864691135212078784
1405,1807,17.33676786485882,0,0,0,864691135584019053,864691135867984005
272,1809,17.337275449158707,0,0,0,864691136968429774,864691135196385578
203,926,17.338220439249312,0,0,0,864691135293398284,864691135738266500
998,1302,17.342258215123,0,0,0,864691135503367517,864691135388660865
723,2083,17.3488406529082,0,0,0,864691135892202633,864691136364308962
534,1024,17.351201456959704,0,0,0,864691136275807757,864691135927533070
724,1666,17.355319184618867,0,0,0,864691135892214409,864691135102353696
448,1041,17.356469687122456,0,0,0,864691135294480310,864691136967478222
2,1181,17.363105712976537,0,0,0,864691136195284556,864691135350420951
1608,2162,17.368147396887252,0,0,0,864691135350717399,864691136118878116
537,769,17.3726718728006,0,0,0,864691135694189759,864691136125985318
1446,1800,17.375626607406137,0,0,0,864691136484972332,864691135562798817
1398,1818,17.378079065305236,0,0,0,864691135587371132,864691135742756203
248,1182,17.378476803218312,0,0,0,864691136424990255,864691135083577335
203,1424,17.379213330873156,0,0,0,864691135293398284,864691135993767617
2,613,17.380995598641707,0,0,0,864691136195284556,864691136484364844
1129,1693,17.382085490527338,0,0,0,864691135465571653,864691134919927050
1564,2262,17.382481295833447,0,0,0,864691136814180211,864691135067961412
1378,1979,17.382952568536908,0,0,0,864691135779297981,864691135409859785
1838,1895,17.386356029944952,0,0,0,864691135518173395,864691135215023416
1802,1840,17.38704621262614,0,0,0,864691135520105354,864691135465955397
422,1219,17.387607541004584,0,0,0,864691135257689519,864691135839499155
693,2270,17.39056663826685,0,0,0,864691136052688115,864691135274860817
1119,2263,17.391096572671795,0,0,0,864691134941824611,864691135137299481
706,1416,17.39171480906924,0,0,0,864691135503344477,864691135584008045
1179,1578,17.395409049516402,0,0,0,864691135993615041,864691135802215266
738,1113,17.397239321225623,0,0,0,864691135583277677,864691136489147922
1170,1601,17.399499762924318,0,0,0,864691136579358228,864691136453183487
1802,1852,17.414779929703332,0,0,0,864691135520105354,864691137056393846
735,2216,17.416499763155667,0,0,0,864691135473540914,864691136314457149
1608,2153,17.417005023826682,0,0,0,864691135350717399,864691136314485053
827,1332,17.41735777895147,0,0,0,864691136674495623,864691135493031519
1134,2170,17.418709940750592,0,0,0,864691135490505018,864691136336192947
695,706,17.42065900016414,0,0,0,864691135211568576,864691135503344477
759,1815,17.420818809688555,0,0,0,864691135773724747,864691135210061689
69,931,17.421628856108626,0,0,0,864691135518791818,864691135510267401
2171,2231,17.42364003301262,0,0,0,864691135448303762,864691135398925345
1254,1835,17.42568403248495,0,0,0,864691135757040082,864691136118686884
1078,1567,17.42997326446601,0,0,0,864691135656664770,864691135802341986
946,1414,17.43057543513699,0,0,0,864691136238679567,864691135309290822
561,1822,17.430839796177345,0,0,0,864691135276234469,864691136053465587
1209,1288,17.43446701221461,0,0,0,864691135209715833,864691135577221406
276,590,17.440088073172113,0,0,0,864691136436788382,864691135694406335
580,1481,17.440192659486364,0,0,0,864691136975144988,864691135102381856
707,1630,17.441798072446513,0,0,0,864691135779683261,864691135577574430
1227,1442,17.45411722201957,0,0,0,864691135503350082,864691136390601335
952,1225,17.4546727268088,0,0,0,864691135123833127,864691136913691121
1665,2086,17.461124820583603,0,0,0,864691135928366606,864691135210387321
148,1539,17.467195310066227,0,0,0,864691136967634382,864691135941975974
173,949,17.470388204044028,0,0,0,864691135279678881,864691135014681590
1261,1333,17.471181299499978,0,0,0,864691135773694795,864691135448212882
699,1807,17.474937482005487,0,0,0,864691135838788755,864691135867984005
1201,1582,17.475230470583302,0,0,0,864691135324705692,864691135858298670
990,1064,17.47655801352196,0,0,0,864691136484415020,864691135763447862
1158,1450,17.476688015753954,0,0,0,864691135398868257,864691135843236323
1386,2109,17.478184345062818,0,0,0,864691136390474359,864691135135019168
2235,2291,17.478945505950914,0,0,0,864691135955962888,864691135811658700
135,264,17.486032826230193,0,0,0,864691135995711402,864691135577956101
709,1449,17.486223148524637,0,0,0,864691135518283475,864691135504327861
675,1142,17.489873641624783,0,0,0,864691137055367798,864691134949350652
488,1798,17.490643898953525,0,0,0,864691137198691137,864691135573191405
729,2315,17.49100797552846,0,0,0,864691135060094107,864691135886314096
899,1485,17.494668444986342,0,0,0,864691135101431072,864691135994226881
407,2012,17.49478550883093,0,0,0,864691135480652998,864691135389122689
1407,1431,17.504468001056225,0,0,0,864691136335689907,864691135750649129
550,1551,17.511093626612837,0,0,0,864691135498997267,864691135503782210
1519,1567,17.512058474091518,0,0,0,864691136438666398,864691135802341986
246,2180,17.51239286905132,0,0,0,864691135480800198,864691135492749415
928,1354,17.51269253998377,0,0,0,864691136195537366,864691136991901845
969,1119,17.519936072942826,0,0,0,864691136814508659,864691134941824611
999,2177,17.52022648255436,0,0,0,864691135511977680,864691135810473245
596,610,17.52575065439426,0,0,0,864691136579193108,864691135941293057
628,1019,17.527706067822972,0,0,0,864691135134016928,864691136025504569
950,1553,17.532152862669175,0,0,0,864691136195901772,864691135852637127
560,2249,17.534394087050757,0,0,0,864691136288598467,864691136010651052
572,1320,17.53859834764459,0,0,0,864691135988557315,864691135655894978
667,1542,17.544056543456538,0,0,0,864691136313301565,864691135741982868
422,1279,17.549471103141546,0,0,0,864691135257689519,864691135562519009
1564,2257,17.55256334556299,0,0,0,864691136814180211,864691135562975969
1286,1381,17.556150830976538,0,0,0,864691135662408944,864691135350542039
216,2023,17.557308221934186,0,0,0,864691135405700334,864691135587758716
1335,1810,17.56039361745628,0,0,0,864691135343081925,864691135994077377
519,1489,17.5617037897807,0,0,0,864691136389921911,864691135470787666
1312,1788,17.561851383040363,0,0,0,864691136335553971,864691135540272498
671,1140,17.56226500198645,0,0,0,864691135417313722,864691135990134784
203,578,17.568540975277433,0,0,0,864691135293398284,864691135447582354
504,1446,17.569865110466882,0,0,0,864691136742067804,864691136484972332
884,1343,17.573203236746732,0,0,0,864691136119883288,864691135492688871
517,1612,17.57452702066264,0,0,0,864691135778811325,864691135774368763
762,965,17.583119177210914,0,0,0,864691135083619831,864691135684809458
605,952,17.58516465660763,0,0,0,864691135279848865,864691135123833127
1963,1987,17.58557226819757,0,0,0,864691135210134905,864691136026013497
249,1264,17.587078893324005,0,0,0,864691135938404612,864691136125956134
1442,2254,17.587923129238405,0,0,0,864691136390601335,864691135465098653
149,962,17.588134181885202,0,0,0,864691135492371303,864691135866279900
1436,2047,17.58924034743968,0,0,0,864691136298624539,864691135384843738
1089,1158,17.590355539328964,0,0,0,864691135741197716,864691135398868257
1084,1177,17.59361520552264,0,0,0,864691135868435734,864691135476581440
485,488,17.596516018803246,0,0,0,864691135947258916,864691137198691137
566,568,17.599418172201105,0,0,0,864691136579129876,864691135694246079
484,1961,17.60011636325176,0,0,0,864691135342594225,864691136664950750
609,1435,17.601092693352864,0,0,0,864691135939114293,864691136372630152
665,778,17.604450346432284,0,0,0,864691135943593332,864691136674080135
1249,1281,17.606589675459617,0,0,0,864691136239387708,864691135849634142
3,2096,17.60990857443621,0,0,0,864691135479404742,864691136619643867
1593,1795,17.61268633684257,0,0,0,864691135866427006,864691135570135020
241,2286,17.613987169292436,0,0,0,864691136043283030,864691135336954857
1198,1203,17.618259618929468,0,0,0,864691136927176778,864691135868684566
241,687,17.619089647311576,0,0,0,864691136043283030,864691135941300993
1209,2040,17.626307611068217,0,0,0,864691135209715833,864691135977768259
617,2107,17.627994100293982,0,0,0,864691135430131760,864691135954582563
728,1151,17.632655160241708,0,0,0,864691136085781356,864691135389195393
186,2178,17.63300360120195,0,0,0,864691135214123064,864691135779049056
982,1272,17.637429291140982,0,0,0,864691135566274391,864691135343097029
1569,1979,17.638503337868496,0,0,0,864691136579629844,864691135409859785
745,1345,17.640796353906527,0,0,0,864691135868946966,864691136033849019
1850,1970,17.641697877472044,0,0,0,864691135686399415,864691135997140906
1481,2155,17.64260298255337,0,0,0,864691135102381856,864691136331214058
1559,2258,17.648485940725912,0,0,0,864691135490326074,864691136268801268
1487,2215,17.6503135382916,0,0,0,864691136620914829,864691135274816017
521,700,17.651016967868998,0,0,0,864691135778815421,864691135157198692
561,1396,17.658029788172897,0,0,0,864691135276234469,864691136453419007
985,1286,17.661247974025002,0,0,0,864691135817195343,864691135662408944
430,1084,17.661630275826678,0,0,0,864691135688407776,864691135868435734
198,1684,17.662098629551217,0,0,0,864691135684657079,864691136603705041
932,1354,17.663304334127247,0,0,0,864691135970293349,864691136991901845
728,1448,17.663653982118174,0,0,0,864691136085781356,864691135448256146
825,1569,17.664463762028063,0,0,0,864691135430356784,864691136579629844
956,1240,17.666103135666336,0,0,0,864691135591726603,864691135464995134
1450,2122,17.66986134637167,0,0,0,864691135843236323,864691135102351392
1670,1824,17.670404636000796,0,0,0,864691135015652246,864691136091532855
1260,1380,17.6711742677164,0,0,0,864691135473954354,864691135388828033
780,1452,17.672246263562524,0,0,0,864691135739008132,864691136102330485
117,878,17.677444159153765,0,0,0,864691135271590309,864691135702061947
769,1290,17.678204433708796,0,0,0,864691136125985318,864691135503439170
1154,2110,17.690328204982574,0,0,0,864691135067181124,864691135853198023
1545,1608,17.69241193280323,0,0,0,864691136093003700,864691135350717399
1533,2030,17.692674190183954,0,0,0,864691136381301461,864691135977010031
121,2173,17.693569453335286,0,0,0,864691135503004765,864691136288604355
1168,1735,17.695220597664207,0,0,0,864691135727278655,864691135115269785
1424,2037,17.695421328693996,0,0,0,864691135993767617,864691135939925813
2190,2227,17.697012629254647,0,0,0,864691134991032954,864691135396940021
273,297,17.698864144345535,0,0,0,864691136334080435,864691136136766845
1602,2301,17.700847437340347,0,0,0,864691136042989910,864691136177799686
550,1729,17.706615260969475,0,0,0,864691135498997267,864691135573315053
167,1463,17.7067309235782,0,0,0,864691136273370302,864691135875414414
1478,2234,17.71069191194961,0,0,0,864691136239902780,864691136524297617
284,833,17.71976884725077,0,0,0,864691135492274791,864691137055840886
1559,1630,17.72349581769916,0,0,0,864691135490326074,864691135577574430
999,1809,17.725176670487613,0,0,0,864691135511977680,864691135196385578
729,1144,17.727537900114537,0,0,0,864691135060094107,864691136313406781
961,1554,17.731192853274102,0,0,0,864691135838738579,864691135465795653
528,1066,17.73285854000986,0,0,0,864691135948010081,864691136488621842
264,516,17.73436889206949,0,0,0,864691135577956101,864691135257669039
495,1977,17.737650802741616,0,0,0,864691135398805281,864691135387558997
1868,2047,17.738915412166545,0,0,0,864691135867965317,864691135384843738
1000,1107,17.742694271164062,0,0,0,864691135510406921,864691135779705021
678,2232,17.743027926484203,0,0,0,864691135430290480,864691136314491965
170,1805,17.743596027863063,0,0,0,864691135688186080,864691136022520056
926,1229,17.744499542111605,0,0,0,864691135738266500,864691135294767884
970,2306,17.74467266533817,0,0,0,864691135919956656,864691135743102827
1473,2073,17.751077037746203,0,0,0,864691135295165196,864691135431648048
299,307,17.753196895207317,0,0,0,864691135509419017,864691136311902269
300,304,17.753225735060187,0,0,0,864691135918528432,864691135516975315
1165,1332,17.753845780562642,0,0,0,864691135430859056,864691135493031519
1537,1971,17.757614254172708,0,0,0,864691136391027728,864691135695057855
1461,2131,17.758430561285486,0,0,0,864691135277309669,864691135577651230
562,1873,17.758517055204763,0,0,0,864691136953958879,864691136312150874
268,1428,17.75890627262837,0,0,0,864691135578670597,864691136664680926
1504,1828,17.761630555779522,0,0,0,864691135784960307,864691135774053371
1323,2039,17.76193863293077,0,0,0,864691136211371452,864691135504168285
492,1782,17.762162030563715,0,0,0,864691136058646488,864691136603811281
0,105,17.76608904627006,0,0,0,864691135686494647,864691136438426526
221,1438,17.767493914449492,0,0,0,864691135688823008,864691136177127174
944,1804,17.7688500472034,0,0,0,864691135276504549,864691135717163802
2134,2179,17.76920122008867,0,0,0,864691135756075981,864691135858282030
723,1492,17.771527790260453,0,0,0,864691135892202633,864691135336847849
427,533,17.783222655075722,0,0,0,864691135801376610,864691135763491126
1023,1176,17.787943782236344,0,0,0,864691135885623408,864691136021997560
683,1784,17.790798520583596,0,0,0,864691135782542416,864691135493051879
539,578,17.79344598440676,0,0,0,864691135810803660,864691135447582354
264,946,17.7942318744025,0,0,0,864691135577956101,864691136238679567
614,1974,17.794505219308643,0,0,0,864691135271282085,864691136111294648
692,767,17.808267742821048,0,0,0,864691135920381616,864691136145208372
725,2024,17.808402511174318,0,0,0,864691135342541509,864691135662774512
81,1586,17.810998849025736,0,0,0,864691136966189518,864691135474086450
537,1290,17.811430038040278,0,0,0,864691135694189759,864691135503439170
508,1459,17.812436105148443,0,0,0,864691136904594610,864691136364362466
1480,2282,17.81299660360381,0,0,0,864691135490483514,864691136111556792
192,1548,17.813614568638226,0,0,0,864691135477448360,864691135474179378
438,1978,17.814721103626642,0,0,0,864691136596060322,864691135659857026
625,1064,17.81664480198231,0,0,0,864691135659140738,864691135763447862
144,240,17.818183970315403,0,0,0,864691135455123562,864691136084684396
2286,2300,17.822736041360184,0,0,0,864691135336954857,864691135765013302
878,1189,17.823829442631045,0,0,0,864691135702061947,864691135866223998
1150,1734,17.830018732463518,0,0,0,864691135662825456,864691135765006134
1439,1499,17.831913862510707,0,0,0,864691136665051614,864691135389168001
937,1354,17.83640501894929,0,0,0,864691135763364662,864691136991901845
943,1449,17.844785008511618,0,0,0,864691136137237899,864691135504327861
1209,1380,17.846780774134075,0,0,0,864691135209715833,864691135388828033
579,1794,17.847129068844726,0,0,0,864691136195891788,864691135698211994
194,1538,17.848206184376036,0,0,0,864691135954940424,864691135757083346
1189,1429,17.851599816262986,0,0,0,864691135866223998,864691135566649431
155,994,17.85319691259799,0,0,0,864691136925825354,864691135868415766
426,1978,17.85703402023967,0,0,0,864691136380400341,864691135659857026
161,2090,17.857621790148908,0,0,0,864691135994804394,864691135340141542
473,774,17.85773647470462,0,0,0,864691135732377785,864691135685980087
1441,2018,17.857830103346846,0,0,0,864691135280481697,864691135689417440
1274,1334,17.85966987376868,0,0,0,864691135592276491,864691136025624889
1083,1476,17.864458570021036,0,0,0,864691135546339880,864691136026155577
981,1167,17.868112379319836,0,0,0,864691135059954075,864691136042688854
927,931,17.872114592291556,0,0,0,864691135585503864,864691135510267401
1168,1334,17.873539772524083,0,0,0,864691135727278655,864691136025624889
1516,1538,17.875346150494583,0,0,0,864691135810492189,864691135757083346
147,1820,17.87902637170148,0,0,0,864691135772774651,864691135990701056
1140,2215,17.881565926953943,0,0,0,864691135990134784,864691135274816017
1525,1786,17.885711839342576,0,0,0,864691135920800688,864691135977654851
272,1992,17.88981028406954,0,0,0,864691136968429774,864691135258509487
1974,2223,17.894097350802625,0,0,0,864691136111294648,864691135728030015
954,987,17.89846026897286,0,0,0,864691135773240571,864691135778465376
926,1092,17.899089585786186,0,0,0,864691135738266500,864691135948238177
1607,2279,17.90297941684565,0,0,0,864691135209947769,864691136229366097
472,1805,17.903792670828157,0,0,0,864691135764890678,864691136022520056
164,958,17.90652529107755,0,0,0,864691135384262362,864691134949041148
1513,1524,17.90989000524574,0,0,0,864691135843242211,864691136927761226
611,1159,17.910404573878242,0,0,0,864691135361548615,864691136425073455
830,2103,17.91460097239127,0,0,0,864691135351066583,864691135839950227
1869,2174,17.927914323757868,0,0,0,864691136118667428,864691136108410329
838,1902,17.928970968797934,0,0,0,864691135572576237,864691136145574196
430,997,17.92974199479739,0,0,0,864691135688407776,864691135491891559
1511,1582,17.930170328248384,0,0,0,864691136925094628,864691135858298670
945,2176,17.931569479551957,0,0,0,864691135853055175,864691136043380566
999,1143,17.934629742484205,0,0,0,864691135511977680,864691134919403530
1330,1569,17.93837807606918,0,0,0,864691136905560754,864691136579629844
253,1621,17.942621436122423,0,0,0,864691135586240120,864691135398892065
1780,2248,17.943643331274643,0,0,0,864691135464671550,864691136177778950
706,1405,17.946673006437678,0,0,0,864691135503344477,864691135584019053
1690,1782,17.947195435499093,0,0,0,864691135442606920,864691136603811281
725,1555,17.947521723068117,0,0,0,864691135342541509,864691136975639836
926,1424,17.949577376640438,0,0,0,864691135738266500,864691135993767617
2185,2305,17.95051687278109,0,0,0,864691135362357319,864691135258646703
694,2034,17.95091797095624,0,0,0,864691135375351369,864691135493546591
512,1918,17.95258644318424,0,0,0,864691135948215076,864691135405626862
1531,1868,17.952657741961115,0,0,0,864691135015154934,864691135867965317
524,1579,17.956142124632517,0,0,0,864691136025333561,864691135511486985
1840,2165,17.95622053774132,0,0,0,864691135465955397,864691136392785279
1802,1809,17.956940496643643,0,0,0,864691135520105354,864691135196385578
1378,1441,17.961525102284657,0,0,0,864691135779297981,864691135280481697
476,1129,17.96329056715388,0,0,0,864691135778544480,864691135465571653
2017,2122,17.966484352816547,0,0,0,864691135570301676,864691135102351392
229,1817,17.96651819357331,0,0,0,864691135101521952,864691135499707667
115,294,17.96710282711157,0,0,0,864691136134678667,864691135489057338
442,2115,17.967138002475476,0,0,0,864691135361430087,864691135942163201
962,1179,17.96725911206267,0,0,0,864691135866279900,864691135993615041
683,2208,17.967935885905252,0,0,0,864691135782542416,864691135584646253
118,583,17.968251111335192,0,0,0,864691136012173475,864691136052637171
1512,1831,17.969139767946533,0,0,0,864691135493149927,864691135448698196
2122,2229,17.969538669648745,0,0,0,864691135102351392,864691135939949365
539,1996,17.971527703564927,0,0,0,864691135810803660,864691135928151310
178,2278,17.972439344730027,0,0,0,864691135014734486,864691135751149353
1602,2139,17.97477343389893,0,0,0,864691136042989910,864691135875919502
729,1415,17.979090077086845,0,0,0,864691135060094107,864691136913993713
458,778,17.98162439825729,0,0,0,864691135993150913,864691136674080135
104,175,17.98372241778658,0,0,0,864691135809384221,864691135693735103
595,2019,17.98569564959893,0,0,0,864691135757002450,864691135409937097
507,1505,17.987423161753785,0,0,0,864691135726939455,864691136968585678
1260,1288,17.987688233900435,0,0,0,864691135473954354,864691135577221406
1190,1309,17.989097142435952,0,0,0,864691135764062006,864691135939462453
199,1729,17.990107503847806,0,0,0,864691136052101363,864691135573315053
707,719,17.992090706752247,0,0,0,864691135779683261,864691135774307659
596,1285,17.99310801390355,0,0,0,864691136579193108,864691135842794979
459,1114,17.99436711862918,0,0,0,864691135196475434,864691136210885820
1134,2039,17.995839519177757,0,0,0,864691135490505018,864691135504168285
418,546,17.996595233543513,0,0,0,864691135136312089,864691136452543231
187,517,17.998600834509286,0,0,0,864691135660772080,864691135778811325
1257,1931,17.998805293685457,0,0,0,864691135685087474,864691135584316781
1489,2087,18.000791093726907,0,0,0,864691135470787666,864691135695146943
714,1445,18.00159281841473,0,0,0,864691136742244188,864691136336039091
823,1320,18.004104420936915,0,0,0,864691135726140843,864691135655894978
539,1228,18.00451498930201,0,0,0,864691135810803660,864691135473961522
1436,2309,18.0066547698344,0,0,0,864691136298624539,864691136381347029
499,2173,18.006905342118053,0,0,0,864691135801163874,864691136288604355
666,983,18.013770732414653,0,0,0,864691136057790424,864691136311451226
194,2280,18.014408455455918,0,0,0,864691135954940424,864691135593133067
1388,1441,18.01688097313185,0,0,0,864691136380757461,864691135280481697
1118,1971,18.021272763043086,0,0,0,864691135585713528,864691135695057855
2125,2126,18.026513806058045,0,0,0,864691135861093992,864691135928376590
468,719,18.02929527186246,0,0,0,864691135727867967,864691135774307659
205,2105,18.032832278929487,0,0,0,864691135464633245,864691135325426076
693,703,18.033229771729737,0,0,0,864691136052688115,864691135976063855
243,1691,18.03616810744457,0,0,0,864691135584504429,864691136381353685
856,1524,18.03664891269991,0,0,0,864691135157994084,864691136927761226
1071,1480,18.039494449679058,0,0,0,864691136438717086,864691135490483514
419,1299,18.039503319104988,0,0,0,864691137055253878,864691135701272610
700,1412,18.04603003433163,0,0,0,864691135157198692,864691135886130288
516,1818,18.047546093582916,0,0,0,864691135257669039,864691135742756203
1488,1790,18.05106534252203,0,0,0,864691135717271834,864691135465932357
223,880,18.051122070386693,0,0,0,864691135809456669,864691135941549825
1255,1267,18.053476119573226,0,0,0,864691135183646466,864691135577208606
219,2228,18.053672867314265,0,0,0,864691135162585389,864691136968773070
572,1583,18.055891891568237,0,0,0,864691135988557315,864691135717386266
1109,2256,18.067287566206492,0,0,0,864691135476495936,864691135215381304
447,1282,18.07072505462911,0,0,0,864691135369087481,864691135361780551
455,618,18.073104879903727,0,0,0,864691135970226021,864691135587666812
1812,1962,18.07804768220286,0,0,0,864691135646775791,864691135619756943
253,2204,18.079024752458324,0,0,0,864691135586240120,864691136438529438
1483,1612,18.08309354065285,0,0,0,864691136968542926,864691135774368763
1208,1596,18.08597423419601,0,0,0,864691135499283987,864691136372759688
1515,2223,18.08702341459198,0,0,0,864691135478316200,864691135728030015
205,1172,18.09378589461034,0,0,0,864691135464633245,864691135787093956
594,964,18.0948682227863,0,0,0,864691135014256630,864691136596177570
1179,1289,18.099531043648525,0,0,0,864691135993615041,864691135476769344
702,1405,18.10080396004554,0,0,0,864691134966025503,864691135584019053
1562,1799,18.10521604400225,0,0,0,864691136042982742,864691136138779517
972,1592,18.105640226183727,0,0,0,864691134918921738,864691135294187190
523,927,18.111123653710774,0,0,0,864691135356320463,864691135585503864
833,1285,18.114842533127334,0,0,0,864691137055840886,864691135842794979
539,924,18.118585375243782,0,0,0,864691135810803660,864691135919749808
686,713,18.11889621362181,0,0,0,864691135725842603,864691136274488254
1190,1572,18.12207670218841,0,0,0,864691135764062006,864691135106189901
1856,2262,18.12275475748653,0,0,0,864691135562780385,864691135067961412
1856,2157,18.123531664661822,0,0,0,864691135562780385,864691134887444986
574,1583,18.12364996351449,0,0,0,864691136101340021,864691135717386266
717,1852,18.12423614942159,0,0,0,864691135865774206,864691137056393846
1564,1902,18.124659886464094,0,0,0,864691136814180211,864691136145574196
215,700,18.12785348572751,0,0,0,864691135992790209,864691135157198692
2171,2312,18.128333624467484,0,0,0,864691135448303762,864691136111559352
1015,1620,18.128501316986995,0,0,0,864691135134052512,864691135106209101
514,518,18.129807500356897,0,0,0,864691135349839831,864691135773073147
864,2269,18.130254052274008,0,0,0,864691135640544571,864691135258642863
534,1272,18.137536767709168,0,0,0,864691136275807757,864691135343097029
770,980,18.13799547910404,0,0,0,864691136742708828,864691135234582361
436,2075,18.13928862993251,0,0,0,864691136239859772,864691135573327085
667,1121,18.14129080302724,0,0,0,864691136313301565,864691135339600102
149,1382,18.141326081629163,0,0,0,864691135492371303,864691135773776459
1190,1212,18.14326806283815,0,0,0,864691135764062006,864691136013161891
831,1253,18.14369135539957,0,0,0,864691135346975135,864691135878061395
1286,1303,18.145976964605627,0,0,0,864691135662408944,864691134919529994
458,2173,18.15085584759016,0,0,0,864691135993150913,864691136288604355
617,1299,18.150855847590204,0,0,0,864691135430131760,864691135701272610
659,1400,18.150862899597957,0,0,0,864691135583352941,864691135698016410
47,1072,18.15765271173558,0,0,0,864691135655390658,864691136674749575
1236,2162,18.16003700436764,0,0,0,864691135891467401,864691136118878116
1044,2168,18.16134620560927,0,0,0,864691135885406064,864691135929072340
126,131,18.168676341439927,0,0,0,864691135540440178,864691135802453858
982,1273,18.17580281583188,0,0,0,864691135566274391,864691135101824288
421,957,18.18086026567504,0,0,0,864691135519178378,864691135782330192
1457,1494,18.182226046334346,0,0,0,864691135976979567,864691136137239691
671,1233,18.18264667203321,0,0,0,864691135417313722,864691136196202472
181,1277,18.189166006169735,0,0,0,864691136913135089,864691135917058150
433,1047,18.195376995269953,0,0,0,864691137021162094,864691135214246528
137,527,18.196495486768807,0,0,0,864691136904366770,864691135885298544
1444,1492,18.19739761614285,0,0,0,864691135464928318,864691135336847849
715,1127,18.199296689707587,0,0,0,864691136523081105,864691135347733151
613,1159,18.20518958978454,0,0,0,864691136484364844,864691136425073455
91,1286,18.206122926092707,0,0,0,864691135404765166,864691135662408944
1547,2294,18.207031608694468,0,0,0,864691135686283703,864691135357351375
255,1820,18.21079064730585,0,0,0,864691135294441654,864691135990701056
1520,1536,18.212584660064003,0,0,0,864691135567059223,864691136814655859
603,1276,18.21264615589947,0,0,0,864691135572712485,864691135849610334
1202,1995,18.21304850924202,0,0,0,864691136196265704,864691136108378073
1724,1990,18.213145143000347,0,0,0,864691135702887291,864691135409856969
1812,2130,18.21764946418728,0,0,0,864691135646775791,864691136391024144
1772,1894,18.219020390789385,0,0,0,864691136025992761,864691136953873631
56,1814,18.22035608872674,0,0,0,864691135492613471,864691136229186129
601,935,18.220552790736114,0,0,0,864691135539591282,864691136363161570
438,953,18.222728665049033,0,0,0,864691136596060322,864691135942730612
734,1873,18.223290591986903,0,0,0,864691136177726726,864691136312150874
967,2085,18.225538126486125,0,0,0,864691136906067890,864691135496381840
1385,1916,18.228812358461468,0,0,0,864691135277501669,864691135280682401
1191,1338,18.230116620581484,0,0,0,864691136010928046,864691136392254847
583,1144,18.236322436280812,0,0,0,864691136052637171,864691136313406781
576,1500,18.239187701210835,0,0,0,864691135136360217,864691135520064650
879,1828,18.23998771929408,0,0,0,864691135271343525,864691135774053371
978,1255,18.242752423908065,0,0,0,864691135976028015,864691135183646466
1235,1521,18.244464365938505,0,0,0,864691135388368001,864691135955909640
927,1425,18.245306245716968,0,0,0,864691135585503864,864691135566657623
621,1040,18.247677331649577,0,0,0,864691135464162366,864691135274038801
125,751,18.2484769775453,0,0,0,864691135015048342,864691135646353391
595,2176,18.248533091731023,0,0,0,864691135757002450,864691136043380566
767,989,18.2502427381117,0,0,0,864691136145208372,864691134949095932
503,557,18.252634220846016,0,0,0,864691135874782350,864691135919756208
1371,2098,18.255551265300102,0,0,0,864691136211385020,864691136954019039
500,872,18.25628045358637,0,0,0,864691135801267554,864691135272003237
26,1692,18.25718663978654,0,0,0,864691135361314119,864691136034011579
623,2100,18.25840474959405,0,0,0,864691135760050254,864691136927732810
551,1453,18.259359901157552,0,0,0,864691135271038885,864691136604001745
263,1808,18.26183254769356,0,0,0,864691136488999186,864691135994134977
1729,1997,18.2625842640082,0,0,0,864691135573315053,864691135695042751
671,1252,18.263900131132928,0,0,0,864691135417313722,864691135503287618
135,1443,18.26513356096801,0,0,0,864691135995711402,864691135409962953
1182,1379,18.2679995620757,0,0,0,864691135083577335,864691136967869902
1128,1597,18.27137126764165,0,0,0,864691135955477512,864691136814271603
966,1248,18.274005143919574,0,0,0,864691135786943684,864691135809663773
1591,2020,18.275097810955735,0,0,0,864691135587519868,864691136139027581
825,1193,18.27581221177329,0,0,0,864691135430356784,864691136523472529
743,1856,18.277352981216964,0,0,0,864691135739689073,864691135562780385
314,1888,18.28496912767418,0,0,0,864691135865374940,864691136041321982
164,663,18.28522113620726,0,0,0,864691135384262362,864691135885635952
2047,2272,18.285278887673545,0,0,0,864691135384843738,864691136619693275
514,2109,18.287440061419268,0,0,0,864691135349839831,864691135135019168
1350,1366,18.28866490479822,0,0,0,864691135782890064,864691135493077855
1686,2022,18.28916881654271,0,0,0,864691136484596012,864691135584625773
1161,2201,18.292207739909387,0,0,0,864691135763975990,864691136381325781
216,1822,18.293031678756794,0,0,0,864691135405700334,864691136053465587
2155,2182,18.29465670626265,0,0,0,864691136331214058,864691136453384959
78,1163,18.29885242303464,0,0,0,864691135545730856,864691135742247787
755,1285,18.29885242303468,0,0,0,864691135867532933,864691135842794979
2033,2165,18.299866666180932,0,0,0,864691136041575422,864691136392785279
806,2264,18.30481117083703,0,0,0,864691135510593289,864691135840033171
502,679,18.309581316895287,0,0,0,864691135938816260,864691135741930603
212,2179,18.31145477563156,0,0,0,864691136437631902,864691135858282030
456,981,18.313943103548194,0,0,0,864691136275771917,864691135059954075
2216,2303,18.331175630602687,0,0,0,864691136314457149,864691135469845388
679,2161,18.331435732096992,0,0,0,864691135741930603,864691136373008520
1604,2284,18.331463662239326,0,0,0,864691136927566154,864691135305643175
594,953,18.33181278542852,0,0,0,864691135014256630,864691135942730612
1256,1358,18.333697935768395,0,0,0,864691135465503813,864691136118359716
480,1161,18.3378027037048,0,0,0,864691135877825107,864691135763975990
1785,2011,18.339422019245873,0,0,0,864691135375745736,864691136196262102
1787,2016,18.341627408711627,0,0,0,864691135447994514,864691136299026971
502,2208,18.342065314462246,0,0,0,864691135938816260,864691135584646253
1974,2218,18.342623585517906,0,0,0,864691136111294648,864691136381346005
291,2014,18.34479544721073,0,0,0,864691135778562237,864691136111478968
1182,1317,18.348883780764393,0,0,0,864691135083577335,864691136058023640
1289,1442,18.35512440709685,0,0,0,864691135476769344,864691136390601335
674,2033,18.35846616686693,0,0,0,864691135335937513,864691136041575422
583,1448,18.358471396061212,0,0,0,864691136052637171,864691135448256146
1090,1230,18.3619798496785,0,0,0,864691136010639022,864691135455819114
452,1630,18.36202167518598,0,0,0,864691136380268245,864691135577574430
1065,1292,18.36300977508854,0,0,0,864691135989998080,864691135583913069
862,1017,18.365128695437985,0,0,0,864691136091074615,864691135386963541
596,1810,18.365325589272807,0,0,0,864691136579193108,864691135994077377
255,582,18.3658814109206,0,0,0,864691135294441654,864691135562004193
118,2282,18.366287376603957,0,0,0,864691136012173475,864691136111556792
674,2098,18.367067920601855,0,0,0,864691135335937513,864691136954019039
467,621,18.36777874431208,0,0,0,864691135489677882,864691135464162366
216,2100,18.368461666672047,0,0,0,864691135405700334,864691136927732810
437,685,18.370118344746672,0,0,0,864691135102274592,864691136438469534
173,1301,18.371011948175298,0,0,0,864691135279678881,864691136041000190
1504,1836,18.375364377339537,0,0,0,864691135784960307,864691135546902056
117,1251,18.37854923545378,0,0,0,864691135271590309,864691136125840678
2283,2292,18.380734261720924,0,0,0,864691136421324951,864691135102433056
1807,1908,18.381042407872386,0,0,0,864691135867984005,864691135885996912
116,125,18.382017299524083,0,0,0,864691135492276839,864691135015048342
430,1292,18.383674496683174,0,0,0,864691135688407776,864691135583913069
465,1845,18.38593418893914,0,0,0,864691136904656818,864691135764583990
1671,1859,18.385942456126635,0,0,0,864691135567047191,864691135060651419
434,601,18.387169439584795,0,0,0,864691136311179354,864691135539591282
1280,1735,18.387279080929844,0,0,0,864691135619527311,864691135115269785
577,2208,18.38956921735787,0,0,0,864691135868210454,864691135584646253
624,751,18.39064979819908,0,0,0,864691135569363948,864691135646353391
208,1811,18.404785464655724,0,0,0,864691136363303138,864691135387513685
1127,1328,18.406094642807766,0,0,0,864691135347733151,864691136006519498
2158,2312,18.40673659288898,0,0,0,864691136968687310,864691136111559352
1498,1632,18.407268129736146,0,0,0,864691135351096279,864691135778116013
621,1822,18.413796566705045,0,0,0,864691135464162366,864691136053465587
1505,1685,18.413907787322056,0,0,0,864691136968585678,864691135577644574
1398,2250,18.417883483180102,0,0,0,864691135587371132,864691135493686111
1401,2285,18.41899541234538,0,0,0,864691136275894285,864691135886300016
216,1439,18.419356774871368,0,0,0,864691135405700334,864691136665051614
1089,1971,18.42458184057369,0,0,0,864691135741197716,864691135695057855
934,1553,18.428445837888738,0,0,0,864691135970293605,864691135852637127
1129,1207,18.432598948601935,0,0,0,864691135465571653,864691135477839784
751,1996,18.434654322769333,0,0,0,864691135646353391,864691135928151310
616,1096,18.435556948462345,0,0,0,864691136523033233,864691135470154834
314,1875,18.43561770052743,0,0,0,864691135865374940,864691135742793835
1082,1326,18.435862442532972,0,0,0,864691135646017007,864691135324725404
2157,2262,18.43613842430135,0,0,0,864691134887444986,864691135067961412
219,1536,18.442248886727487,0,0,0,864691135162585389,864691136814655859
987,1442,18.442568150884032,0,0,0,864691135778465376,864691136390601335
684,691,18.446260108759148,0,0,0,864691135591664907,864691135576872222
1666,1667,18.451794926239593,0,0,0,864691135102353696,864691136137293195
698,2222,18.452238888546844,0,0,0,864691135569592300,864691136229363025
1378,1471,18.4524209793729,0,0,0,864691135779297981,864691135646493679
1129,1597,18.453419845654654,0,0,0,864691135465571653,864691136814271603
1642,2174,18.459320030813785,0,0,0,864691136421279639,864691136108410329
1441,1806,18.46219921894459,0,0,0,864691135280481697,864691135340055782
1289,1355,18.46259266733682,0,0,0,864691135476769344,864691135183693826
547,663,18.46475561712096,0,0,0,864691135938990901,864691135885635952
1186,1204,18.465864723862776,0,0,0,864691135369002233,864691135469215372
625,1265,18.466107332082725,0,0,0,864691135659140738,864691136138335101
1883,2132,18.47002328098156,0,0,0,864691134966495519,864691134991010426
1437,2212,18.471362483585192,0,0,0,864691135343499441,864691135861182824
699,1555,18.471513202767216,0,0,0,864691135838788755,864691136975639836
1511,1985,18.472982217281515,0,0,0,864691136925094628,864691135376096329
620,700,18.474314276854816,0,0,0,864691135989943040,864691135157198692
741,1239,18.4760653820016,0,0,0,864691135308295238,864691135375767369
723,2141,18.47942683093824,0,0,0,864691135892202633,864691136524282001
1303,1381,18.48000000000001,0,0,0,864691134919529994,864691135350542039
2296,2297,18.480798251157893,0,0,0,864691136118921124,864691136927801674
829,1609,18.483679287414624,0,0,0,864691135849300318,864691136211175612
1429,1810,18.48813673683757,0,0,0,864691135566649431,864691135994077377
715,2177,18.488304627520623,0,0,0,864691136523081105,864691135810473245
792,1408,18.490769156527726,0,0,0,864691136363473634,864691135941708033
559,726,18.490822804840178,0,0,0,864691135640297787,864691136012739747
1386,1962,18.49270775197615,0,0,0,864691136390474359,864691135619756943
1520,2280,18.49309492756697,0,0,0,864691135567059223,864691135593133067
500,1642,18.49503111649184,0,0,0,864691135801267554,864691136421279639
1584,2287,18.49584082976496,0,0,0,864691135779716797,864691135465100189
702,1622,18.4972179529788,0,0,0,864691134966025503,864691135499624723
767,927,18.497439390358803,0,0,0,864691136145208372,864691135585503864
974,1127,18.498908075883737,0,0,0,864691135760106830,864691135347733151
583,1600,18.500942246274935,0,0,0,864691136052637171,864691135659566210
366,1379,18.50100970217565,0,0,0,864691135492308071,864691136967869902
1065,1810,18.501689436373088,0,0,0,864691135989998080,864691135994077377
254,1302,18.504586242334668,0,0,0,864691135809509917,864691135388660865
272,572,18.507278568174222,0,0,0,864691136968429774,864691135988557315
844,1160,18.509201171309368,0,0,0,864691136110765496,864691136579434260
986,1298,18.513106276365406,0,0,0,864691135324437916,864691135480311494
264,556,18.513695687247264,0,0,0,864691135577956101,864691135183999490
573,2208,18.515982285582286,0,0,0,864691136311267930,864691135584646253
1116,1388,18.516756519433923,0,0,0,864691134949263100,864691136380757461
615,1578,18.517995571875485,0,0,0,864691135868334870,864691135802215266
1460,1814,18.518963253918923,0,0,0,864691135817949519,864691136229186129
516,1233,18.520649664631087,0,0,0,864691135257669039,864691136196202472
982,1292,18.522902580319336,0,0,0,864691135566274391,864691135583913069
1186,1211,18.524766557233523,0,0,0,864691135369002233,864691136380718037
719,1788,18.530514509856378,0,0,0,864691135774307659,864691135540272498
53,883,18.532842199727416,0,0,0,864691136238652476,864691135816832591
1130,1395,18.53383673177247,0,0,0,864691135388545921,864691135124209447
602,1267,18.53684244956516,0,0,0,864691135782278224,864691135577208606
617,948,18.538090516555418,0,0,0,864691135430131760,864691135694421439
551,1993,18.539933980464955,0,0,0,864691135271038885,864691135774179147
485,2186,18.5461758861497,0,0,0,864691135947258916,864691135351022807
726,1736,18.5473681151801,0,0,0,864691136012739747,864691135751110185
549,1207,18.550956417392577,0,0,0,864691135865648254,864691135477839784
1295,2040,18.55266234263966,0,0,0,864691135388675969,864691135977768259
2287,2293,18.55355060359063,0,0,0,864691135465100189,864691135375888840
1745,1747,18.555408052640676,0,0,0,864691136314078013,864691135409760457
988,1293,18.55582194353027,0,0,0,864691135993274305,864691135431109168
268,1552,18.556484149752066,0,0,0,864691135578670597,864691136274933950
485,562,18.562967004226497,0,0,0,864691135947258916,864691136953958879
1557,2107,18.563187657296353,0,0,0,864691135811335116,864691135954582563
1536,2288,18.56419262989913,0,0,0,864691136814655859,864691134966710559
281,513,18.566902164873902,0,0,0,864691135466158917,864691136138803837
1227,1289,18.567986212834207,0,0,0,864691135503350082,864691135476769344
1275,1424,18.5693097340747,0,0,0,864691135939209988,864691135993767617
1068,1221,18.57120351511988,0,0,0,864691135738953860,864691135777789357
1333,1512,18.57293514768192,0,0,0,864691135448212882,864691135493149927
1582,1985,18.575347103082535,0,0,0,864691135858298670,864691135376096329
519,1566,18.576661486930398,0,0,0,864691136389921911,864691135732210873
558,1660,18.57851662539283,0,0,0,864691135398817569,864691135701629474
460,621,18.579989235734267,0,0,0,864691135562842337,864691135464162366
1447,2075,18.58200764180231,0,0,0,864691136026254649,864691135573327085
1090,1585,18.58270507757147,0,0,0,864691136010639022,864691136484732972
1495,2009,18.583132136429512,0,0,0,864691136968529870,864691135102151968
763,1370,18.588228533133567,0,0,0,864691135943149428,864691136274786494
442,2106,18.592743530743363,0,0,0,864691135361430087,864691135994235841
1806,2018,18.59596558396479,0,0,0,864691135340055782,864691135689417440
1176,1178,18.59897287486597,0,0,0,864691136021997560,864691135527713115
492,2019,18.602202020191104,0,0,0,864691136058646488,864691135409937097
995,2225,18.602771406433046,0,0,0,864691136814627955,864691136058895576
623,1445,18.610249219180297,0,0,0,864691135760050254,864691136336039091
264,1482,18.616962587919698,0,0,0,864691135577956101,864691135850033758
1305,1307,18.6178477810944,0,0,0,864691135503448898,864691135476790080
964,1219,18.619848334505853,0,0,0,864691136596177570,864691135839499155
706,1447,18.63021374005146,0,0,0,864691135503344477,864691136026254649
692,1352,18.632398450011745,0,0,0,864691135920381616,864691136392355711
691,2034,18.63684951916496,0,0,0,864691135576872222,864691135493546591
622,1651,18.63787799080147,0,0,0,864691135455507818,864691137056345206
1082,1436,18.645327993897006,0,0,0,864691135646017007,864691136298624539
1155,1473,18.64536403506241,0,0,0,864691135755384269,864691135295165196
1215,1382,18.652447346125953,0,0,0,864691134886792442,864691135773776459
310,549,18.65345437177788,0,0,0,864691134885645050,864691135865648254
597,603,18.65633104337504,0,0,0,864691135586773628,864691135572712485
674,2177,18.657442482827047,0,0,0,864691135335937513,864691135810473245
1155,1472,18.657675739491225,0,0,0,864691135755384269,864691135853088967
969,1904,18.661187957898033,0,0,0,864691136814508659,864691135886132080
459,2214,18.66183270742721,0,0,0,864691135196475434,864691136013554851
456,957,18.66349763575942,0,0,0,864691136275771917,864691135782330192
106,646,18.663629657705897,0,0,0,864691135787537348,864691135640398651
268,1693,18.663902271497275,0,0,0,864691135578670597,864691134919927050
1441,2142,18.670793448592406,0,0,0,864691135280481697,864691136034487483
870,2101,18.67120135395685,0,0,0,864691135566168599,864691136580010516
977,1401,18.671514989416366,0,0,0,864691135939017525,864691136275894285
968,1190,18.67605268786743,0,0,0,864691136926764362,864691135764062006
268,984,18.67805214683798,0,0,0,864691135578670597,864691135360300632
312,2096,18.67947750875281,0,0,0,864691135947873377,864691136619643867
538,749,18.680025695913688,0,0,0,864691135947366692,864691135465643333
281,570,18.681507433823484,0,0,0,864691135466158917,864691135782241616
2039,2234,18.68205556142047,0,0,0,864691135504168285,864691136524297617
1490,2083,18.682603672935972,0,0,0,864691135464795710,864691136364308962
1163,1542,18.684664085821787,0,0,0,864691135742247787,864691135741982868
1489,1812,18.685540934101997,0,0,0,864691135470787666,864691135646775791
98,192,18.687458896275857,0,0,0,864691135731966649,864691135477448360
502,683,18.692115985088474,0,0,0,864691135938816260,864691135782542416
1281,1662,18.692234109383477,0,0,0,864691135849634142,864691136138988157
203,537,18.692809312674076,0,0,0,864691135293398284,864691135694189759
1151,1600,18.694521122510718,0,0,0,864691135389195393,864691135659566210
148,2283,18.69558750079814,0,0,0,864691136967634382,864691136421324951
957,1066,18.700550580130066,0,0,0,864691135782330192,864691136488621842
2255,2301,18.70162688110311,0,0,0,864691135474504498,864691136177799686
969,1476,18.701777455632396,0,0,0,864691136814508659,864691136026155577
1113,1115,18.70194000632021,0,0,0,864691136489147922,864691136010068652
565,680,18.705746710570004,0,0,0,864691136618553563,864691135157210468
1067,1425,18.707496679139126,0,0,0,864691136579217172,864691135566657623
134,190,18.70760829181541,0,0,0,864691135946676260,864691135654715586
1145,1447,18.710768664060872,0,0,0,864691135941435393,864691136026254649
275,1159,18.71658259405278,0,0,0,864691135754881746,864691136425073455
1038,2036,18.717143371786246,0,0,0,864691135646147567,864691135858273326
617,1047,18.7198905979709,0,0,0,864691135430131760,864691135214246528
1500,2009,18.721128171133252,0,0,0,864691135520064650,864691135102151968
780,1645,18.72468317488975,0,0,0,864691135739008132,864691134919972106
164,1283,18.727343858646897,0,0,0,864691135384262362,864691135592283403
1201,1436,18.729380555693734,0,0,0,864691135324705692,864691136298624539
116,1996,18.73015963626577,0,0,0,864691135492276839,864691135928151310
1499,2023,18.733781252059096,0,0,0,864691135389168001,864691135587758716
834,1144,18.73408017491113,0,0,0,864691135562001633,864691136313406781
1186,1302,18.73536634282882,0,0,0,864691135369002233,864691135388660865
418,424,18.736874445862128,0,0,0,864691135136312089,864691135276188133
570,670,18.73868640006548,0,0,0,864691135782241616,864691135562052065
924,1424,18.7399893276384,0,0,0,864691135919749808,864691135993767617
118,1448,18.74189659559566,0,0,0,864691136012173475,864691135448256146
1198,2095,18.744778472950845,0,0,0,864691136927176778,864691136118805668
1113,1512,18.746873019253144,0,0,0,864691136489147922,864691135493149927
1671,2187,18.746927641616384,0,0,0,864691135567047191,864691134942472035
573,678,18.747091507751264,0,0,0,864691136311267930,864691135430290480
569,674,18.748183912048727,0,0,0,864691135694264511,864691135335937513
178,1263,18.75473017667803,0,0,0,864691135014734486,864691136274655166
1503,2052,18.757268884355156,0,0,0,864691136011684526,864691136446104451
1764,2283,18.76124174994819,0,0,0,864691135742824555,864691136421324951
263,1539,18.76349135955243,0,0,0,864691136488999186,864691135941975974
1761,1850,18.76538089141803,0,0,0,864691135119630813,864691135686399415
174,199,18.766410844911164,0,0,0,864691136228250961,864691136052101363
1840,1852,18.766971838844924,0,0,0,864691135465955397,864691137056393846
979,1172,18.76728387380544,0,0,0,864691136042515798,864691135787093956
487,721,18.769317941789993,0,0,0,864691136144827444,864691135738995588
205,954,18.770693753828095,0,0,0,864691135464633245,864691135773240571
606,1168,18.77534553610124,0,0,0,864691135885361520,864691135727278655
2117,2144,18.77575457871133,0,0,0,864691135774389755,864691135774294603
1530,1606,18.77789338557446,0,0,0,864691135810466333,864691136675427975
255,2301,18.779726941571884,0,0,0,864691135294441654,864691136177799686
1498,1894,18.782503347530614,0,0,0,864691135351096279,864691136953873631
871,1447,18.784763187221724,0,0,0,864691136391042167,864691136026254649
448,1561,18.78607143604012,0,0,0,864691135294480310,864691135699301397
1330,2261,18.786180452662556,0,0,0,864691136905560754,864691135499964947
2125,2167,18.792917814964152,0,0,0,864691135861093992,864691136086632812
516,678,18.7961800374438,0,0,0,864691135257669039,864691135430290480
1340,1591,18.798468022687413,0,0,0,864691135492991839,864691135587519868
489,1318,18.801084224054733,0,0,0,864691135404860654,864691135741458324
891,1118,18.803914486084974,0,0,0,864691136914541041,864691135585713528
1307,1317,18.8042973811839,0,0,0,864691135476790080,864691136058023640
57,1330,18.80495594251683,0,0,0,864691136974813212,864691136905560754
2295,2301,18.806228755388496,0,0,0,864691134966714655,864691136177799686
1212,1578,18.806637126291395,0,0,0,864691136013161891,864691135802215266
1542,1838,18.811890707741153,0,0,0,864691135741982868,864691135518173395
1519,2030,18.8129589379236,0,0,0,864691136438666398,864691135977010031
180,1444,18.813741361037142,0,0,0,864691136005322698,864691135464928318
1496,1562,18.81634183362958,0,0,0,864691136196969548,864691136042982742
431,528,18.818203952556154,0,0,0,864691135361432391,864691135948010081
1517,1838,18.819770030475922,0,0,0,864691136485007404,864691135518173395
434,1391,18.822952797050743,0,0,0,864691136311179354,864691135640929595
758,1334,18.824815961915714,0,0,0,864691136523628945,864691136025624889
163,972,18.826180919134945,0,0,0,864691136674744199,864691134918921738
1458,1788,18.826366192125324,0,0,0,864691136126503206,864691135540272498
78,1538,18.829928518186197,0,0,0,864691135545730856,864691135757083346
2034,2098,18.833408613418857,0,0,0,864691135493546591,864691136954019039
573,2097,18.840040764287174,0,0,0,864691136311267930,864691135886208112
1482,1691,18.843872213534087,0,0,0,864691135850033758,864691136381353685
1600,2121,18.844334108691662,0,0,0,864691135659566210,864691136058804696
490,516,18.84494542311011,0,0,0,864691135294442678,864691135257669039
666,1317,18.84542597024554,0,0,0,864691136057790424,864691136058023640
246,618,18.84582669982932,0,0,0,864691135480800198,864691135587666812
943,1844,18.850152678426692,0,0,0,864691136137237899,864691135294361782
275,613,18.851836621401127,0,0,0,864691135754881746,864691136484364844
937,960,18.852488429912842,0,0,0,864691135763364662,864691135133991072
2121,2259,18.853420273255495,0,0,0,864691136058804696,864691136011768494
1439,1641,18.856298682403107,0,0,0,864691136665051614,864691136438496158
704,1503,18.860737631386467,0,0,0,864691135878468435,864691136011684526
216,1499,18.863017786133838,0,0,0,864691135405700334,864691135389168001
759,958,18.87745745591818,0,0,0,864691135773724747,864691134949041148
1536,2228,18.87834738529836,0,0,0,864691136814655859,864691136968773070
1415,1599,18.878542316609142,0,0,0,864691136913993713,864691136975624220
1212,1284,18.88586349627676,0,0,0,864691136013161891,864691136274712254
1511,1525,18.889109666683595,0,0,0,864691136925094628,864691135920800688
703,2281,18.88957045567743,0,0,0,864691135976063855,864691135577816862
1808,2226,18.890038009490585,0,0,0,864691135994134977,864691135295330828
1453,2312,18.89122547639514,0,0,0,864691136604001745,864691136111559352
276,2282,18.90349893538237,0,0,0,864691136436788382,864691136111556792
1536,2224,18.90384934345392,0,0,0,864691136814655859,864691136453442303
1493,2151,18.904072788687582,0,0,0,864691136314404669,864691135584629613
1357,1599,18.90754769926553,0,0,0,864691136118337956,864691136975624220
196,1273,18.90811635250849,0,0,0,864691135082074359,864691135101824288
736,2311,18.91009296645573,0,0,0,864691135583223405,864691135858363694
429,604,18.910348489649838,0,0,0,864691135773074683,864691135778335328
1000,2177,18.912250421353857,0,0,0,864691135510406921,864691135810473245
944,2064,18.919991543338508,0,0,0,864691135276504549,864691135577749022
935,1227,18.92101984566376,0,0,0,864691136363161570,864691135503350082
178,1140,18.922259484533043,0,0,0,864691135014734486,864691135990134784
472,1339,18.923664761351052,0,0,0,864691135764890678,864691135885663600
1287,1348,18.92435636950432,0,0,0,864691135431088176,864691135662460400
1162,1847,18.924586336298088,0,0,0,864691135274195217,864691135511316745
1076,1519,18.926425970055792,0,0,0,864691135717299738,864691136438666398
433,936,18.9305915385653,0,0,0,864691137021162094,864691135469807954
1249,1662,18.932273397561048,0,0,0,864691136239387708,864691136138988157
699,714,18.932347767775752,0,0,0,864691135838788755,864691136742244188
1163,2280,18.934512827110183,0,0,0,864691135742247787,864691135593133067
1029,2218,18.93491843130046,0,0,0,864691135853091015,864691136381346005
1168,1274,18.938918237322838,0,0,0,864691135727278655,864691135592276491
1859,2016,18.944168918165847,0,0,0,864691135060651419,864691136299026971
822,1832,18.948006333121192,0,0,0,864691136914445809,864691135343818161
1464,2229,18.94941983280759,0,0,0,864691135928395278,864691135939949365
463,1312,18.95124185904441,0,0,0,864691135502885954,864691136335553971
1069,1608,18.95643510789946,0,0,0,864691136010027182,864691135350717399
687,2190,18.95814505694053,0,0,0,864691135941300993,864691134991032954
418,1220,18.96075103997739,0,0,0,864691135136312089,864691135989177347
147,1320,18.96261247824253,0,0,0,864691135772774651,864691135655894978
1149,1180,18.963186230167068,0,0,0,864691135211756736,864691136927119946
699,1202,18.963977641834585,0,0,0,864691135838788755,864691136196265704
611,613,18.96569197261204,0,0,0,864691135361548615,864691136484364844
192,223,18.966101971675663,0,0,0,864691135477448360,864691135809456669
1233,2169,18.968917734019556,0,0,0,864691136196202472,864691135739587697
225,1304,18.97214294696303,0,0,0,864691135700757026,864691135212078784
1541,2259,18.972709664146485,0,0,0,864691135478429352,864691136011768494
1134,2228,18.973443335356922,0,0,0,864691135490505018,864691136968773070
1301,1317,18.98355498846307,0,0,0,864691136041000190,864691136058023640
2074,2207,18.985119225330152,0,0,0,864691134942468707,864691135732518585
1186,2040,18.98678951271127,0,0,0,864691135369002233,864691135977768259
583,729,18.98851526581254,0,0,0,864691136052637171,864691135060094107
1461,2158,18.994598390068752,0,0,0,864691135277309669,864691136968687310
585,823,18.994661986989964,0,0,0,864691135546161704,864691135726140843
450,1796,18.99683342033608,0,0,0,864691135276132325,864691135277186789
453,839,18.99733033876072,0,0,0,864691136389679223,864691136445215875
185,1126,18.99757458203547,0,0,0,864691135611337735,864691135396115189
507,1685,19.0014870996982,0,0,0,864691135726939455,864691135577644574
568,1142,19.003085223194628,0,0,0,864691135694246079,864691134949350652
248,549,19.004659639151697,0,0,0,864691136424990255,864691135865648254
500,1621,19.006659885419108,0,0,0,864691135801267554,864691135398892065
722,1328,19.00682151228861,0,0,0,864691135611019015,864691136006519498
202,511,19.00757575284124,0,0,0,864691135778675552,864691135067448132
1516,2170,19.011669679436363,0,0,0,864691135810492189,864691136336192947
1517,1808,19.01174542223834,0,0,0,864691136485007404,864691135994134977
830,1804,19.013657407242814,0,0,0,864691135351066583,864691135717163802
685,1451,19.014222887091698,0,0,0,864691136438469534,864691136381224149
1155,1491,19.01425486312836,0,0,0,864691135755384269,864691135280944545
464,1856,19.015062660953824,0,0,0,864691135498973715,864691135562780385
879,1829,19.018032705829544,0,0,0,864691135271343525,864691135939477508
1177,1223,19.019324909154907,0,0,0,864691135476581440,864691135214611512
1127,2184,19.019585694751555,0,0,0,864691135347733151,864691135466236229
536,2272,19.024062237072282,0,0,0,864691135699522069,864691136619693275
616,847,19.024990722730976,0,0,0,864691136523033233,864691135517376211
1163,2226,19.026798784871758,0,0,0,864691135742247787,864691135295330828
776,936,19.027659866625783,0,0,0,864691135356708303,864691135469807954
735,1075,19.02924065747242,0,0,0,864691135473540914,864691135448215698
964,1215,19.032146279387376,0,0,0,864691136596177570,864691134886792442
1071,1464,19.033793946557306,0,0,0,864691136438717086,864691135928395278
1563,1833,19.034353784670557,0,0,0,864691135885911920,864691135387535957
631,1091,19.03573061376951,0,0,0,864691135773731403,864691136619939213
149,1391,19.046293077656888,0,0,0,864691135492371303,864691135640929595
121,1859,19.0470995167243,0,0,0,864691135503004765,864691135060651419
541,952,19.04748928336747,0,0,0,864691134989919098,864691135123833127
453,595,19.047958000793734,0,0,0,864691136389679223,864691135757002450
494,495,19.048913879799017,0,0,0,864691135304641703,864691135398805281
822,1136,19.06344942553673,0,0,0,864691136914445809,864691135395833333
582,2292,19.06344942553687,0,0,0,864691135562004193,864691135102433056
99,2099,19.066200460500735,0,0,0,864691135611140359,864691135325413788
1203,1210,19.067811620634412,0,0,0,864691135868684566,864691135868957462
223,666,19.06997472468176,0,0,0,864691135809456669,864691136057790424
1483,1883,19.071223138540397,0,0,0,864691136968542926,864691134966495519
438,933,19.07200671140829,0,0,0,864691136596060322,864691136287879619
227,2118,19.072812063248605,0,0,0,864691135561699041,864691135084038647
255,2289,19.074925950052787,0,0,0,864691135294441654,864691135060869787
467,561,19.07538896064769,0,0,0,864691135489677882,864691135276234469
507,2082,19.075437609659158,0,0,0,864691135726939455,864691135955877896
168,1805,19.07711508588236,0,0,0,864691136419797655,864691136022520056
116,624,19.078926594544058,0,0,0,864691135492276839,864691135569363948
928,980,19.08800838222783,0,0,0,864691136195537366,864691135234582361
945,2083,19.08895890298892,0,0,0,864691135853055175,864691136364308962
499,1829,19.089716603449123,0,0,0,864691135801163874,864691135939477508
312,883,19.094914087264137,0,0,0,864691135947873377,864691135816832591
56,1492,19.09528779568408,0,0,0,864691135492613471,864691135336847849
601,610,19.095669875655027,0,0,0,864691135539591282,864691135941293057
2286,2293,19.095937997385704,0,0,0,864691135336954857,864691135375888840
1832,2204,19.098397838562278,0,0,0,864691135343818161,864691136438529438
82,1276,19.099496956726338,0,0,0,864691135495542672,864691135849610334
219,1514,19.100879142070937,0,0,0,864691135162585389,864691135954680867
711,1457,19.10107850358199,0,0,0,864691135727925311,864691135976979567
2222,2270,19.10607861388618,0,0,0,864691136229363025,864691135274860817
529,1554,19.107945991131604,0,0,0,864691135698820373,864691135465795653
1539,1590,19.115187678911262,0,0,0,864691135941975974,864691135920571056
727,1885,19.118768161155238,0,0,0,864691135741963627,864691135325487004
588,2043,19.118910429205894,0,0,0,864691135725748139,864691136058745048
1790,2132,19.119002484439427,0,0,0,864691135465932357,864691134991010426
752,2186,19.121240127146592,0,0,0,864691135892048777,864691135351022807
93,417,19.125622604244768,0,0,0,864691135341198789,864691135519106442
1149,1355,19.12692761527579,0,0,0,864691135211756736,864691135183693826
582,680,19.12700959376559,0,0,0,864691135562004193,864691135157210468
732,1459,19.1299137478453,0,0,0,864691135396794101,864691136364362466
1196,2127,19.1330097998198,0,0,0,864691135646292719,864691135336840425
433,1299,19.140180145442702,0,0,0,864691137021162094,864691135701272610
1170,1258,19.141218352027632,0,0,0,864691136579358228,864691135124146727
426,1066,19.144628489474464,0,0,0,864691136380400341,864691136488621842
2082,2182,19.145136614816813,0,0,0,864691135955877896,864691136453384959
594,1225,19.145898777545057,0,0,0,864691135014256630,864691136913691121
1200,2127,19.149040707043312,0,0,0,864691136195652328,864691135336840425
446,494,19.15178111821458,0,0,0,864691136195824204,864691135304641703
597,1276,19.152690046048406,0,0,0,864691135586773628,864691135849610334
687,1475,19.15451278419783,0,0,0,864691135941300993,864691135124603687
1077,1484,19.155922739455708,0,0,0,864691136381243349,864691135405713902
436,1447,19.16053443931046,0,0,0,864691136239859772,864691136026254649
2009,2109,19.161309349833044,0,0,0,864691135102151968,864691135135019168
243,490,19.16219110644711,0,0,0,864691135584504429,864691135294442678
672,2305,19.16336671882062,0,0,0,864691136674327431,864691135258646703
1223,1966,19.172199873775575,0,0,0,864691135214611512,864691135686442423
165,963,19.174816817899544,0,0,0,864691136903387826,864691136904967346
694,715,19.17620024926732,0,0,0,864691135375351369,864691136523081105
424,534,19.17630537929554,0,0,0,864691135276188133,864691136275807757
1584,2017,19.17923043294491,0,0,0,864691135779716797,864691135570301676
1047,2212,19.18091217851749,0,0,0,864691135214246528,864691135861182824
178,1811,19.181330923582994,0,0,0,864691135014734486,864691135387513685
180,1668,19.182612126610895,0,0,0,864691136005322698,864691135164887853
1600,2293,19.183301071504868,0,0,0,864691135659566210,864691135375888840
1109,1835,19.187095663492162,0,0,0,864691135476495936,864691136118686884
1073,2282,19.19137306187346,0,0,0,864691135662802416,864691136111556792
509,580,19.19473427792109,0,0,0,864691136042462038,864691136975144988
170,847,19.19621962783303,0,0,0,864691135688186080,864691135517376211
1498,2057,19.19949332664795,0,0,0,864691135351096279,864691135196576298
606,1352,19.202586492449385,0,0,0,864691135885361520,864691136392355711
1306,2033,19.203259723286525,0,0,0,864691135849640798,864691136041575422
1251,1284,19.20736025590179,0,0,0,864691136125840678,864691136274712254
555,2025,19.20973086745359,0,0,0,864691135763433270,864691135448130450
1918,2074,19.2114915610423,0,0,0,864691135405626862,864691134942468707
563,721,19.21415644778618,0,0,0,864691136524089489,864691135738995588
785,1798,19.21847111504977,0,0,0,864691135155894884,864691135573191405
241,2289,19.220389173999664,0,0,0,864691136043283030,864691135060869787
1604,1821,19.222854730762556,0,0,0,864691136927566154,864691135727799359
555,1897,19.222873042290058,0,0,0,864691135763433270,864691135470556242
1487,2233,19.22916618057062,0,0,0,864691136620914829,864691135685620210
1935,2135,19.229477371993166,0,0,0,864691136196240342,864691135810495005
707,1312,19.231282848525733,0,0,0,864691135779683261,864691136335553971
616,1288,19.237297107442092,0,0,0,864691136523033233,864691135577221406
1759,1858,19.240266110425736,0,0,0,864691135464678206,864691135447888274
467,1499,19.244860924413057,0,0,0,864691135489677882,864691135389168001
746,1369,19.244988958167742,0,0,0,864691135720245297,864691135119409885
693,2288,19.25023428428855,0,0,0,864691136052688115,864691134966710559
492,665,19.251958030288765,0,0,0,864691136058646488,864691135943593332
161,965,19.25475525681901,0,0,0,864691135994804394,864691135684809458
947,982,19.25731611621932,0,0,0,864691135417307322,864691135566274391
987,1227,19.25924193731416,0,0,0,864691135778465376,864691135503350082
2121,2315,19.260657517333083,0,0,0,864691136058804696,864691135886314096
512,1458,19.264106311998997,0,0,0,864691135948215076,864691136126503206
673,1070,19.266983157723548,0,0,0,864691136991359893,864691136228491601
414,2021,19.27139392986403,0,0,0,864691135519105162,864691136675875719
486,733,19.273089217870496,0,0,0,864691135784641843,864691136953631711
1149,1250,19.273899449774078,0,0,0,864691135211756736,864691136742623580
1482,2305,19.27426304687162,0,0,0,864691135850033758,864691135258646703
991,992,19.275519811408458,0,0,0,864691135763549238,864691136603306193
173,223,19.276343221679763,0,0,0,864691135279678881,864691135809456669
237,1465,19.278267142043635,0,0,0,864691136021595384,864691135778773856
512,1788,19.27848126798375,0,0,0,864691135948215076,864691135540272498
434,527,19.279676345831177,0,0,0,864691136311179354,864691135885298544
998,1596,19.2887084067338,0,0,0,864691135503367517,864691136372759688
2285,2301,19.29430174948038,0,0,0,864691135886300016,864691136177799686
679,1640,19.29645770601427,0,0,0,864691135741930603,864691136011686318
468,2080,19.298261890646994,0,0,0,864691135727867967,864691134950156796
193,1200,19.298653217258423,0,0,0,864691135969582181,864691136195652328
827,1082,19.30070257788555,0,0,0,864691136674495623,864691135646017007
602,1255,19.300855110590273,0,0,0,864691135782278224,864691135183646466
2089,2294,19.30154646653994,0,0,0,864691136034412219,864691135357351375
91,1198,19.302634017149,0,0,0,864691135404765166,864691136927176778
1516,1518,19.3056973974005,0,0,0,864691135810492189,864691135184104194
1031,1133,19.310402585135318,0,0,0,864691135417443514,864691135384344043
1147,1831,19.312048052964208,0,0,0,864691135210358137,864691135448698196
550,2144,19.314036346657375,0,0,0,864691135498997267,864691135774294603
1816,1975,19.31411421732822,0,0,0,864691135778954848,864691135750958889
1426,1735,19.316819614004825,0,0,0,864691135164434989,864691135115269785
568,688,19.317215534336135,0,0,0,864691135694246079,864691136021865976
951,1979,19.31933746276008,0,0,0,864691135447312274,864691135409859785
829,1863,19.320132504721595,0,0,0,864691135849300318,864691136968306126
1143,1736,19.320874514369244,0,0,0,864691134919403530,864691135751110185
935,1091,19.32389525949676,0,0,0,864691136363161570,864691136619939213
992,1249,19.32429765864728,0,0,0,864691136603306193,864691136239387708
1530,1786,19.324305938377215,0,0,0,864691135810466333,864691135977654851
516,1482,19.327264886682773,0,0,0,864691135257669039,864691135850033758
1351,1440,19.329246648537502,0,0,0,864691135587260796,864691135569900780
510,1987,19.329458554237885,0,0,0,864691136380312021,864691136026013497
723,1799,19.332052555277244,0,0,0,864691135892202633,864691136138779517
184,1301,19.34030237612646,0,0,0,864691135565770007,864691136041000190
586,1164,19.343637713729027,0,0,0,864691136975088156,864691135939049988
421,528,19.344193547418907,0,0,0,864691135519178378,864691135948010081
686,1306,19.34542922759796,0,0,0,864691135725842603,864691135849640798
1250,1309,19.348136861207124,0,0,0,864691136742623580,864691135939462453
1619,2025,19.354604206751354,0,0,0,864691135496440208,864691135448130450
1288,1724,19.35471002107763,0,0,0,864691135577221406,864691135702887291
116,770,19.358446218640594,0,0,0,864691135492276839,864691136742708828
789,2236,19.35976363492071,0,0,0,864691135570791558,864691135778572973
1115,1511,19.361619766951282,0,0,0,864691136010068652,864691136925094628
1494,2200,19.362413072755245,0,0,0,864691136137239691,864691135741874836
1388,1698,19.362685764118503,0,0,0,864691136380757461,864691135014966262
1626,1792,19.36456309860879,0,0,0,864691136275166398,864691135779629245
286,1297,19.364959695284686,0,0,0,864691135274355473,864691135686055351
585,1602,19.367775298159682,0,0,0,864691135546161704,864691136042989910
116,527,19.370608663642926,0,0,0,864691135492276839,864691135885298544
1511,1831,19.370978705269305,0,0,0,864691136925094628,864691135448698196
1155,1537,19.372533133279212,0,0,0,864691135755384269,864691136391027728
589,2297,19.372564517894823,0,0,0,864691135294520844,864691136927801674
878,949,19.37415845914344,0,0,0,864691135702061947,864691135014681590
1248,1251,19.37584971039979,0,0,0,864691135809663773,864691136125840678
1116,2018,19.3768740513015,0,0,0,864691134949263100,864691135689417440
830,1780,19.379745302763865,0,0,0,864691135351066583,864691135464671550
1517,1895,19.383232341382143,0,0,0,864691136485007404,864691135215023416
769,1274,19.38408419296616,0,0,0,864691136125985318,864691135592276491
1016,1259,19.38900471917015,0,0,0,864691135346571423,864691136579408916
701,2121,19.394404141401175,0,0,0,864691135782506832,864691136058804696
1539,1567,19.394805077649032,0,0,0,864691135941975974,864691135802341986
1381,2144,19.395280250617716,0,0,0,864691135350542039,864691135774294603
735,1831,19.400936884594064,0,0,0,864691135473540914,864691135448698196
1918,2265,19.401451492092,0,0,0,864691135405626862,864691136976001308
130,663,19.404195834921918,0,0,0,864691135742327147,864691135885635952
689,2301,19.406733676742302,0,0,0,864691135990004992,864691136177799686
521,1818,19.408369328719974,0,0,0,864691135778815421,864691135742756203
1499,1812,19.408468254862292,0,0,0,864691135389168001,864691135646775791
2097,2169,19.408997501159106,0,0,0,864691135886208112,864691135739587697
1580,2120,19.409002447318105,0,0,0,864691135274830353,864691136034464443
1107,1140,19.41058020771148,0,0,0,864691135779705021,864691135990134784
17,1878,19.415985166866946,0,0,0,864691135384285931,864691136814345075
1317,1438,19.41842588883044,0,0,0,864691136058023640,864691136177127174
211,2105,19.420283005146942,0,0,0,864691136227297105,864691135325426076
1508,2182,19.42165554220343,0,0,0,864691135954640675,864691136453384959
175,759,19.422156419924136,0,0,0,864691135693735103,864691135773724747
459,1532,19.425714916058983,0,0,0,864691135196475434,864691135977045871
620,1140,19.429093236690118,0,0,0,864691135989943040,864691135990134784
1121,1542,19.429587334784053,0,0,0,864691135339600102,864691135741982868
182,548,19.4296680362789,0,0,0,864691135387753601,864691136488591378
865,966,19.43146479295885,0,0,0,864691135996104618,864691135786943684
173,184,19.43158995038749,0,0,0,864691135279678881,864691135565770007
583,1319,19.431879785548272,0,0,0,864691136052637171,864691136006493898
164,1272,19.432171263139907,0,0,0,864691135384262362,864691135343097029
157,434,19.4332498568819,0,0,0,864691135778290109,864691136311179354
831,1327,19.434542443803473,0,0,0,864691135346975135,864691136195798504
516,1414,19.435688410756104,0,0,0,864691135257669039,864691135309290822
1499,2132,19.439361306380373,0,0,0,864691135389168001,864691134991010426
500,2174,19.445266776262006,0,0,0,864691135801267554,864691136108410329
219,2225,19.44565679014206,0,0,0,864691135162585389,864691136058895576
1257,1780,19.446339706998867,0,0,0,864691135685087474,864691135464671550
208,571,19.44642527561303,0,0,0,864691136363303138,864691135387988609
619,2019,19.448524879794906,0,0,0,864691136619529179,864691135409937097
1539,1838,19.453473520171087,0,0,0,864691135941975974,864691135518173395
587,1807,19.455356897266064,0,0,0,864691135810773452,864691135867984005
142,277,19.45715786028377,0,0,0,864691135927647956,864691135739733140
243,1829,19.459585195990197,0,0,0,864691135584504429,864691135939477508
997,1084,19.46001438848393,0,0,0,864691135491891559,864691135868435734
1505,1918,19.460685291119656,0,0,0,864691136968585678,864691135405626862
1789,1979,19.464840096954223,0,0,0,864691135920776624,864691135409859785
1103,1822,19.465985924170457,0,0,0,864691135347725215,864691136053465587
264,879,19.46605661144544,0,0,0,864691135577956101,864691135271343525
156,741,19.46887896104962,0,0,0,864691135585266808,864691135308295238
1444,1461,19.471061604339873,0,0,0,864691135464928318,864691135277309669
471,2158,19.472588733910037,0,0,0,864691135469753426,864691136968687310
2076,2176,19.473888158249242,0,0,0,864691135738969220,864691136043380566
1564,2157,19.474307176379885,0,0,0,864691136814180211,864691134887444986
1448,1475,19.4754655913537,0,0,0,864691135448256146,864691135124603687
473,1735,19.479014348780627,0,0,0,864691135732377785,864691135115269785
1111,1264,19.48294351477727,0,0,0,864691134949248508,864691136125956134
684,2246,19.48325065280438,0,0,0,864691135591664907,864691135783308368
600,624,19.483874768638735,0,0,0,864691135591725067,864691135569363948
1736,1885,19.484190103773933,0,0,0,864691135751110185,864691135325487004
1240,1540,19.487988505743854,0,0,0,864691135464995134,864691135478400936
927,1353,19.491027679422178,0,0,0,864691135585503864,864691136118346148
495,2173,19.491784525794504,0,0,0,864691135398805281,864691136288604355
1150,1852,19.492677599550074,0,0,0,864691135662825456,864691137056393846
253,2207,19.493549292009362,0,0,0,864691135586240120,864691135732518585
869,1380,19.49539596930517,0,0,0,864691135464946757,864691135388828033
562,1665,19.495440287410815,0,0,0,864691136953958879,864691135928366606
1401,2293,19.495748869945967,0,0,0,864691136275894285,864691135375888840
573,577,19.501210629086565,0,0,0,864691136311267930,864691135868210454
563,2180,19.50368498515087,0,0,0,864691136524089489,864691135492749415
695,1835,19.505136964400002,0,0,0,864691135211568576,864691136118686884
1371,2033,19.520104917750736,0,0,0,864691136211385020,864691136041575422
1591,1698,19.52169336917266,0,0,0,864691135587519868,864691135014966262
767,1291,19.52252442692794,0,0,0,864691136145208372,864691135476793920
616,994,19.539467341767487,0,0,0,864691136523033233,864691135868415766
879,1482,19.55269556864218,0,0,0,864691135271343525,864691135850033758
78,1029,19.555246866250553,0,0,0,864691135545730856,864691135853091015
1827,2053,19.556922457278404,0,0,0,864691136620636045,864691136043508822
1492,1496,19.556955182236287,0,0,0,864691135336847849,864691136196969548
1008,1135,19.561308749672108,0,0,0,864691135977309763,864691135368949241
78,698,19.565509244586526,0,0,0,864691135545730856,864691135569592300
723,2176,19.56700079215001,0,0,0,864691135892202633,864691136043380566
1481,2074,19.569368717462492,0,0,0,864691135102381856,864691134942468707
57,1193,19.570819093742553,0,0,0,864691136974813212,864691136523472529
678,683,19.57094990029867,0,0,0,864691135430290480,864691135782542416
1155,2264,19.57181974165924,0,0,0,864691135755384269,864691135840033171
935,959,19.57201103617094,0,0,0,864691136363161570,864691135948150625
524,1147,19.57736488907535,0,0,0,864691136025333561,864691135210358137
624,980,19.57739921440024,0,0,0,864691135569363948,864691135234582361
1491,2030,19.577438443269347,0,0,0,864691135280944545,864691135977010031
997,1292,19.581130508732027,0,0,0,864691135491891559,864691135583913069
703,1134,19.58130700438563,0,0,0,864691135976063855,864691135490505018
1169,1210,19.581766212474268,0,0,0,864691135817419343,864691135868957462
954,979,19.582562038711888,0,0,0,864691135773240571,864691136042515798
184,1379,19.586197589118616,0,0,0,864691135565770007,864691136967869902
1180,2254,19.59158676575226,0,0,0,864691136927119946,864691135465098653
1330,2142,19.591691300140504,0,0,0,864691136905560754,864691136034487483
160,179,19.592681490801592,0,0,0,864691135429763120,864691135565962775
689,1764,19.592788877543693,0,0,0,864691135990004992,864691135742824555
117,1132,19.60089630603666,0,0,0,864691135271590309,864691135465583685
523,1353,19.601828486138775,0,0,0,864691135356320463,864691136118346148
956,1581,19.601967248212613,0,0,0,864691135591726603,864691135701746978
196,542,19.602803064868088,0,0,0,864691135082074359,864691136117811876
512,1642,19.60362578708337,0,0,0,864691135948215076,864691136421279639
969,1113,19.603795550862024,0,0,0,864691136814508659,864691136489147922
767,1166,19.606537685170185,0,0,0,864691136145208372,864691135455875690
1302,1729,19.608670735161994,0,0,0,864691135388660865,864691135573315053
1140,1794,19.60924231070643,0,0,0,864691135990134784,864691135698211994
973,2195,19.610021927575676,0,0,0,864691135209432185,864691134991067002
966,1565,19.61315476918488,0,0,0,864691135786943684,864691135875460494
446,1798,19.614016212902392,0,0,0,864691136195824204,864691135573191405
1245,1437,19.61620880802406,0,0,0,864691135375361480,864691135343499441
573,1800,19.616352770074226,0,0,0,864691136311267930,864691135562798817
118,1151,19.618624620497716,0,0,0,864691136012173475,864691135389195393
537,1275,19.620242608082005,0,0,0,864691135694189759,864691135939209988
1215,1578,19.624220137371154,0,0,0,864691134886792442,864691135802215266
1147,1516,19.62985644369316,0,0,0,864691135210358137,864691135810492189
421,1423,19.63092417590165,0,0,0,864691135519178378,864691135493079135
1595,2173,19.63237326458529,0,0,0,864691135566966807,864691136288604355
216,1641,19.636193521148673,0,0,0,864691135405700334,864691136438496158
968,1250,19.63620655829429,0,0,0,864691136926764362,864691136742623580
1132,1379,19.638109888683204,0,0,0,864691135465583685,864691136967869902
713,1976,19.638747006873903,0,0,0,864691136274488254,864691136111294392
300,883,19.64093684119974,0,0,0,864691135918528432,864691135816832591
1136,1845,19.64134618604332,0,0,0,864691135395833333,864691135764583990
706,1908,19.642161999128366,0,0,0,864691135503344477,864691135885996912
2285,2298,19.64472285373354,0,0,0,864691135886300016,864691135165079085
707,1777,19.64714167506307,0,0,0,864691135779683261,864691135447979922
155,861,19.64847067840145,0,0,0,864691136925825354,864691136239460668
32,267,19.649100946353606,0,0,0,864691135387690069,864691135616363211
276,1604,19.653946982731036,0,0,0,864691136436788382,864691136927566154
1784,1797,19.654259589208593,0,0,0,864691135493051879,864691135742664043
1601,1729,19.657067940056514,0,0,0,864691136453183487,864691135573315053
1254,1976,19.65947710393129,0,0,0,864691135757040082,864691136111294392
1075,2290,19.6621724130372,0,0,0,864691135448215698,864691135504203357
1356,1541,19.666559638126813,0,0,0,864691136380816597,864691135478429352
258,270,19.668407968109676,0,0,0,864691136724880893,864691136196127208
939,1474,19.669102673991024,0,0,0,864691135594982187,864691135493624415
455,1505,19.671341184576175,0,0,0,864691135970226021,864691136968585678
161,1402,19.676598079952694,0,0,0,864691135994804394,864691135779305405
1476,2020,19.679715445097198,0,0,0,864691136026155577,864691136139027581
1993,2312,19.683414337964784,0,0,0,864691135774179147,864691136111559352
287,312,19.684038610000712,0,0,0,864691135013667062,864691135947873377
464,838,19.6859113073284,0,0,0,864691135498973715,864691135572576237
196,284,19.686242912247106,0,0,0,864691135082074359,864691135492274791
1740,1748,19.686335565564264,0,0,0,864691135465900101,864691136523971473
702,714,19.68747175236073,0,0,0,864691134966025503,864691136742244188
1194,2291,19.689396130912726,0,0,0,864691135398243105,864691135811658700
735,1333,19.69058577087034,0,0,0,864691135473540914,864691135448212882
248,310,19.692932336247,0,0,0,864691136424990255,864691134885645050
1401,1651,19.698488876053435,0,0,0,864691136275894285,864691137056345206
1340,2134,19.69989888298915,0,0,0,864691135492991839,864691135756075981
671,1588,19.704233859757146,0,0,0,864691135417313722,864691135885921648
673,2098,19.70966382260235,0,0,0,864691136991359893,864691136954019039
738,1331,19.710495072422752,0,0,0,864691135583277677,864691135293678006
1067,1354,19.711227257580962,0,0,0,864691136579217172,864691136991901845
624,1354,19.71150648732861,0,0,0,864691135569363948,864691136991901845
1006,1108,19.712785698627176,0,0,0,864691135527555163,864691136445557123
227,2266,19.712961015534933,0,0,0,864691135561699041,864691135060882843
453,619,19.714261233939315,0,0,0,864691136389679223,864691136619529179
956,2216,19.714701113636018,0,0,0,864691135591726603,864691136314457149
1511,1512,19.71701234974503,0,0,0,864691136925094628,864691135493149927
200,1253,19.718649852360553,0,0,0,864691136330101226,864691135878061395
738,2017,19.719519669606537,0,0,0,864691135583277677,864691135570301676
743,1792,19.72239336388966,0,0,0,864691135739689073,864691135779629245
534,546,19.72480266060984,0,0,0,864691136275807757,864691136452543231
548,616,19.72551646979107,0,0,0,864691136488591378,864691136523033233
1232,2137,19.727474445554318,0,0,0,864691135866576604,864691136108462553
708,2252,19.727532841184157,0,0,0,864691135727907391,864691134887552506
187,1068,19.728519052376942,0,0,0,864691135660772080,864691135738953860
1542,2218,19.73636319082123,0,0,0,864691135741982868,864691136381346005
1129,1837,19.73796342077884,0,0,0,864691135465571653,864691136177632518
753,938,19.741524966425455,0,0,0,864691135868951574,864691135615661771
1481,1963,19.742268967877056,0,0,0,864691135102381856,864691135210134905
727,2256,19.743612638015406,0,0,0,864691135741963627,864691135215381304
289,1373,19.745311544769276,0,0,0,864691136419760791,864691135952122147
1288,1990,19.745970728227025,0,0,0,864691135577221406,864691135409856969
807,1741,19.746763177796964,0,0,0,864691135742102635,864691136954028511
1488,1844,19.747040284559098,0,0,0,864691135717271834,864691135294361782
1824,2204,19.747242845521445,0,0,0,864691136091532855,864691136438529438
558,2200,19.749684756977718,0,0,0,864691135398817569,864691135741874836
517,1439,19.751648437535568,0,0,0,864691135778811325,864691136665051614
1336,1724,19.755537957747435,0,0,0,864691135014600950,864691135702887291
1502,2287,19.758600760175245,0,0,0,864691135214977920,864691135465100189
700,1233,19.762314034545646,0,0,0,864691135157198692,864691136196202472
949,1284,19.76868634988169,0,0,0,864691135014681590,864691136274712254
1245,1552,19.768982573718898,0,0,0,864691135375361480,864691136274933950
729,1151,19.76942932914348,0,0,0,864691135060094107,864691135389195393
1595,1854,19.76942932914354,0,0,0,864691135566966807,864691136138583677
617,1437,19.77074363801223,0,0,0,864691135430131760,864691135343499441
956,1831,19.773106584449508,0,0,0,864691135591726603,864691135448698196
481,982,19.773114676246642,0,0,0,864691136120038424,864691135566274391
2101,2269,19.774386665583314,0,0,0,864691136580010516,864691135258642863
685,1799,19.774590564661487,0,0,0,864691136438469534,864691136138779517
274,2167,19.779082284069673,0,0,0,864691135323181212,864691136086632812
1082,1853,19.7794187983369,0,0,0,864691135646017007,864691135339982310
1190,1215,19.77998827097736,0,0,0,864691135764062006,864691134886792442
213,2188,19.78216732312215,0,0,0,864691134941063523,864691135619865231
1044,1609,19.784711673410825,0,0,0,864691135885406064,864691136211175612
1274,1735,19.786743036690076,0,0,0,864691135592276491,864691135115269785
596,2146,19.787066482932723,0,0,0,864691136579193108,864691135343923633
914,1400,19.788049727044825,0,0,0,864691136380266965,864691135698016410
714,1807,19.78837800326246,0,0,0,864691136742244188,864691135867984005
173,997,19.788843725695575,0,0,0,864691135279678881,864691135491891559
951,1471,19.790907002964747,0,0,0,864691135447312274,864691135646493679
623,2023,19.791400152591535,0,0,0,864691135760050254,864691135587758716
1073,1475,19.79675933075919,0,0,0,864691135662802416,864691135124603687
1987,2155,19.799397162540018,0,0,0,864691136026013497,864691136331214058
1855,2072,19.800425045942944,0,0,0,864691135742609771,864691135102390816
438,532,19.800504236003665,0,0,0,864691136596060322,864691136619828877
1158,1541,19.80290726130886,0,0,0,864691135398868257,864691135478429352
1856,2180,19.80442132454271,0,0,0,864691135562780385,864691135492749415
551,2312,19.80518881505545,0,0,0,864691135271038885,864691136111559352
1156,1893,19.805455410063125,0,0,0,864691135342823877,864691135431616048
1179,1793,19.805809248803673,0,0,0,864691135993615041,864691135702946683
567,706,19.806326262081125,0,0,0,864691135271077541,864691135503344477
590,1540,19.806877189501595,0,0,0,864691135694406335,864691135478400936
1473,2017,19.807560576709058,0,0,0,864691135295165196,864691135570301676
118,1464,19.80942805837669,0,0,0,864691136012173475,864691135928395278
56,1854,19.813248093132056,0,0,0,864691135492613471,864691136138583677
563,1961,19.81376329726388,0,0,0,864691136524089489,864691136664950750
2161,2232,19.814553035584726,0,0,0,864691136373008520,864691136314491965
1116,1591,19.818575529033435,0,0,0,864691134949263100,864691135587519868
1592,1603,19.819247210729234,0,0,0,864691135294187190,864691136905758130
1219,1553,19.820642169213464,0,0,0,864691135839499155,864691135852637127
521,1398,19.821941781772985,0,0,0,864691135778815421,864691135587371132
1642,2207,19.822346985158028,0,0,0,864691136421279639,864691135732518585
263,1473,19.82446004308817,0,0,0,864691136488999186,864691135295165196
558,2060,19.824472956424348,0,0,0,864691135398817569,864691135528193883
578,1168,19.82606123263017,0,0,0,864691135447582354,864691135727278655
429,599,19.826479263853233,0,0,0,864691135773074683,864691135725838763
1115,1240,19.827300774437276,0,0,0,864691136010068652,864691135464995134
511,924,19.828346577564105,0,0,0,864691135067448132,864691135919749808
1145,1835,19.829287430465207,0,0,0,864691135941435393,864691136118686884
785,2064,19.831109298271752,0,0,0,864691135155894884,864691135577749022
1193,2261,19.83112704815339,0,0,0,864691136523472529,864691135499964947
974,2314,19.83197256956561,0,0,0,864691135760106830,864691135480916422
974,1232,19.832890661726537,0,0,0,864691135760106830,864691135866576604
1358,1778,19.834224965952178,0,0,0,864691136118359716,864691135866751870
1640,1829,19.844039911268137,0,0,0,864691136011686318,864691135939477508
977,1319,19.846542469659536,0,0,0,864691135939017525,864691136006493898
1235,1464,19.846813346227655,0,0,0,864691135388368001,864691135928395278
1564,1918,19.84786940706735,0,0,0,864691136814180211,864691135405626862
1501,1660,19.851146868632057,0,0,0,864691135656578242,864691135701629474
1082,1606,19.85264758161997,0,0,0,864691135646017007,864691136675427975
715,2137,19.854473752784283,0,0,0,864691136523081105,864691136108462553
977,2299,19.856979830779867,0,0,0,864691135939017525,864691136239980604
616,1260,19.857039457079136,0,0,0,864691136523033233,864691135473954354
519,2306,19.862600031214466,0,0,0,864691136389921911,864691135743102827
676,2169,19.863012460349523,0,0,0,864691134941495395,864691135739587697
567,2075,19.864412400068588,0,0,0,864691135271077541,864691135573327085
993,1198,19.86474746882027,0,0,0,864691135430186032,864691136927176778
702,1447,19.86548041201116,0,0,0,864691134966025503,864691136026254649
524,1261,19.8654820228456,0,0,0,864691136025333561,864691135773694795
2154,2210,19.86608768731272,0,0,0,864691136196979020,864691136336107187
137,1423,19.86628098059619,0,0,0,864691136904366770,864691135493079135
1821,2282,19.866878567102553,0,0,0,864691135727799359,864691136111556792
1338,1732,19.869901660551832,0,0,0,864691136392254847,864691135656579010
768,982,19.870428279229458,0,0,0,864691135417827770,864691135566274391
879,1797,19.87062314070704,0,0,0,864691135271343525,864691135742664043
472,475,19.87272301422226,0,0,0,864691135764890678,864691137021264750
1191,1534,19.874384720035994,0,0,0,864691136010928046,864691135115058329
194,1520,19.878866768505716,0,0,0,864691135954940424,864691135567059223
356,370,19.883101568920313,0,0,0,864691135502873666,864691134948788476
528,1978,19.887246968849144,0,0,0,864691135948010081,864691135659857026
79,751,19.890131824600843,0,0,0,864691135809375005,864691135646353391
522,1174,19.89103757977441,0,0,0,864691135014246390,864691136967985870
569,684,19.892807142281292,0,0,0,864691135694264511,864691135591664907
1461,1483,19.89377390039408,0,0,0,864691135277309669,864691136968542926
780,839,19.89419855133653,0,0,0,864691135739008132,864691136445215875
1131,1160,19.894763130029915,0,0,0,864691135742365803,864691136579434260
199,869,19.895972657801835,0,0,0,864691136052101363,864691135464946757
883,2096,19.90285688035766,0,0,0,864691135816832591,864691136619643867
595,2080,19.90361575191803,0,0,0,864691135757002450,864691134950156796
527,1423,19.907113904330714,0,0,0,864691135885298544,864691135493079135
560,721,19.9102755380231,0,0,0,864691136288598467,864691135738995588
1109,1405,19.910584120010107,0,0,0,864691135476495936,864691135584019053
2089,2281,19.91060983495988,0,0,0,864691136034412219,864691135577816862
1163,1974,19.914404033261913,0,0,0,864691135742247787,864691136111294648
1319,1401,19.91922890073817,0,0,0,864691136006493898,864691136275894285
511,2146,19.920573485720727,0,0,0,864691135067448132,864691135343923633
460,2172,19.920893152667666,0,0,0,864691135562842337,864691135757092306
693,1579,19.924568150903507,0,0,0,864691136052688115,864691135511486985
772,1161,19.926162902074168,0,0,0,864691136086206316,864691135763975990
806,2108,19.92909029534464,0,0,0,864691135510593289,864691135215254584
672,2250,19.935929373871772,0,0,0,864691136674327431,864691135493686111
968,1309,19.936179774470343,0,0,0,864691136926764362,864691135939462453
1630,2019,19.938086568174004,0,0,0,864691135577574430,864691135409937097
1096,1406,19.94100900155249,0,0,0,864691135470154834,864691135750642473
721,1312,19.941418204330326,0,0,0,864691135738995588,864691136335553971
822,2204,19.94301642179536,0,0,0,864691136914445809,864691136438529438
58,177,19.944351380779597,0,0,0,864691135137137433,864691136925029092
631,1227,19.94528355276014,0,0,0,864691135773731403,864691135503350082
492,2176,19.947362732953003,0,0,0,864691136058646488,864691136043380566
1505,2167,19.948748732689907,0,0,0,864691136968585678,864691136086632812
767,770,19.94969032341098,0,0,0,864691136145208372,864691136742708828
1221,1612,19.954291768940333,0,0,0,864691135777789357,864691135774368763
223,1317,19.956780501874565,0,0,0,864691135809456669,864691136058023640
2174,2277,19.963512316223266,0,0,0,864691136108410329,864691136331249642
1454,1832,19.964820259646704,0,0,0,864691135866947804,864691135343818161
839,1630,19.96857851726058,0,0,0,864691136445215875,864691135577574430
2089,2228,19.973646637507162,0,0,0,864691136034412219,864691136968773070
1378,1569,19.97466555414637,0,0,0,864691135779297981,864691136579629844
1035,1392,19.978875243616674,0,0,0,864691135947629348,864691135157619556
438,594,19.97890887911545,0,0,0,864691136596060322,864691135014256630
1607,2120,19.983585263910978,0,0,0,864691135209947769,864691136034464443
506,970,19.98607034912057,0,0,0,864691135782156880,864691135919956656
1645,2080,19.992094437552097,0,0,0,864691134919972106,864691134950156796
987,1355,19.992204880903017,0,0,0,864691135778465376,864691135183693826
446,2085,19.997113391687265,0,0,0,864691136195824204,864691135496381840
1504,1873,19.99989759973784,0,0,0,864691135784960307,864691136312150874
